{"name":"Peru","isoCode":"PE","lat":-10,"lon":-76,"geocoding":{},"distantMaxMiles":5,"states":{"Amazonas":{"countryName":"Peru","name":"Amazonas","isoCode":"AMA","geocoding":{},"distantMaxMiles":5,"cities":{"Bagua Grande":{"countryName":"Peru","stateName":"Amazonas","name":"Bagua Grande","lat":-5.75611,"lon":-78.44111,"geocoding":{},"distantMaxMiles":5},"Cajaruro":{"countryName":"Peru","stateName":"Amazonas","name":"Cajaruro","lat":-5.73639,"lon":-78.42556,"geocoding":{},"distantMaxMiles":5},"Chachapoyas":{"countryName":"Peru","stateName":"Amazonas","name":"Chachapoyas","lat":-6.23169,"lon":-77.86903,"geocoding":{},"distantMaxMiles":5},"Condorcanqui":{"countryName":"Peru","stateName":"Amazonas","name":"Condorcanqui","lat":-4.16515,"lon":-78.0384,"geocoding":{},"distantMaxMiles":5},"La Peca":{"countryName":"Peru","stateName":"Amazonas","name":"La Peca","lat":-5.61111,"lon":-78.435,"geocoding":{},"distantMaxMiles":5},"Provincia de Bagua":{"countryName":"Peru","stateName":"Amazonas","name":"Provincia de Bagua","lat":-5.09006,"lon":-78.39972,"geocoding":{},"distantMaxMiles":5},"Provincia de Bongará":{"countryName":"Peru","stateName":"Amazonas","name":"Provincia de Bongará","lat":-5.68341,"lon":-77.87308,"geocoding":{},"distantMaxMiles":5},"Provincia de Chachapoyas":{"countryName":"Peru","stateName":"Amazonas","name":"Provincia de Chachapoyas","lat":-6.2748,"lon":-77.81067,"geocoding":{},"distantMaxMiles":5},"Provincia de Luya":{"countryName":"Peru","stateName":"Amazonas","name":"Provincia de Luya","lat":-6.41667,"lon":-78,"geocoding":{},"distantMaxMiles":5},"Provincia de Rodríguez de Mendoza":{"countryName":"Peru","stateName":"Amazonas","name":"Provincia de Rodríguez de Mendoza","lat":-6.33333,"lon":-77.41667,"geocoding":{},"distantMaxMiles":5},"Utcubamba":{"countryName":"Peru","stateName":"Amazonas","name":"Utcubamba","lat":-5.77031,"lon":-78.3285,"geocoding":{},"distantMaxMiles":5}}},"Apurímac":{"countryName":"Peru","name":"Apurímac","isoCode":"APU","lat":-14.0504533,"lon":-73.087749,"geocoding":{},"distantMaxMiles":5,"cities":{"Abancay":{"countryName":"Peru","stateName":"Apurímac","name":"Abancay","lat":-13.63389,"lon":-72.88139,"geocoding":{},"distantMaxMiles":5},"Andahuaylas":{"countryName":"Peru","stateName":"Apurímac","name":"Andahuaylas","lat":-13.65556,"lon":-73.38722,"geocoding":{},"distantMaxMiles":5},"Provincia de Abancay":{"countryName":"Peru","stateName":"Apurímac","name":"Provincia de Abancay","lat":-13.66667,"lon":-72.91667,"geocoding":{},"distantMaxMiles":5},"Provincia de Andahuaylas":{"countryName":"Peru","stateName":"Apurímac","name":"Provincia de Andahuaylas","lat":-13.66667,"lon":-73.41667,"geocoding":{},"distantMaxMiles":5},"Provincia de Antabamba":{"countryName":"Peru","stateName":"Apurímac","name":"Provincia de Antabamba","lat":-14.41667,"lon":-72.75,"geocoding":{},"distantMaxMiles":5},"Provincia de Aymaraes":{"countryName":"Peru","stateName":"Apurímac","name":"Provincia de Aymaraes","lat":-14.41667,"lon":-73.25,"geocoding":{},"distantMaxMiles":5},"Provincia de Cotabambas":{"countryName":"Peru","stateName":"Apurímac","name":"Provincia de Cotabambas","lat":-14,"lon":-72.2,"geocoding":{},"distantMaxMiles":5},"Provincia de Grau":{"countryName":"Peru","stateName":"Apurímac","name":"Provincia de Grau","lat":-14,"lon":-72.58333,"geocoding":{},"distantMaxMiles":5},"San Jerónimo":{"countryName":"Peru","stateName":"Apurímac","name":"San Jerónimo","lat":-13.65138,"lon":-73.36388,"geocoding":{},"distantMaxMiles":5},"Talavera":{"countryName":"Peru","stateName":"Apurímac","name":"Talavera","lat":-13.65306,"lon":-73.42917,"geocoding":{},"distantMaxMiles":5}}},"Arequipa":{"countryName":"Peru","name":"Arequipa","isoCode":"ARE","lat":-16.4090474,"lon":-71.537451,"geocoding":{},"distantMaxMiles":5,"cities":{"Acarí":{"countryName":"Peru","stateName":"Arequipa","name":"Acarí","lat":-15.42393,"lon":-74.61361,"geocoding":{},"distantMaxMiles":5},"Arequipa":{"countryName":"Peru","stateName":"Arequipa","name":"Arequipa","lat":-16.39889,"lon":-71.535,"geocoding":{},"distantMaxMiles":5},"Camaná":{"countryName":"Peru","stateName":"Arequipa","name":"Camaná","lat":-16.62375,"lon":-72.71055,"geocoding":{},"distantMaxMiles":5},"Ccolo":{"countryName":"Peru","stateName":"Arequipa","name":"Ccolo","lat":-15.50611,"lon":-71.49184,"geocoding":{},"distantMaxMiles":5},"Chivay":{"countryName":"Peru","stateName":"Arequipa","name":"Chivay","lat":-15.63833,"lon":-71.60111,"geocoding":{},"distantMaxMiles":5},"Cocachacra":{"countryName":"Peru","stateName":"Arequipa","name":"Cocachacra","lat":-17.08833,"lon":-71.7575,"geocoding":{},"distantMaxMiles":5},"Cotahuasi":{"countryName":"Peru","stateName":"Arequipa","name":"Cotahuasi","lat":-15.21306,"lon":-72.88861,"geocoding":{},"distantMaxMiles":5},"Huarancante":{"countryName":"Peru","stateName":"Arequipa","name":"Huarancante","lat":-15.76803,"lon":-71.45952,"geocoding":{},"distantMaxMiles":5},"Huarichancara":{"countryName":"Peru","stateName":"Arequipa","name":"Huarichancara","lat":-15.63972,"lon":-71.06111,"geocoding":{},"distantMaxMiles":5},"Jatun Orcochiri":{"countryName":"Peru","stateName":"Arequipa","name":"Jatun Orcochiri","lat":-15.75003,"lon":-71.34641,"geocoding":{},"distantMaxMiles":5},"Jayune":{"countryName":"Peru","stateName":"Arequipa","name":"Jayune","lat":-15.56277,"lon":-71.30312,"geocoding":{},"distantMaxMiles":5},"Llongasora":{"countryName":"Peru","stateName":"Arequipa","name":"Llongasora","lat":-15.63951,"lon":-71.29921,"geocoding":{},"distantMaxMiles":5},"Lluta":{"countryName":"Peru","stateName":"Arequipa","name":"Lluta","lat":-16.01472,"lon":-72.01417,"geocoding":{},"distantMaxMiles":5},"Mollendo":{"countryName":"Peru","stateName":"Arequipa","name":"Mollendo","lat":-17.02306,"lon":-72.01472,"geocoding":{},"distantMaxMiles":5},"Orcopampa":{"countryName":"Peru","stateName":"Arequipa","name":"Orcopampa","lat":-15.26611,"lon":-72.34167,"geocoding":{},"distantMaxMiles":5},"Provincia de Arequipa":{"countryName":"Peru","stateName":"Arequipa","name":"Provincia de Arequipa","lat":-16.33333,"lon":-71.5,"geocoding":{},"distantMaxMiles":5},"Provincia de Camaná":{"countryName":"Peru","stateName":"Arequipa","name":"Provincia de Camaná","lat":-16.41667,"lon":-72.83333,"geocoding":{},"distantMaxMiles":5},"Provincia de Caravelí":{"countryName":"Peru","stateName":"Arequipa","name":"Provincia de Caravelí","lat":-15.58333,"lon":-74,"geocoding":{},"distantMaxMiles":5},"Provincia de Castilla":{"countryName":"Peru","stateName":"Arequipa","name":"Provincia de Castilla","lat":-15.58333,"lon":-72.41667,"geocoding":{},"distantMaxMiles":5},"Provincia de Caylloma":{"countryName":"Peru","stateName":"Arequipa","name":"Provincia de Caylloma","lat":-15.66667,"lon":-71.58333,"geocoding":{},"distantMaxMiles":5},"Provincia de Condesuyos":{"countryName":"Peru","stateName":"Arequipa","name":"Provincia de Condesuyos","lat":-15.58333,"lon":-72.83333,"geocoding":{},"distantMaxMiles":5},"Provincia de Islay":{"countryName":"Peru","stateName":"Arequipa","name":"Provincia de Islay","lat":-17,"lon":-71.83333,"geocoding":{},"distantMaxMiles":5},"Provincia de La Unión":{"countryName":"Peru","stateName":"Arequipa","name":"Provincia de La Unión","lat":-15,"lon":-72.83333,"geocoding":{},"distantMaxMiles":5},"Pucara":{"countryName":"Peru","stateName":"Arequipa","name":"Pucara","lat":-15.97993,"lon":-71.45988,"geocoding":{},"distantMaxMiles":5},"Punta de Bombón":{"countryName":"Peru","stateName":"Arequipa","name":"Punta de Bombón","lat":-17.1719,"lon":-71.7924,"geocoding":{},"distantMaxMiles":5},"Vizcachane":{"countryName":"Peru","stateName":"Arequipa","name":"Vizcachane","lat":-15.80861,"lon":-71.20111,"geocoding":{},"distantMaxMiles":5},"Yura":{"countryName":"Peru","stateName":"Arequipa","name":"Yura","lat":-16.25223,"lon":-71.67969,"geocoding":{},"distantMaxMiles":5}}},"Ayacucho":{"countryName":"Peru","name":"Ayacucho","isoCode":"AYA","lat":-13.1638737,"lon":-74.2235641,"geocoding":{},"distantMaxMiles":5,"cities":{"Ayacucho":{"countryName":"Peru","stateName":"Ayacucho","name":"Ayacucho","lat":-13.15878,"lon":-74.22321,"geocoding":{},"distantMaxMiles":5},"Ayna":{"countryName":"Peru","stateName":"Ayacucho","name":"Ayna","lat":-12.65,"lon":-73.91667,"geocoding":{},"distantMaxMiles":5},"Coracora":{"countryName":"Peru","stateName":"Ayacucho","name":"Coracora","lat":-15.03333,"lon":-73.78333,"geocoding":{},"distantMaxMiles":5},"Huanta":{"countryName":"Peru","stateName":"Ayacucho","name":"Huanta","lat":-12.93333,"lon":-74.25,"geocoding":{},"distantMaxMiles":5},"Paucar Del Sara Sara":{"countryName":"Peru","stateName":"Ayacucho","name":"Paucar Del Sara Sara","lat":-15.12275,"lon":-73.26177,"geocoding":{},"distantMaxMiles":5},"Provincia de Cangallo":{"countryName":"Peru","stateName":"Ayacucho","name":"Provincia de Cangallo","lat":-13.573,"lon":-74.389,"geocoding":{},"distantMaxMiles":5},"Provincia de Huamanga":{"countryName":"Peru","stateName":"Ayacucho","name":"Provincia de Huamanga","lat":-13.2,"lon":-74.25,"geocoding":{},"distantMaxMiles":5},"Provincia de Huanca Sancos":{"countryName":"Peru","stateName":"Ayacucho","name":"Provincia de Huanca Sancos","lat":-14.076,"lon":-74.428,"geocoding":{},"distantMaxMiles":5},"Provincia de Huanta":{"countryName":"Peru","stateName":"Ayacucho","name":"Provincia de Huanta","lat":-12.5,"lon":-74.16667,"geocoding":{},"distantMaxMiles":5},"Provincia de La Mar":{"countryName":"Peru","stateName":"Ayacucho","name":"Provincia de La Mar","lat":-12.91667,"lon":-73.83333,"geocoding":{},"distantMaxMiles":5},"Provincia de Lucanas":{"countryName":"Peru","stateName":"Ayacucho","name":"Provincia de Lucanas","lat":-14.5,"lon":-74.33333,"geocoding":{},"distantMaxMiles":5},"Provincia de Parinacochas":{"countryName":"Peru","stateName":"Ayacucho","name":"Provincia de Parinacochas","lat":-15.02965,"lon":-73.63487,"geocoding":{},"distantMaxMiles":5},"Provincia de Sucre":{"countryName":"Peru","stateName":"Ayacucho","name":"Provincia de Sucre","lat":-14.103,"lon":-73.786,"geocoding":{},"distantMaxMiles":5},"Provincia de Vilcas Huamán":{"countryName":"Peru","stateName":"Ayacucho","name":"Provincia de Vilcas Huamán","lat":-13.632,"lon":-73.888,"geocoding":{},"distantMaxMiles":5},"Provincia de Víctor Fajardo":{"countryName":"Peru","stateName":"Ayacucho","name":"Provincia de Víctor Fajardo","lat":-13.75,"lon":-74.33333,"geocoding":{},"distantMaxMiles":5},"Puquio":{"countryName":"Peru","stateName":"Ayacucho","name":"Puquio","lat":-14.7,"lon":-74.13333,"geocoding":{},"distantMaxMiles":5},"San Miguel":{"countryName":"Peru","stateName":"Ayacucho","name":"San Miguel","lat":-13.0125,"lon":-73.98083,"geocoding":{},"distantMaxMiles":5},"Tambo":{"countryName":"Peru","stateName":"Ayacucho","name":"Tambo","lat":-14.79847,"lon":-73.92438,"geocoding":{},"distantMaxMiles":5}}},"Cajamarca":{"countryName":"Peru","name":"Cajamarca","isoCode":"CAJ","lat":-7.1617465,"lon":-78.5127855,"geocoding":{},"distantMaxMiles":5,"cities":{"Bambamarca":{"countryName":"Peru","stateName":"Cajamarca","name":"Bambamarca","lat":-6.68333,"lon":-78.53333,"geocoding":{},"distantMaxMiles":5},"Bellavista":{"countryName":"Peru","stateName":"Cajamarca","name":"Bellavista","lat":-5.66417,"lon":-78.67722,"geocoding":{},"distantMaxMiles":5},"Cajabamba":{"countryName":"Peru","stateName":"Cajamarca","name":"Cajabamba","lat":-7.61667,"lon":-78.05,"geocoding":{},"distantMaxMiles":5},"Cajamarca":{"countryName":"Peru","stateName":"Cajamarca","name":"Cajamarca","lat":-7.16378,"lon":-78.50027,"geocoding":{},"distantMaxMiles":5},"Celendín":{"countryName":"Peru","stateName":"Cajamarca","name":"Celendín","lat":-6.8659,"lon":-78.14585,"geocoding":{},"distantMaxMiles":5},"Chota":{"countryName":"Peru","stateName":"Cajamarca","name":"Chota","lat":-6.55,"lon":-78.65,"geocoding":{},"distantMaxMiles":5},"Jaén":{"countryName":"Peru","stateName":"Cajamarca","name":"Jaén","lat":-5.70729,"lon":-78.80785,"geocoding":{},"distantMaxMiles":5},"Provincia de Cajabamba":{"countryName":"Peru","stateName":"Cajamarca","name":"Provincia de Cajabamba","lat":-7.5,"lon":-78.16667,"geocoding":{},"distantMaxMiles":5},"Provincia de Cajamarca":{"countryName":"Peru","stateName":"Cajamarca","name":"Provincia de Cajamarca","lat":-7.33333,"lon":-78.41667,"geocoding":{},"distantMaxMiles":5},"Provincia de Celendín":{"countryName":"Peru","stateName":"Cajamarca","name":"Provincia de Celendín","lat":-6.83333,"lon":-78.25,"geocoding":{},"distantMaxMiles":5},"Provincia de Chota":{"countryName":"Peru","stateName":"Cajamarca","name":"Provincia de Chota","lat":-6.38332,"lon":-79.18055,"geocoding":{},"distantMaxMiles":5},"Provincia de Contumazá":{"countryName":"Peru","stateName":"Cajamarca","name":"Provincia de Contumazá","lat":-7.33333,"lon":-78.91667,"geocoding":{},"distantMaxMiles":5},"Provincia de Cutervo":{"countryName":"Peru","stateName":"Cajamarca","name":"Provincia de Cutervo","lat":-6.36667,"lon":-78.85,"geocoding":{},"distantMaxMiles":5},"Provincia de Hualgayoc":{"countryName":"Peru","stateName":"Cajamarca","name":"Provincia de Hualgayoc","lat":-6.68,"lon":-78.53,"geocoding":{},"distantMaxMiles":5},"Provincia de Jaén":{"countryName":"Peru","stateName":"Cajamarca","name":"Provincia de Jaén","lat":-5.71074,"lon":-79.00438,"geocoding":{},"distantMaxMiles":5},"Provincia de San Ignacio":{"countryName":"Peru","stateName":"Cajamarca","name":"Provincia de San Ignacio","lat":-5.08333,"lon":-79,"geocoding":{},"distantMaxMiles":5},"Provincia de San Miguel":{"countryName":"Peru","stateName":"Cajamarca","name":"Provincia de San Miguel","lat":-7,"lon":-79,"geocoding":{},"distantMaxMiles":5},"Provincia de Santa Cruz":{"countryName":"Peru","stateName":"Cajamarca","name":"Provincia de Santa Cruz","lat":-6.83333,"lon":-79,"geocoding":{},"distantMaxMiles":5},"San Ignacio":{"countryName":"Peru","stateName":"Cajamarca","name":"San Ignacio","lat":-5.14583,"lon":-79.00139,"geocoding":{},"distantMaxMiles":5}}},"Callao":{"countryName":"Peru","name":"Callao","isoCode":"CAL","lat":-12.0508491,"lon":-77.1259843,"geocoding":{},"distantMaxMiles":5,"cities":{"Callao":{"countryName":"Peru","stateName":"Callao","name":"Callao","lat":-12.05659,"lon":-77.11814,"geocoding":{},"distantMaxMiles":5}}},"Cusco":{"countryName":"Peru","name":"Cusco","isoCode":"CUS","lat":-13.53195,"lon":-71.9674626,"geocoding":{},"distantMaxMiles":5,"cities":{"Anta":{"countryName":"Peru","stateName":"Cusco","name":"Anta","lat":-13.47056,"lon":-72.14833,"geocoding":{},"distantMaxMiles":5},"Cahuanuyo":{"countryName":"Peru","stateName":"Cusco","name":"Cahuanuyo","lat":-14.34147,"lon":-71.46311,"geocoding":{},"distantMaxMiles":5},"Calca":{"countryName":"Peru","stateName":"Cusco","name":"Calca","lat":-13.33333,"lon":-71.95,"geocoding":{},"distantMaxMiles":5},"Callanca":{"countryName":"Peru","stateName":"Cusco","name":"Callanca","lat":-14.18137,"lon":-71.1407,"geocoding":{},"distantMaxMiles":5},"Ccaquiracunca":{"countryName":"Peru","stateName":"Cusco","name":"Ccaquiracunca","lat":-14.27683,"lon":-71.45026,"geocoding":{},"distantMaxMiles":5},"Ccuntuma":{"countryName":"Peru","stateName":"Cusco","name":"Ccuntuma","lat":-14.1254,"lon":-71.41216,"geocoding":{},"distantMaxMiles":5},"Checacupe":{"countryName":"Peru","stateName":"Cusco","name":"Checacupe","lat":-14.02694,"lon":-71.45278,"geocoding":{},"distantMaxMiles":5},"Checca":{"countryName":"Peru","stateName":"Cusco","name":"Checca","lat":-14.47278,"lon":-71.39389,"geocoding":{},"distantMaxMiles":5},"Chignayhua":{"countryName":"Peru","stateName":"Cusco","name":"Chignayhua","lat":-14.2461,"lon":-71.44442,"geocoding":{},"distantMaxMiles":5},"Chinchero":{"countryName":"Peru","stateName":"Cusco","name":"Chinchero","lat":-13.39222,"lon":-72.04778,"geocoding":{},"distantMaxMiles":5},"Combapata":{"countryName":"Peru","stateName":"Cusco","name":"Combapata","lat":-14.10111,"lon":-71.42944,"geocoding":{},"distantMaxMiles":5},"Conchopata":{"countryName":"Peru","stateName":"Cusco","name":"Conchopata","lat":-14.46968,"lon":-71.19843,"geocoding":{},"distantMaxMiles":5},"Cullcuyre":{"countryName":"Peru","stateName":"Cusco","name":"Cullcuyre","lat":-14.09272,"lon":-71.33119,"geocoding":{},"distantMaxMiles":5},"Cusco":{"countryName":"Peru","stateName":"Cusco","name":"Cusco","lat":-13.52264,"lon":-71.96734,"geocoding":{},"distantMaxMiles":5},"Huayna Alcalde":{"countryName":"Peru","stateName":"Cusco","name":"Huayna Alcalde","lat":-14.26989,"lon":-71.09599,"geocoding":{},"distantMaxMiles":5},"Jayobamba":{"countryName":"Peru","stateName":"Cusco","name":"Jayobamba","lat":-14.09425,"lon":-71.33922,"geocoding":{},"distantMaxMiles":5},"Langui":{"countryName":"Peru","stateName":"Cusco","name":"Langui","lat":-14.43194,"lon":-71.27306,"geocoding":{},"distantMaxMiles":5},"Layo":{"countryName":"Peru","stateName":"Cusco","name":"Layo","lat":-14.49361,"lon":-71.155,"geocoding":{},"distantMaxMiles":5},"Lima Pampa":{"countryName":"Peru","stateName":"Cusco","name":"Lima Pampa","lat":-14.08976,"lon":-71.33664,"geocoding":{},"distantMaxMiles":5},"Maranganí":{"countryName":"Peru","stateName":"Cusco","name":"Maranganí","lat":-14.35672,"lon":-71.16924,"geocoding":{},"distantMaxMiles":5},"Maras":{"countryName":"Peru","stateName":"Cusco","name":"Maras","lat":-13.335,"lon":-72.15667,"geocoding":{},"distantMaxMiles":5},"Mosoc Cancha":{"countryName":"Peru","stateName":"Cusco","name":"Mosoc Cancha","lat":-14.28514,"lon":-71.08773,"geocoding":{},"distantMaxMiles":5},"Mosoc Llacta":{"countryName":"Peru","stateName":"Cusco","name":"Mosoc Llacta","lat":-14.12,"lon":-71.47278,"geocoding":{},"distantMaxMiles":5},"Ollantaytambo":{"countryName":"Peru","stateName":"Cusco","name":"Ollantaytambo","lat":-13.25722,"lon":-72.26306,"geocoding":{},"distantMaxMiles":5},"Oropesa":{"countryName":"Peru","stateName":"Cusco","name":"Oropesa","lat":-13.59278,"lon":-71.77194,"geocoding":{},"distantMaxMiles":5},"Pampamarca":{"countryName":"Peru","stateName":"Cusco","name":"Pampamarca","lat":-14.14639,"lon":-71.45944,"geocoding":{},"distantMaxMiles":5},"Pangoa":{"countryName":"Peru","stateName":"Cusco","name":"Pangoa","lat":-12.11667,"lon":-73,"geocoding":{},"distantMaxMiles":5},"Paucartambo":{"countryName":"Peru","stateName":"Cusco","name":"Paucartambo","lat":-13.31522,"lon":-71.59364,"geocoding":{},"distantMaxMiles":5},"Pisac":{"countryName":"Peru","stateName":"Cusco","name":"Pisac","lat":-13.4225,"lon":-71.84667,"geocoding":{},"distantMaxMiles":5},"Provincia de Acomayo":{"countryName":"Peru","stateName":"Cusco","name":"Provincia de Acomayo","lat":-13.91667,"lon":-71.66667,"geocoding":{},"distantMaxMiles":5},"Provincia de Anta":{"countryName":"Peru","stateName":"Cusco","name":"Provincia de Anta","lat":-13.5,"lon":-72.33333,"geocoding":{},"distantMaxMiles":5},"Provincia de Calca":{"countryName":"Peru","stateName":"Cusco","name":"Provincia de Calca","lat":-13,"lon":-72.16667,"geocoding":{},"distantMaxMiles":5},"Provincia de Canas":{"countryName":"Peru","stateName":"Cusco","name":"Provincia de Canas","lat":-14.41083,"lon":-71.33694,"geocoding":{},"distantMaxMiles":5},"Provincia de Canchis":{"countryName":"Peru","stateName":"Cusco","name":"Provincia de Canchis","lat":-14.08194,"lon":-71.18556,"geocoding":{},"distantMaxMiles":5},"Provincia de Chumbivilcas":{"countryName":"Peru","stateName":"Cusco","name":"Provincia de Chumbivilcas","lat":-14.41667,"lon":-72,"geocoding":{},"distantMaxMiles":5},"Provincia de Cusco":{"countryName":"Peru","stateName":"Cusco","name":"Provincia de Cusco","lat":-13.5,"lon":-72,"geocoding":{},"distantMaxMiles":5},"Provincia de Espinar":{"countryName":"Peru","stateName":"Cusco","name":"Provincia de Espinar","lat":-14.75,"lon":-71.41667,"geocoding":{},"distantMaxMiles":5},"Provincia de La Convención":{"countryName":"Peru","stateName":"Cusco","name":"Provincia de La Convención","lat":-12,"lon":-73,"geocoding":{},"distantMaxMiles":5},"Provincia de Paruro":{"countryName":"Peru","stateName":"Cusco","name":"Provincia de Paruro","lat":-13.91667,"lon":-71.91667,"geocoding":{},"distantMaxMiles":5},"Provincia de Paucartambo":{"countryName":"Peru","stateName":"Cusco","name":"Provincia de Paucartambo","lat":-13.16667,"lon":-71.41667,"geocoding":{},"distantMaxMiles":5},"Provincia de Quispicanchis":{"countryName":"Peru","stateName":"Cusco","name":"Provincia de Quispicanchis","lat":-13.41667,"lon":-71,"geocoding":{},"distantMaxMiles":5},"Provincia de Urubamba":{"countryName":"Peru","stateName":"Cusco","name":"Provincia de Urubamba","lat":-13.25,"lon":-72.33333,"geocoding":{},"distantMaxMiles":5},"Qquea":{"countryName":"Peru","stateName":"Cusco","name":"Qquea","lat":-14.05417,"lon":-71.38583,"geocoding":{},"distantMaxMiles":5},"Queromarca":{"countryName":"Peru","stateName":"Cusco","name":"Queromarca","lat":-14.18391,"lon":-71.38343,"geocoding":{},"distantMaxMiles":5},"San Pablo":{"countryName":"Peru","stateName":"Cusco","name":"San Pablo","lat":-14.20278,"lon":-71.31556,"geocoding":{},"distantMaxMiles":5},"Santa Ana":{"countryName":"Peru","stateName":"Cusco","name":"Santa Ana","lat":-12.86667,"lon":-72.71667,"geocoding":{},"distantMaxMiles":5},"Santo Tomas":{"countryName":"Peru","stateName":"Cusco","name":"Santo Tomas","lat":-14.44556,"lon":-72.08417,"geocoding":{},"distantMaxMiles":5},"Sicuani":{"countryName":"Peru","stateName":"Cusco","name":"Sicuani","lat":-14.26944,"lon":-71.22611,"geocoding":{},"distantMaxMiles":5},"Tinta":{"countryName":"Peru","stateName":"Cusco","name":"Tinta","lat":-14.145,"lon":-71.40694,"geocoding":{},"distantMaxMiles":5},"Tungasuca":{"countryName":"Peru","stateName":"Cusco","name":"Tungasuca","lat":-14.16389,"lon":-71.47667,"geocoding":{},"distantMaxMiles":5},"Urcos":{"countryName":"Peru","stateName":"Cusco","name":"Urcos","lat":-13.68611,"lon":-71.62278,"geocoding":{},"distantMaxMiles":5},"Urubamba":{"countryName":"Peru","stateName":"Cusco","name":"Urubamba","lat":-13.30472,"lon":-72.11583,"geocoding":{},"distantMaxMiles":5},"Yanaoca":{"countryName":"Peru","stateName":"Cusco","name":"Yanaoca","lat":-14.21806,"lon":-71.43167,"geocoding":{},"distantMaxMiles":5}}},"Huancavelica":{"countryName":"Peru","name":"Huancavelica","isoCode":"HUV","lat":-12.7861978,"lon":-74.9764024,"geocoding":{},"distantMaxMiles":5,"cities":{"Huancavelica":{"countryName":"Peru","stateName":"Huancavelica","name":"Huancavelica","lat":-12.78261,"lon":-74.97266,"geocoding":{},"distantMaxMiles":5},"Huaytara":{"countryName":"Peru","stateName":"Huancavelica","name":"Huaytara","lat":-13.65616,"lon":-75.09234,"geocoding":{},"distantMaxMiles":5},"Pampas":{"countryName":"Peru","stateName":"Huancavelica","name":"Pampas","lat":-12.3949,"lon":-74.86687,"geocoding":{},"distantMaxMiles":5},"Provincia de Acobamba":{"countryName":"Peru","stateName":"Huancavelica","name":"Provincia de Acobamba","lat":-12.75,"lon":-74.66667,"geocoding":{},"distantMaxMiles":5},"Provincia de Angaraes":{"countryName":"Peru","stateName":"Huancavelica","name":"Provincia de Angaraes","lat":-13,"lon":-74.75,"geocoding":{},"distantMaxMiles":5},"Provincia de Castrovirreyna":{"countryName":"Peru","stateName":"Huancavelica","name":"Provincia de Castrovirreyna","lat":-13.14535,"lon":-75.40598,"geocoding":{},"distantMaxMiles":5},"Provincia de Churcampa":{"countryName":"Peru","stateName":"Huancavelica","name":"Provincia de Churcampa","lat":-12.6,"lon":-74.52,"geocoding":{},"distantMaxMiles":5},"Provincia de Huancavelica":{"countryName":"Peru","stateName":"Huancavelica","name":"Provincia de Huancavelica","lat":-12.66667,"lon":-75.25,"geocoding":{},"distantMaxMiles":5},"Provincia de Tayacaja":{"countryName":"Peru","stateName":"Huancavelica","name":"Provincia de Tayacaja","lat":-12.25,"lon":-74.75,"geocoding":{},"distantMaxMiles":5}}},"Huanuco":{"countryName":"Peru","name":"Huanuco","isoCode":"HUC","lat":-9.9207648,"lon":-76.2410843,"geocoding":{},"distantMaxMiles":5,"cities":{"Ambo":{"countryName":"Peru","stateName":"Huanuco","name":"Ambo","lat":-10.13083,"lon":-76.20472,"geocoding":{},"distantMaxMiles":5},"Huacaybamba":{"countryName":"Peru","stateName":"Huanuco","name":"Huacaybamba","lat":-8.9948,"lon":-76.81027,"geocoding":{},"distantMaxMiles":5},"Huánuco":{"countryName":"Peru","stateName":"Huanuco","name":"Huánuco","lat":-9.93062,"lon":-76.24223,"geocoding":{},"distantMaxMiles":5},"La Unión":{"countryName":"Peru","stateName":"Huanuco","name":"La Unión","lat":-9.82702,"lon":-76.80199,"geocoding":{},"distantMaxMiles":5},"Lauricocha":{"countryName":"Peru","stateName":"Huanuco","name":"Lauricocha","lat":-10.20055,"lon":-76.70359,"geocoding":{},"distantMaxMiles":5},"Llata":{"countryName":"Peru","stateName":"Huanuco","name":"Llata","lat":-9.41667,"lon":-76.78333,"geocoding":{},"distantMaxMiles":5},"Provincia de Ambo":{"countryName":"Peru","stateName":"Huanuco","name":"Provincia de Ambo","lat":-10.16667,"lon":-76.16667,"geocoding":{},"distantMaxMiles":5},"Provincia de Dos de Mayo":{"countryName":"Peru","stateName":"Huanuco","name":"Provincia de Dos de Mayo","lat":-9.91667,"lon":-76.75,"geocoding":{},"distantMaxMiles":5},"Provincia de Huamalíes":{"countryName":"Peru","stateName":"Huanuco","name":"Provincia de Huamalíes","lat":-9.25,"lon":-76.5,"geocoding":{},"distantMaxMiles":5},"Provincia de Huánuco":{"countryName":"Peru","stateName":"Huanuco","name":"Provincia de Huánuco","lat":-9.66667,"lon":-76.08333,"geocoding":{},"distantMaxMiles":5},"Provincia de Leoncio Prado":{"countryName":"Peru","stateName":"Huanuco","name":"Provincia de Leoncio Prado","lat":-9.16667,"lon":-76,"geocoding":{},"distantMaxMiles":5},"Provincia de Marañón":{"countryName":"Peru","stateName":"Huanuco","name":"Provincia de Marañón","lat":-8.75,"lon":-76.66667,"geocoding":{},"distantMaxMiles":5},"Provincia de Pachitea":{"countryName":"Peru","stateName":"Huanuco","name":"Provincia de Pachitea","lat":-9.95262,"lon":-75.8139,"geocoding":{},"distantMaxMiles":5},"Puerto Inca":{"countryName":"Peru","stateName":"Huanuco","name":"Puerto Inca","lat":-9.36696,"lon":-75.08958,"geocoding":{},"distantMaxMiles":5},"San Miguel de Cauri":{"countryName":"Peru","stateName":"Huanuco","name":"San Miguel de Cauri","lat":-10.13818,"lon":-76.62288,"geocoding":{},"distantMaxMiles":5},"Tingo María":{"countryName":"Peru","stateName":"Huanuco","name":"Tingo María","lat":-9.29532,"lon":-75.99574,"geocoding":{},"distantMaxMiles":5},"Yanacancha":{"countryName":"Peru","stateName":"Huanuco","name":"Yanacancha","lat":-10.24111,"lon":-76.64556,"geocoding":{},"distantMaxMiles":5},"Yarowilca":{"countryName":"Peru","stateName":"Huanuco","name":"Yarowilca","lat":-9.80263,"lon":-76.59516,"geocoding":{},"distantMaxMiles":5}}},"Ica":{"countryName":"Peru","name":"Ica","isoCode":"ICA","lat":42.3528832,"lon":-71.0430097,"geocoding":{},"distantMaxMiles":5,"cities":{"Chincha Alta":{"countryName":"Peru","stateName":"Ica","name":"Chincha Alta","lat":-13.40985,"lon":-76.13235,"geocoding":{},"distantMaxMiles":5},"Ica":{"countryName":"Peru","stateName":"Ica","name":"Ica","lat":-14.06777,"lon":-75.72861,"geocoding":{},"distantMaxMiles":5},"Los Aquijes":{"countryName":"Peru","stateName":"Ica","name":"Los Aquijes","lat":-14.09667,"lon":-75.69083,"geocoding":{},"distantMaxMiles":5},"Minas de Marcona":{"countryName":"Peru","stateName":"Ica","name":"Minas de Marcona","lat":-15.21194,"lon":-75.11028,"geocoding":{},"distantMaxMiles":5},"Nazca":{"countryName":"Peru","stateName":"Ica","name":"Nazca","lat":-14.83098,"lon":-74.93895,"geocoding":{},"distantMaxMiles":5},"Palpa":{"countryName":"Peru","stateName":"Ica","name":"Palpa","lat":-14.53361,"lon":-75.18556,"geocoding":{},"distantMaxMiles":5},"Paracas":{"countryName":"Peru","stateName":"Ica","name":"Paracas","lat":-13.86667,"lon":-76.26667,"geocoding":{},"distantMaxMiles":5},"Pisco":{"countryName":"Peru","stateName":"Ica","name":"Pisco","lat":-13.71029,"lon":-76.20538,"geocoding":{},"distantMaxMiles":5},"Provincia de Chincha":{"countryName":"Peru","stateName":"Ica","name":"Provincia de Chincha","lat":-13.31791,"lon":-75.9393,"geocoding":{},"distantMaxMiles":5},"Provincia de Ica":{"countryName":"Peru","stateName":"Ica","name":"Provincia de Ica","lat":-14.33861,"lon":-75.64833,"geocoding":{},"distantMaxMiles":5},"Provincia de Nazca":{"countryName":"Peru","stateName":"Ica","name":"Provincia de Nazca","lat":-15,"lon":-75.08333,"geocoding":{},"distantMaxMiles":5},"Provincia de Palpa":{"countryName":"Peru","stateName":"Ica","name":"Provincia de Palpa","lat":-14.41667,"lon":-75.16667,"geocoding":{},"distantMaxMiles":5},"Provincia de Pisco":{"countryName":"Peru","stateName":"Ica","name":"Provincia de Pisco","lat":-13.80377,"lon":-75.94264,"geocoding":{},"distantMaxMiles":5},"Río Grande":{"countryName":"Peru","stateName":"Ica","name":"Río Grande","lat":-14.516,"lon":-75.19933,"geocoding":{},"distantMaxMiles":5},"San Clemente":{"countryName":"Peru","stateName":"Ica","name":"San Clemente","lat":-13.66667,"lon":-76.15,"geocoding":{},"distantMaxMiles":5},"San Juan Bautista":{"countryName":"Peru","stateName":"Ica","name":"San Juan Bautista","lat":-14.01083,"lon":-75.73583,"geocoding":{},"distantMaxMiles":5},"Santiago":{"countryName":"Peru","stateName":"Ica","name":"Santiago","lat":-14.18469,"lon":-75.71124,"geocoding":{},"distantMaxMiles":5},"Subtanjalla":{"countryName":"Peru","stateName":"Ica","name":"Subtanjalla","lat":-14.01889,"lon":-75.75806,"geocoding":{},"distantMaxMiles":5},"Villa Tupac Amaru":{"countryName":"Peru","stateName":"Ica","name":"Villa Tupac Amaru","lat":-13.71135,"lon":-76.1498,"geocoding":{},"distantMaxMiles":5}}},"Junín":{"countryName":"Peru","name":"Junín","isoCode":"JUN","lat":-11.1581925,"lon":-75.9926306,"geocoding":{},"distantMaxMiles":5,"cities":{"Acolla":{"countryName":"Peru","stateName":"Junín","name":"Acolla","lat":-11.73193,"lon":-75.54634,"geocoding":{},"distantMaxMiles":5},"Carhuamayo":{"countryName":"Peru","stateName":"Junín","name":"Carhuamayo","lat":-10.91667,"lon":-76.03333,"geocoding":{},"distantMaxMiles":5},"Chanchamayo":{"countryName":"Peru","stateName":"Junín","name":"Chanchamayo","lat":-11.05,"lon":-75.31667,"geocoding":{},"distantMaxMiles":5},"Chupaca":{"countryName":"Peru","stateName":"Junín","name":"Chupaca","lat":-12.06667,"lon":-75.28333,"geocoding":{},"distantMaxMiles":5},"Concepción":{"countryName":"Peru","stateName":"Junín","name":"Concepción","lat":-11.91762,"lon":-75.31401,"geocoding":{},"distantMaxMiles":5},"Huancayo":{"countryName":"Peru","stateName":"Junín","name":"Huancayo","lat":-12.06513,"lon":-75.20486,"geocoding":{},"distantMaxMiles":5},"Huasahuasi":{"countryName":"Peru","stateName":"Junín","name":"Huasahuasi","lat":-11.26527,"lon":-75.64722,"geocoding":{},"distantMaxMiles":5},"Huayucachi":{"countryName":"Peru","stateName":"Junín","name":"Huayucachi","lat":-12.13333,"lon":-75.23333,"geocoding":{},"distantMaxMiles":5},"Jauja":{"countryName":"Peru","stateName":"Junín","name":"Jauja","lat":-11.77584,"lon":-75.49656,"geocoding":{},"distantMaxMiles":5},"Junín":{"countryName":"Peru","stateName":"Junín","name":"Junín","lat":-11.15895,"lon":-75.99304,"geocoding":{},"distantMaxMiles":5},"La Oroya":{"countryName":"Peru","stateName":"Junín","name":"La Oroya","lat":-11.51893,"lon":-75.89935,"geocoding":{},"distantMaxMiles":5},"Mazamari":{"countryName":"Peru","stateName":"Junín","name":"Mazamari","lat":-11.32583,"lon":-74.53083,"geocoding":{},"distantMaxMiles":5},"Morococha":{"countryName":"Peru","stateName":"Junín","name":"Morococha","lat":-11.59972,"lon":-76.14111,"geocoding":{},"distantMaxMiles":5},"Orcotuna":{"countryName":"Peru","stateName":"Junín","name":"Orcotuna","lat":-11.96886,"lon":-75.3078,"geocoding":{},"distantMaxMiles":5},"Perené":{"countryName":"Peru","stateName":"Junín","name":"Perené","lat":-10.9451,"lon":-75.22394,"geocoding":{},"distantMaxMiles":5},"Pilcomay":{"countryName":"Peru","stateName":"Junín","name":"Pilcomay","lat":-12.04722,"lon":-75.24931,"geocoding":{},"distantMaxMiles":5},"Provincia de Chupaca":{"countryName":"Peru","stateName":"Junín","name":"Provincia de Chupaca","lat":-12.3,"lon":-75.433,"geocoding":{},"distantMaxMiles":5},"Provincia de Concepción":{"countryName":"Peru","stateName":"Junín","name":"Provincia de Concepción","lat":-11.75,"lon":-75,"geocoding":{},"distantMaxMiles":5},"Provincia de Huancayo":{"countryName":"Peru","stateName":"Junín","name":"Provincia de Huancayo","lat":-12.17319,"lon":-75.16169,"geocoding":{},"distantMaxMiles":5},"Provincia de Jauja":{"countryName":"Peru","stateName":"Junín","name":"Provincia de Jauja","lat":-11.726,"lon":-75.547,"geocoding":{},"distantMaxMiles":5},"Provincia de Junín":{"countryName":"Peru","stateName":"Junín","name":"Provincia de Junín","lat":-11.08333,"lon":-76,"geocoding":{},"distantMaxMiles":5},"Provincia de Satipo":{"countryName":"Peru","stateName":"Junín","name":"Provincia de Satipo","lat":-11.5,"lon":-74.25,"geocoding":{},"distantMaxMiles":5},"Provincia de Tarma":{"countryName":"Peru","stateName":"Junín","name":"Provincia de Tarma","lat":-11.40562,"lon":-75.69129,"geocoding":{},"distantMaxMiles":5},"Provincia de Yauli":{"countryName":"Peru","stateName":"Junín","name":"Provincia de Yauli","lat":-11.66667,"lon":-76.16667,"geocoding":{},"distantMaxMiles":5},"San Agustin":{"countryName":"Peru","stateName":"Junín","name":"San Agustin","lat":-11.97195,"lon":-75.25562,"geocoding":{},"distantMaxMiles":5},"San Jerónimo":{"countryName":"Peru","stateName":"Junín","name":"San Jerónimo","lat":-11.95591,"lon":-75.28411,"geocoding":{},"distantMaxMiles":5},"San Pedro de Cajas":{"countryName":"Peru","stateName":"Junín","name":"San Pedro de Cajas","lat":-11.25061,"lon":-75.86116,"geocoding":{},"distantMaxMiles":5},"San Ramón":{"countryName":"Peru","stateName":"Junín","name":"San Ramón","lat":-11.12417,"lon":-75.35733,"geocoding":{},"distantMaxMiles":5},"Satipo":{"countryName":"Peru","stateName":"Junín","name":"Satipo","lat":-11.25222,"lon":-74.63861,"geocoding":{},"distantMaxMiles":5},"Sicaya":{"countryName":"Peru","stateName":"Junín","name":"Sicaya","lat":-12.03333,"lon":-75.28333,"geocoding":{},"distantMaxMiles":5},"Tarma":{"countryName":"Peru","stateName":"Junín","name":"Tarma","lat":-11.41899,"lon":-75.68992,"geocoding":{},"distantMaxMiles":5}}},"La Libertad":{"countryName":"Peru","name":"La Libertad","isoCode":"LAL","lat":13.490697,"lon":-89.3084607,"geocoding":{},"distantMaxMiles":5,"cities":{"Ascope":{"countryName":"Peru","stateName":"La Libertad","name":"Ascope","lat":-7.71444,"lon":-79.10778,"geocoding":{},"distantMaxMiles":5},"Cascas":{"countryName":"Peru","stateName":"La Libertad","name":"Cascas","lat":-7.48333,"lon":-78.81667,"geocoding":{},"distantMaxMiles":5},"Chepen":{"countryName":"Peru","stateName":"La Libertad","name":"Chepen","lat":-7.14367,"lon":-79.45674,"geocoding":{},"distantMaxMiles":5},"Chicama":{"countryName":"Peru","stateName":"La Libertad","name":"Chicama","lat":-7.84472,"lon":-79.14694,"geocoding":{},"distantMaxMiles":5},"Chocope":{"countryName":"Peru","stateName":"La Libertad","name":"Chocope","lat":-7.79139,"lon":-79.22167,"geocoding":{},"distantMaxMiles":5},"Gran Chimu":{"countryName":"Peru","stateName":"La Libertad","name":"Gran Chimu","lat":-7.57976,"lon":-78.64718,"geocoding":{},"distantMaxMiles":5},"Guadalupe":{"countryName":"Peru","stateName":"La Libertad","name":"Guadalupe","lat":-7.25,"lon":-79.48333,"geocoding":{},"distantMaxMiles":5},"Huamachuco":{"countryName":"Peru","stateName":"La Libertad","name":"Huamachuco","lat":-7.8,"lon":-78.06667,"geocoding":{},"distantMaxMiles":5},"Julcan":{"countryName":"Peru","stateName":"La Libertad","name":"Julcan","lat":-8.17238,"lon":-78.46356,"geocoding":{},"distantMaxMiles":5},"Laredo":{"countryName":"Peru","stateName":"La Libertad","name":"Laredo","lat":-8.08965,"lon":-78.9602,"geocoding":{},"distantMaxMiles":5},"Moche":{"countryName":"Peru","stateName":"La Libertad","name":"Moche","lat":-8.17111,"lon":-79.00917,"geocoding":{},"distantMaxMiles":5},"Otuzco":{"countryName":"Peru","stateName":"La Libertad","name":"Otuzco","lat":-7.9,"lon":-78.58333,"geocoding":{},"distantMaxMiles":5},"Pacanga":{"countryName":"Peru","stateName":"La Libertad","name":"Pacanga","lat":-7.16667,"lon":-79.5,"geocoding":{},"distantMaxMiles":5},"Pacasmayo":{"countryName":"Peru","stateName":"La Libertad","name":"Pacasmayo","lat":-7.40056,"lon":-79.57139,"geocoding":{},"distantMaxMiles":5},"Paiján":{"countryName":"Peru","stateName":"La Libertad","name":"Paiján","lat":-7.73291,"lon":-79.3015,"geocoding":{},"distantMaxMiles":5},"Provincia de Bolívar":{"countryName":"Peru","stateName":"La Libertad","name":"Provincia de Bolívar","lat":-7.33333,"lon":-77.75,"geocoding":{},"distantMaxMiles":5},"Provincia de Otuzco":{"countryName":"Peru","stateName":"La Libertad","name":"Provincia de Otuzco","lat":-7.90457,"lon":-78.56362,"geocoding":{},"distantMaxMiles":5},"Provincia de Pacasmayo":{"countryName":"Peru","stateName":"La Libertad","name":"Provincia de Pacasmayo","lat":-7.25,"lon":-79.5,"geocoding":{},"distantMaxMiles":5},"Provincia de Pataz":{"countryName":"Peru","stateName":"La Libertad","name":"Provincia de Pataz","lat":-8.25,"lon":-77.33333,"geocoding":{},"distantMaxMiles":5},"Provincia de Santiago de Chuco":{"countryName":"Peru","stateName":"La Libertad","name":"Provincia de Santiago de Chuco","lat":-8.33333,"lon":-78.25,"geocoding":{},"distantMaxMiles":5},"Provincia de Trujillo":{"countryName":"Peru","stateName":"La Libertad","name":"Provincia de Trujillo","lat":-8.08333,"lon":-78.91667,"geocoding":{},"distantMaxMiles":5},"Pueblo Nuevo":{"countryName":"Peru","stateName":"La Libertad","name":"Pueblo Nuevo","lat":-7.18806,"lon":-79.51528,"geocoding":{},"distantMaxMiles":5},"Quiruvilca":{"countryName":"Peru","stateName":"La Libertad","name":"Quiruvilca","lat":-7.96667,"lon":-78.2,"geocoding":{},"distantMaxMiles":5},"Salaverry":{"countryName":"Peru","stateName":"La Libertad","name":"Salaverry","lat":-8.221,"lon":-78.97698,"geocoding":{},"distantMaxMiles":5},"San Pedro de Lloc":{"countryName":"Peru","stateName":"La Libertad","name":"San Pedro de Lloc","lat":-7.4289,"lon":-79.50416,"geocoding":{},"distantMaxMiles":5},"Sanchez Carrion":{"countryName":"Peru","stateName":"La Libertad","name":"Sanchez Carrion","lat":-7.78538,"lon":-77.92586,"geocoding":{},"distantMaxMiles":5},"Santiago de Cao":{"countryName":"Peru","stateName":"La Libertad","name":"Santiago de Cao","lat":-7.95889,"lon":-79.23917,"geocoding":{},"distantMaxMiles":5},"Santiago de Chuco":{"countryName":"Peru","stateName":"La Libertad","name":"Santiago de Chuco","lat":-8.14099,"lon":-78.17329,"geocoding":{},"distantMaxMiles":5},"Trujillo":{"countryName":"Peru","stateName":"La Libertad","name":"Trujillo","lat":-8.11599,"lon":-79.02998,"geocoding":{},"distantMaxMiles":5},"Viru":{"countryName":"Peru","stateName":"La Libertad","name":"Viru","lat":-8.52199,"lon":-78.60355,"geocoding":{},"distantMaxMiles":5}}},"Lambayeque":{"countryName":"Peru","name":"Lambayeque","isoCode":"LAM","lat":-6.7197666,"lon":-79.9080757,"geocoding":{},"distantMaxMiles":5,"cities":{"Chiclayo":{"countryName":"Peru","stateName":"Lambayeque","name":"Chiclayo","lat":-6.77137,"lon":-79.84088,"geocoding":{},"distantMaxMiles":5},"Chongoyape":{"countryName":"Peru","stateName":"Lambayeque","name":"Chongoyape","lat":-6.64056,"lon":-79.38917,"geocoding":{},"distantMaxMiles":5},"Eten":{"countryName":"Peru","stateName":"Lambayeque","name":"Eten","lat":-6.90806,"lon":-79.86417,"geocoding":{},"distantMaxMiles":5},"Ferreñafe":{"countryName":"Peru","stateName":"Lambayeque","name":"Ferreñafe","lat":-6.63889,"lon":-79.78889,"geocoding":{},"distantMaxMiles":5},"Jayanca":{"countryName":"Peru","stateName":"Lambayeque","name":"Jayanca","lat":-6.39083,"lon":-79.82194,"geocoding":{},"distantMaxMiles":5},"Lambayeque":{"countryName":"Peru","stateName":"Lambayeque","name":"Lambayeque","lat":-6.70111,"lon":-79.90611,"geocoding":{},"distantMaxMiles":5},"Mochumí":{"countryName":"Peru","stateName":"Lambayeque","name":"Mochumí","lat":-6.54364,"lon":-79.86217,"geocoding":{},"distantMaxMiles":5},"Monsefú":{"countryName":"Peru","stateName":"Lambayeque","name":"Monsefú","lat":-6.87431,"lon":-79.86871,"geocoding":{},"distantMaxMiles":5},"Motupe":{"countryName":"Peru","stateName":"Lambayeque","name":"Motupe","lat":-6.15194,"lon":-79.71417,"geocoding":{},"distantMaxMiles":5},"Mórrope":{"countryName":"Peru","stateName":"Lambayeque","name":"Mórrope","lat":-6.53536,"lon":-80.01104,"geocoding":{},"distantMaxMiles":5},"Olmos":{"countryName":"Peru","stateName":"Lambayeque","name":"Olmos","lat":-5.98472,"lon":-79.74528,"geocoding":{},"distantMaxMiles":5},"Oyotún":{"countryName":"Peru","stateName":"Lambayeque","name":"Oyotún","lat":-6.84438,"lon":-79.30093,"geocoding":{},"distantMaxMiles":5},"Picsi":{"countryName":"Peru","stateName":"Lambayeque","name":"Picsi","lat":-6.71778,"lon":-79.76972,"geocoding":{},"distantMaxMiles":5},"Pimentel":{"countryName":"Peru","stateName":"Lambayeque","name":"Pimentel","lat":-6.83667,"lon":-79.93417,"geocoding":{},"distantMaxMiles":5},"Provincia de Chiclayo":{"countryName":"Peru","stateName":"Lambayeque","name":"Provincia de Chiclayo","lat":-6.76667,"lon":-79.85,"geocoding":{},"distantMaxMiles":5},"Provincia de Ferreñafe":{"countryName":"Peru","stateName":"Lambayeque","name":"Provincia de Ferreñafe","lat":-6.33333,"lon":-79.5,"geocoding":{},"distantMaxMiles":5},"Provincia de Lambayeque":{"countryName":"Peru","stateName":"Lambayeque","name":"Provincia de Lambayeque","lat":-6.08333,"lon":-80.08333,"geocoding":{},"distantMaxMiles":5},"Pueblo Nuevo":{"countryName":"Peru","stateName":"Lambayeque","name":"Pueblo Nuevo","lat":-5.71667,"lon":-79.88333,"geocoding":{},"distantMaxMiles":5},"Reque":{"countryName":"Peru","stateName":"Lambayeque","name":"Reque","lat":-6.86556,"lon":-79.81778,"geocoding":{},"distantMaxMiles":5},"San José":{"countryName":"Peru","stateName":"Lambayeque","name":"San José","lat":-6.73813,"lon":-79.8275,"geocoding":{},"distantMaxMiles":5},"Santa Rosa":{"countryName":"Peru","stateName":"Lambayeque","name":"Santa Rosa","lat":-6.75772,"lon":-79.82747,"geocoding":{},"distantMaxMiles":5},"Saña":{"countryName":"Peru","stateName":"Lambayeque","name":"Saña","lat":-6.91888,"lon":-79.582,"geocoding":{},"distantMaxMiles":5},"Túcume":{"countryName":"Peru","stateName":"Lambayeque","name":"Túcume","lat":-6.50637,"lon":-79.85725,"geocoding":{},"distantMaxMiles":5}}},"Lima":{"countryName":"Peru","name":"Lima","isoCode":"LIM","lat":-12.0463731,"lon":-77.042754,"geocoding":{},"distantMaxMiles":5,"cities":{"Asentamiento Humano Nicolas de Pierola":{"countryName":"Peru","stateName":"Lima","name":"Asentamiento Humano Nicolas de Pierola","lat":-11.93573,"lon":-76.70611,"geocoding":{},"distantMaxMiles":5},"Barranca":{"countryName":"Peru","stateName":"Lima","name":"Barranca","lat":-10.75,"lon":-77.76667,"geocoding":{},"distantMaxMiles":5},"Caleta de Carquín":{"countryName":"Peru","stateName":"Lima","name":"Caleta de Carquín","lat":-11.0925,"lon":-77.62667,"geocoding":{},"distantMaxMiles":5},"Chancay":{"countryName":"Peru","stateName":"Lima","name":"Chancay","lat":-11.57139,"lon":-77.26722,"geocoding":{},"distantMaxMiles":5},"Chilca":{"countryName":"Peru","stateName":"Lima","name":"Chilca","lat":-12.52111,"lon":-76.73722,"geocoding":{},"distantMaxMiles":5},"Chosica":{"countryName":"Peru","stateName":"Lima","name":"Chosica","lat":-11.94306,"lon":-76.70944,"geocoding":{},"distantMaxMiles":5},"Huacho":{"countryName":"Peru","stateName":"Lima","name":"Huacho","lat":-11.10667,"lon":-77.605,"geocoding":{},"distantMaxMiles":5},"Hualmay":{"countryName":"Peru","stateName":"Lima","name":"Hualmay","lat":-11.09639,"lon":-77.61389,"geocoding":{},"distantMaxMiles":5},"Huaral":{"countryName":"Peru","stateName":"Lima","name":"Huaral","lat":-11.495,"lon":-77.20778,"geocoding":{},"distantMaxMiles":5},"Huaura":{"countryName":"Peru","stateName":"Lima","name":"Huaura","lat":-11.07,"lon":-77.59944,"geocoding":{},"distantMaxMiles":5},"Imperial":{"countryName":"Peru","stateName":"Lima","name":"Imperial","lat":-13.05927,"lon":-76.35269,"geocoding":{},"distantMaxMiles":5},"Independencia":{"countryName":"Peru","stateName":"Lima","name":"Independencia","lat":-11.99,"lon":-77.04583,"geocoding":{},"distantMaxMiles":5},"Lima":{"countryName":"Peru","stateName":"Lima","name":"Lima","lat":-12.04318,"lon":-77.02824,"geocoding":{},"distantMaxMiles":5},"Mala":{"countryName":"Peru","stateName":"Lima","name":"Mala","lat":-12.65806,"lon":-76.63083,"geocoding":{},"distantMaxMiles":5},"Matucana":{"countryName":"Peru","stateName":"Lima","name":"Matucana","lat":-11.85,"lon":-76.4,"geocoding":{},"distantMaxMiles":5},"Nuevo Imperial":{"countryName":"Peru","stateName":"Lima","name":"Nuevo Imperial","lat":-13.07541,"lon":-76.31719,"geocoding":{},"distantMaxMiles":5},"Oyon":{"countryName":"Peru","stateName":"Lima","name":"Oyon","lat":-10.75869,"lon":-76.87634,"geocoding":{},"distantMaxMiles":5},"Paramonga":{"countryName":"Peru","stateName":"Lima","name":"Paramonga","lat":-10.66667,"lon":-77.83333,"geocoding":{},"distantMaxMiles":5},"Pativilca":{"countryName":"Peru","stateName":"Lima","name":"Pativilca","lat":-10.7,"lon":-77.78333,"geocoding":{},"distantMaxMiles":5},"Provincia de Cajatambo":{"countryName":"Peru","stateName":"Lima","name":"Provincia de Cajatambo","lat":-10.66667,"lon":-77,"geocoding":{},"distantMaxMiles":5},"Provincia de Canta":{"countryName":"Peru","stateName":"Lima","name":"Provincia de Canta","lat":-11.46667,"lon":-76.61667,"geocoding":{},"distantMaxMiles":5},"Provincia de Cañete":{"countryName":"Peru","stateName":"Lima","name":"Provincia de Cañete","lat":-12.75,"lon":-76.33333,"geocoding":{},"distantMaxMiles":5},"Provincia de Huaral":{"countryName":"Peru","stateName":"Lima","name":"Provincia de Huaral","lat":-11.25,"lon":-76.91667,"geocoding":{},"distantMaxMiles":5},"Provincia de Huarochirí":{"countryName":"Peru","stateName":"Lima","name":"Provincia de Huarochirí","lat":-11.91667,"lon":-76.41667,"geocoding":{},"distantMaxMiles":5},"Provincia de Yauyos":{"countryName":"Peru","stateName":"Lima","name":"Provincia de Yauyos","lat":-12.41667,"lon":-76,"geocoding":{},"distantMaxMiles":5},"Puerto Supe":{"countryName":"Peru","stateName":"Lima","name":"Puerto Supe","lat":-10.80135,"lon":-77.74333,"geocoding":{},"distantMaxMiles":5},"Quilmaná":{"countryName":"Peru","stateName":"Lima","name":"Quilmaná","lat":-12.9486,"lon":-76.38112,"geocoding":{},"distantMaxMiles":5},"Ricardo Palma":{"countryName":"Peru","stateName":"Lima","name":"Ricardo Palma","lat":-11.91978,"lon":-76.6561,"geocoding":{},"distantMaxMiles":5},"San Bartolo":{"countryName":"Peru","stateName":"Lima","name":"San Bartolo","lat":-12.38333,"lon":-76.78333,"geocoding":{},"distantMaxMiles":5},"San Isidro":{"countryName":"Peru","stateName":"Lima","name":"San Isidro","lat":-12.11667,"lon":-77.05,"geocoding":{},"distantMaxMiles":5},"San Luis":{"countryName":"Peru","stateName":"Lima","name":"San Luis","lat":-12.07674,"lon":-76.99435,"geocoding":{},"distantMaxMiles":5},"San Vicente de Cañete":{"countryName":"Peru","stateName":"Lima","name":"San Vicente de Cañete","lat":-13.07556,"lon":-76.38528,"geocoding":{},"distantMaxMiles":5},"Santa María":{"countryName":"Peru","stateName":"Lima","name":"Santa María","lat":-12.00538,"lon":-76.89329,"geocoding":{},"distantMaxMiles":5},"Santiago de Surco":{"countryName":"Peru","stateName":"Lima","name":"Santiago de Surco","lat":-12.13588,"lon":-77.00742,"geocoding":{},"distantMaxMiles":5},"Sayán":{"countryName":"Peru","stateName":"Lima","name":"Sayán","lat":-11.13333,"lon":-77.1946,"geocoding":{},"distantMaxMiles":5},"Supe":{"countryName":"Peru","stateName":"Lima","name":"Supe","lat":-10.7975,"lon":-77.71306,"geocoding":{},"distantMaxMiles":5},"Urb. Santo Domingo":{"countryName":"Peru","stateName":"Lima","name":"Urb. Santo Domingo","lat":-11.87655,"lon":-77.03345,"geocoding":{},"distantMaxMiles":5},"Végueta":{"countryName":"Peru","stateName":"Lima","name":"Végueta","lat":-11.02253,"lon":-77.64378,"geocoding":{},"distantMaxMiles":5}}},"Loreto":{"countryName":"Peru","name":"Loreto","isoCode":"LOR","lat":-4.3741643,"lon":-76.1304264,"geocoding":{},"distantMaxMiles":5,"cities":{"Andoas":{"countryName":"Peru","stateName":"Loreto","name":"Andoas","lat":-2.9025,"lon":-76.4025,"geocoding":{},"distantMaxMiles":5},"Borja":{"countryName":"Peru","stateName":"Loreto","name":"Borja","lat":-4.43333333,"lon":-77.55,"geocoding":{},"distantMaxMiles":5},"Caballococha":{"countryName":"Peru","stateName":"Loreto","name":"Caballococha","lat":-3.90583333,"lon":-70.51638889,"geocoding":{},"distantMaxMiles":5},"Cape Pantoja":{"countryName":"Peru","stateName":"Loreto","name":"Cape Pantoja","lat":-0.96435,"lon":-75.18144,"geocoding":{},"distantMaxMiles":5},"Indiana":{"countryName":"Peru","stateName":"Loreto","name":"Indiana","lat":-3.501427,"lon":-73.048096,"geocoding":{},"distantMaxMiles":5},"Iquitos":{"countryName":"Peru","stateName":"Loreto","name":"Iquitos","lat":-3.73333333,"lon":-73.25,"geocoding":{},"distantMaxMiles":5},"Jeberos":{"countryName":"Peru","stateName":"Loreto","name":"Jeberos","lat":-5.28333,"lon":-76.28333,"geocoding":{},"distantMaxMiles":5},"Jenaro Herrera":{"countryName":"Peru","stateName":"Loreto","name":"Jenaro Herrera","lat":-4.90741,"lon":-73.66779,"geocoding":{},"distantMaxMiles":5},"Lagunas":{"countryName":"Peru","stateName":"Loreto","name":"Lagunas","lat":-5.22694,"lon":-75.67528,"geocoding":{},"distantMaxMiles":5},"Nauta":{"countryName":"Peru","stateName":"Loreto","name":"Nauta","lat":-4.50833333,"lon":-73.58333333,"geocoding":{},"distantMaxMiles":5},"Punchana":{"countryName":"Peru","stateName":"Loreto","name":"Punchana","lat":-3.71666667,"lon":-73.23333333,"geocoding":{},"distantMaxMiles":5},"Requena":{"countryName":"Peru","stateName":"Loreto","name":"Requena","lat":-6.74797,"lon":-75.05491,"geocoding":{},"distantMaxMiles":5},"San Antonio del Estrecho":{"countryName":"Peru","stateName":"Loreto","name":"San Antonio del Estrecho","lat":-2.45012,"lon":-72.66896,"geocoding":{},"distantMaxMiles":5},"San Lorenzo":{"countryName":"Peru","stateName":"Loreto","name":"San Lorenzo","lat":-4.81667,"lon":-76.6,"geocoding":{},"distantMaxMiles":5},"San Pablo":{"countryName":"Peru","stateName":"Loreto","name":"San Pablo","lat":-4.01922,"lon":-71.10281,"geocoding":{},"distantMaxMiles":5},"Tamshiyacu":{"countryName":"Peru","stateName":"Loreto","name":"Tamshiyacu","lat":-4.0032,"lon":-73.1585,"geocoding":{},"distantMaxMiles":5},"Yurimaguas":{"countryName":"Peru","stateName":"Loreto","name":"Yurimaguas","lat":-5.9,"lon":-76.08333333,"geocoding":{},"distantMaxMiles":5}}},"Madre de Dios":{"countryName":"Peru","name":"Madre de Dios","isoCode":"MDD","lat":-11.7668705,"lon":-70.8119953,"geocoding":{},"distantMaxMiles":5,"cities":{"Iberia":{"countryName":"Peru","stateName":"Madre de Dios","name":"Iberia","lat":-11.35,"lon":-69.58333,"geocoding":{},"distantMaxMiles":5},"Provincia de Manú":{"countryName":"Peru","stateName":"Madre de Dios","name":"Provincia de Manú","lat":-12.25,"lon":-71,"geocoding":{},"distantMaxMiles":5},"Provincia de Tahuamanú":{"countryName":"Peru","stateName":"Madre de Dios","name":"Provincia de Tahuamanú","lat":-11.25,"lon":-70.5,"geocoding":{},"distantMaxMiles":5},"Provincia de Tambopata":{"countryName":"Peru","stateName":"Madre de Dios","name":"Provincia de Tambopata","lat":-12.19948,"lon":-70.05006,"geocoding":{},"distantMaxMiles":5},"Puerto Maldonado":{"countryName":"Peru","stateName":"Madre de Dios","name":"Puerto Maldonado","lat":-12.59331,"lon":-69.18913,"geocoding":{},"distantMaxMiles":5},"Salvación":{"countryName":"Peru","stateName":"Madre de Dios","name":"Salvación","lat":-12.83605,"lon":-71.3649,"geocoding":{},"distantMaxMiles":5},"Tambopata":{"countryName":"Peru","stateName":"Madre de Dios","name":"Tambopata","lat":-12.67191,"lon":-69.35547,"geocoding":{},"distantMaxMiles":5}}},"Moquegua":{"countryName":"Peru","name":"Moquegua","isoCode":"MOQ","lat":-17.1927361,"lon":-70.9328138,"geocoding":{},"distantMaxMiles":5,"cities":{"Ilo":{"countryName":"Peru","stateName":"Moquegua","name":"Ilo","lat":-17.63185,"lon":-71.34108,"geocoding":{},"distantMaxMiles":5},"Moquegua":{"countryName":"Peru","stateName":"Moquegua","name":"Moquegua","lat":-17.19832,"lon":-70.93567,"geocoding":{},"distantMaxMiles":5},"Pacocha":{"countryName":"Peru","stateName":"Moquegua","name":"Pacocha","lat":-17.64604,"lon":-71.34481,"geocoding":{},"distantMaxMiles":5},"Provincia de General Sánchez Cerro":{"countryName":"Peru","stateName":"Moquegua","name":"Provincia de General Sánchez Cerro","lat":-16.5,"lon":-70.66667,"geocoding":{},"distantMaxMiles":5},"Provincia de Ilo":{"countryName":"Peru","stateName":"Moquegua","name":"Provincia de Ilo","lat":-17.49694,"lon":-71.16722,"geocoding":{},"distantMaxMiles":5},"Provincia de Mariscal Nieto":{"countryName":"Peru","stateName":"Moquegua","name":"Provincia de Mariscal Nieto","lat":-17.08361,"lon":-71.00333,"geocoding":{},"distantMaxMiles":5},"Torata":{"countryName":"Peru","stateName":"Moquegua","name":"Torata","lat":-17.07694,"lon":-70.84333,"geocoding":{},"distantMaxMiles":5}}},"Pasco":{"countryName":"Peru","name":"Pasco","isoCode":"PAS","lat":46.2305049,"lon":-119.0922316,"geocoding":{},"distantMaxMiles":5,"cities":{"Cerro de Pasco":{"countryName":"Peru","stateName":"Pasco","name":"Cerro de Pasco","lat":-10.66748,"lon":-76.25668,"geocoding":{},"distantMaxMiles":5},"Chaupimarca":{"countryName":"Peru","stateName":"Pasco","name":"Chaupimarca","lat":-10.40696,"lon":-76.46168,"geocoding":{},"distantMaxMiles":5},"Oxapampa":{"countryName":"Peru","stateName":"Pasco","name":"Oxapampa","lat":-10.5775,"lon":-75.40167,"geocoding":{},"distantMaxMiles":5},"Paucartambo":{"countryName":"Peru","stateName":"Pasco","name":"Paucartambo","lat":-10.77326,"lon":-75.81109,"geocoding":{},"distantMaxMiles":5},"Provincia de Daniel Carrión":{"countryName":"Peru","stateName":"Pasco","name":"Provincia de Daniel Carrión","lat":-10.5,"lon":-76.5,"geocoding":{},"distantMaxMiles":5},"Provincia de Oxapampa":{"countryName":"Peru","stateName":"Pasco","name":"Provincia de Oxapampa","lat":-10.33333,"lon":-75.08333,"geocoding":{},"distantMaxMiles":5},"Provincia de Pasco":{"countryName":"Peru","stateName":"Pasco","name":"Provincia de Pasco","lat":-10.66667,"lon":-76.08333,"geocoding":{},"distantMaxMiles":5},"Tinyahuarco":{"countryName":"Peru","stateName":"Pasco","name":"Tinyahuarco","lat":-10.76771,"lon":-76.27523,"geocoding":{},"distantMaxMiles":5},"Villa Rica":{"countryName":"Peru","stateName":"Pasco","name":"Villa Rica","lat":-10.73944,"lon":-75.26972,"geocoding":{},"distantMaxMiles":5}}},"Piura":{"countryName":"Peru","name":"Piura","isoCode":"PIU","lat":-5.1782884,"lon":-80.6548882,"geocoding":{},"distantMaxMiles":5,"cities":{"Ayabaca":{"countryName":"Peru","stateName":"Piura","name":"Ayabaca","lat":-4.63983,"lon":-79.71491,"geocoding":{},"distantMaxMiles":5},"Bernal":{"countryName":"Peru","stateName":"Piura","name":"Bernal","lat":-5.45,"lon":-80.75,"geocoding":{},"distantMaxMiles":5},"Buenos Aires":{"countryName":"Peru","stateName":"Piura","name":"Buenos Aires","lat":-5.26083,"lon":-79.96417,"geocoding":{},"distantMaxMiles":5},"Catacaos":{"countryName":"Peru","stateName":"Piura","name":"Catacaos","lat":-5.26667,"lon":-80.68333,"geocoding":{},"distantMaxMiles":5},"Chulucanas":{"countryName":"Peru","stateName":"Piura","name":"Chulucanas","lat":-5.0925,"lon":-80.1625,"geocoding":{},"distantMaxMiles":5},"El Alto":{"countryName":"Peru","stateName":"Piura","name":"El Alto","lat":-4.26851,"lon":-81.21719,"geocoding":{},"distantMaxMiles":5},"Huancabamba":{"countryName":"Peru","stateName":"Piura","name":"Huancabamba","lat":-5.23861,"lon":-79.45056,"geocoding":{},"distantMaxMiles":5},"La Breita":{"countryName":"Peru","stateName":"Piura","name":"La Breita","lat":-4.25691,"lon":-80.88599,"geocoding":{},"distantMaxMiles":5},"La Huaca":{"countryName":"Peru","stateName":"Piura","name":"La Huaca","lat":-4.91167,"lon":-80.96,"geocoding":{},"distantMaxMiles":5},"La Unión":{"countryName":"Peru","stateName":"Piura","name":"La Unión","lat":-5.40232,"lon":-80.74224,"geocoding":{},"distantMaxMiles":5},"Las Lomas":{"countryName":"Peru","stateName":"Piura","name":"Las Lomas","lat":-4.65333,"lon":-80.24667,"geocoding":{},"distantMaxMiles":5},"Marcavelica":{"countryName":"Peru","stateName":"Piura","name":"Marcavelica","lat":-4.87778,"lon":-80.70528,"geocoding":{},"distantMaxMiles":5},"Morropon":{"countryName":"Peru","stateName":"Piura","name":"Morropon","lat":-5.25,"lon":-80,"geocoding":{},"distantMaxMiles":5},"Máncora":{"countryName":"Peru","stateName":"Piura","name":"Máncora","lat":-4.10778,"lon":-81.0475,"geocoding":{},"distantMaxMiles":5},"Paita":{"countryName":"Peru","stateName":"Piura","name":"Paita","lat":-5.08917,"lon":-81.11444,"geocoding":{},"distantMaxMiles":5},"Piura":{"countryName":"Peru","stateName":"Piura","name":"Piura","lat":-5.19449,"lon":-80.63282,"geocoding":{},"distantMaxMiles":5},"Provincia de Ayabaca":{"countryName":"Peru","stateName":"Piura","name":"Provincia de Ayabaca","lat":-4.75,"lon":-79.83333,"geocoding":{},"distantMaxMiles":5},"Provincia de Huancabamba":{"countryName":"Peru","stateName":"Piura","name":"Provincia de Huancabamba","lat":-5.5,"lon":-79.58333,"geocoding":{},"distantMaxMiles":5},"Provincia de Paita":{"countryName":"Peru","stateName":"Piura","name":"Provincia de Paita","lat":-5.10189,"lon":-81.09695,"geocoding":{},"distantMaxMiles":5},"Provincia de Piura":{"countryName":"Peru","stateName":"Piura","name":"Provincia de Piura","lat":-5.21416,"lon":-80.40617,"geocoding":{},"distantMaxMiles":5},"Provincia de Sullana":{"countryName":"Peru","stateName":"Piura","name":"Provincia de Sullana","lat":-4.5,"lon":-80.66667,"geocoding":{},"distantMaxMiles":5},"Provincia de Talara":{"countryName":"Peru","stateName":"Piura","name":"Provincia de Talara","lat":-4.41667,"lon":-81.08333,"geocoding":{},"distantMaxMiles":5},"Querecotillo":{"countryName":"Peru","stateName":"Piura","name":"Querecotillo","lat":-4.83778,"lon":-80.64556,"geocoding":{},"distantMaxMiles":5},"Salinera Colán":{"countryName":"Peru","stateName":"Piura","name":"Salinera Colán","lat":-5.03333,"lon":-81.06667,"geocoding":{},"distantMaxMiles":5},"Salitral":{"countryName":"Peru","stateName":"Piura","name":"Salitral","lat":-4.85722,"lon":-80.68111,"geocoding":{},"distantMaxMiles":5},"Sechura":{"countryName":"Peru","stateName":"Piura","name":"Sechura","lat":-5.55694,"lon":-80.82222,"geocoding":{},"distantMaxMiles":5},"Sullana":{"countryName":"Peru","stateName":"Piura","name":"Sullana","lat":-4.90389,"lon":-80.68528,"geocoding":{},"distantMaxMiles":5},"Talara":{"countryName":"Peru","stateName":"Piura","name":"Talara","lat":-4.57722,"lon":-81.27194,"geocoding":{},"distantMaxMiles":5},"Tambo Grande":{"countryName":"Peru","stateName":"Piura","name":"Tambo Grande","lat":-4.92694,"lon":-80.34472,"geocoding":{},"distantMaxMiles":5},"Vice":{"countryName":"Peru","stateName":"Piura","name":"Vice","lat":-5.41667,"lon":-80.78333,"geocoding":{},"distantMaxMiles":5}}},"Puno":{"countryName":"Peru","name":"Puno","isoCode":"PUN","lat":-15.8402218,"lon":-70.0218805,"geocoding":{},"distantMaxMiles":5,"cities":{"Atuncolla":{"countryName":"Peru","stateName":"Puno","name":"Atuncolla","lat":-15.68333,"lon":-70.15,"geocoding":{},"distantMaxMiles":5},"Ayaviri":{"countryName":"Peru","stateName":"Puno","name":"Ayaviri","lat":-14.88639,"lon":-70.58889,"geocoding":{},"distantMaxMiles":5},"Azángaro":{"countryName":"Peru","stateName":"Puno","name":"Azángaro","lat":-14.90843,"lon":-70.19616,"geocoding":{},"distantMaxMiles":5},"Desaguadero":{"countryName":"Peru","stateName":"Puno","name":"Desaguadero","lat":-16.56556,"lon":-69.04167,"geocoding":{},"distantMaxMiles":5},"El Collao":{"countryName":"Peru","stateName":"Puno","name":"El Collao","lat":-16.72641,"lon":-69.75515,"geocoding":{},"distantMaxMiles":5},"Hacienda Huancane":{"countryName":"Peru","stateName":"Puno","name":"Hacienda Huancane","lat":-15.82327,"lon":-70.8854,"geocoding":{},"distantMaxMiles":5},"Ilave":{"countryName":"Peru","stateName":"Puno","name":"Ilave","lat":-16.08333,"lon":-69.66667,"geocoding":{},"distantMaxMiles":5},"Juli":{"countryName":"Peru","stateName":"Puno","name":"Juli","lat":-16.21667,"lon":-69.45,"geocoding":{},"distantMaxMiles":5},"Juliaca":{"countryName":"Peru","stateName":"Puno","name":"Juliaca","lat":-15.5,"lon":-70.13333,"geocoding":{},"distantMaxMiles":5},"La Rinconada":{"countryName":"Peru","stateName":"Puno","name":"La Rinconada","lat":-14.63126,"lon":-69.44638,"geocoding":{},"distantMaxMiles":5},"Lampa":{"countryName":"Peru","stateName":"Puno","name":"Lampa","lat":-15.35,"lon":-70.36667,"geocoding":{},"distantMaxMiles":5},"Macusani":{"countryName":"Peru","stateName":"Puno","name":"Macusani","lat":-14.08333,"lon":-70.43333,"geocoding":{},"distantMaxMiles":5},"Provincia de Azángaro":{"countryName":"Peru","stateName":"Puno","name":"Provincia de Azángaro","lat":-14.83333,"lon":-70.16667,"geocoding":{},"distantMaxMiles":5},"Provincia de Carabaya":{"countryName":"Peru","stateName":"Puno","name":"Provincia de Carabaya","lat":-13.83333,"lon":-70.25,"geocoding":{},"distantMaxMiles":5},"Provincia de Chucuito":{"countryName":"Peru","stateName":"Puno","name":"Provincia de Chucuito","lat":-16.60545,"lon":-69.35761,"geocoding":{},"distantMaxMiles":5},"Provincia de Huancané":{"countryName":"Peru","stateName":"Puno","name":"Provincia de Huancané","lat":-15.16667,"lon":-69.58333,"geocoding":{},"distantMaxMiles":5},"Provincia de Lampa":{"countryName":"Peru","stateName":"Puno","name":"Provincia de Lampa","lat":-15.41667,"lon":-70.58333,"geocoding":{},"distantMaxMiles":5},"Provincia de Melgar":{"countryName":"Peru","stateName":"Puno","name":"Provincia de Melgar","lat":-14.75,"lon":-70.75,"geocoding":{},"distantMaxMiles":5},"Provincia de Puno":{"countryName":"Peru","stateName":"Puno","name":"Provincia de Puno","lat":-16,"lon":-70,"geocoding":{},"distantMaxMiles":5},"Provincia de Sandia":{"countryName":"Peru","stateName":"Puno","name":"Provincia de Sandia","lat":-13.83333,"lon":-69.33333,"geocoding":{},"distantMaxMiles":5},"Puno":{"countryName":"Peru","stateName":"Puno","name":"Puno","lat":-15.8422,"lon":-70.0199,"geocoding":{},"distantMaxMiles":5},"San Antonio De Putina":{"countryName":"Peru","stateName":"Puno","name":"San Antonio De Putina","lat":-14.71175,"lon":-69.61559,"geocoding":{},"distantMaxMiles":5},"San Roman":{"countryName":"Peru","stateName":"Puno","name":"San Roman","lat":-15.83333,"lon":-70.5,"geocoding":{},"distantMaxMiles":5},"Santa Lucía":{"countryName":"Peru","stateName":"Puno","name":"Santa Lucía","lat":-15.69788,"lon":-70.6061,"geocoding":{},"distantMaxMiles":5},"Taquile":{"countryName":"Peru","stateName":"Puno","name":"Taquile","lat":-15.76667,"lon":-69.68333,"geocoding":{},"distantMaxMiles":5},"Yunguyo":{"countryName":"Peru","stateName":"Puno","name":"Yunguyo","lat":-16.25,"lon":-69.08333,"geocoding":{},"distantMaxMiles":5},"Ñuñoa":{"countryName":"Peru","stateName":"Puno","name":"Ñuñoa","lat":-14.47788,"lon":-70.63583,"geocoding":{},"distantMaxMiles":5}}},"San Martín":{"countryName":"Peru","name":"San Martín","isoCode":"SAM","lat":37.0849464,"lon":-121.6102216,"geocoding":{},"distantMaxMiles":5,"cities":{"Bellavista":{"countryName":"Peru","stateName":"San Martín","name":"Bellavista","lat":-7.05614,"lon":-76.5911,"geocoding":{},"distantMaxMiles":5},"Chazuta":{"countryName":"Peru","stateName":"San Martín","name":"Chazuta","lat":-6.57087,"lon":-76.13753,"geocoding":{},"distantMaxMiles":5},"El Dorado":{"countryName":"Peru","stateName":"San Martín","name":"El Dorado","lat":-6.56298,"lon":-76.7413,"geocoding":{},"distantMaxMiles":5},"Huicungo":{"countryName":"Peru","stateName":"San Martín","name":"Huicungo","lat":-7.3186,"lon":-76.77556,"geocoding":{},"distantMaxMiles":5},"Jepelacio":{"countryName":"Peru","stateName":"San Martín","name":"Jepelacio","lat":-6.11667,"lon":-76.95,"geocoding":{},"distantMaxMiles":5},"Juanjuí":{"countryName":"Peru","stateName":"San Martín","name":"Juanjuí","lat":-7.17697,"lon":-76.72774,"geocoding":{},"distantMaxMiles":5},"Lamas":{"countryName":"Peru","stateName":"San Martín","name":"Lamas","lat":-6.41667,"lon":-76.53333,"geocoding":{},"distantMaxMiles":5},"Moyobamba":{"countryName":"Peru","stateName":"San Martín","name":"Moyobamba","lat":-6.03416,"lon":-76.97168,"geocoding":{},"distantMaxMiles":5},"Picota":{"countryName":"Peru","stateName":"San Martín","name":"Picota","lat":-6.92033,"lon":-76.33142,"geocoding":{},"distantMaxMiles":5},"Provincia de Huallaga":{"countryName":"Peru","stateName":"San Martín","name":"Provincia de Huallaga","lat":-6.75664,"lon":-76.90143,"geocoding":{},"distantMaxMiles":5},"Provincia de Lamas":{"countryName":"Peru","stateName":"San Martín","name":"Provincia de Lamas","lat":-6.33333,"lon":-76.66667,"geocoding":{},"distantMaxMiles":5},"Provincia de Mariscal Cáceres":{"countryName":"Peru","stateName":"San Martín","name":"Provincia de Mariscal Cáceres","lat":-7.2739,"lon":-77.18216,"geocoding":{},"distantMaxMiles":5},"Provincia de Moyobamba":{"countryName":"Peru","stateName":"San Martín","name":"Provincia de Moyobamba","lat":-5.75,"lon":-77.25,"geocoding":{},"distantMaxMiles":5},"Provincia de Rioja":{"countryName":"Peru","stateName":"San Martín","name":"Provincia de Rioja","lat":-6,"lon":-77.41667,"geocoding":{},"distantMaxMiles":5},"Provincia de San Martín":{"countryName":"Peru","stateName":"San Martín","name":"Provincia de San Martín","lat":-6.58333,"lon":-76.16667,"geocoding":{},"distantMaxMiles":5},"Rioja":{"countryName":"Peru","stateName":"San Martín","name":"Rioja","lat":-6.05675,"lon":-77.16651,"geocoding":{},"distantMaxMiles":5},"Saposoa":{"countryName":"Peru","stateName":"San Martín","name":"Saposoa","lat":-6.93395,"lon":-76.77158,"geocoding":{},"distantMaxMiles":5},"Sisa":{"countryName":"Peru","stateName":"San Martín","name":"Sisa","lat":-6.61085,"lon":-76.69302,"geocoding":{},"distantMaxMiles":5},"Soritor":{"countryName":"Peru","stateName":"San Martín","name":"Soritor","lat":-6.13917,"lon":-77.10389,"geocoding":{},"distantMaxMiles":5},"Tabalosos":{"countryName":"Peru","stateName":"San Martín","name":"Tabalosos","lat":-6.35,"lon":-76.68333,"geocoding":{},"distantMaxMiles":5},"Tarapoto":{"countryName":"Peru","stateName":"San Martín","name":"Tarapoto","lat":-6.50139,"lon":-76.36556,"geocoding":{},"distantMaxMiles":5},"Tocache":{"countryName":"Peru","stateName":"San Martín","name":"Tocache","lat":-8.1877,"lon":-76.52046,"geocoding":{},"distantMaxMiles":5},"Uchiza":{"countryName":"Peru","stateName":"San Martín","name":"Uchiza","lat":-8.45917,"lon":-76.46333,"geocoding":{},"distantMaxMiles":5}}},"Tacna":{"countryName":"Peru","name":"Tacna","isoCode":"TAC","lat":-18.0065679,"lon":-70.2462741,"geocoding":{},"distantMaxMiles":5,"cities":{"Calana":{"countryName":"Peru","stateName":"Tacna","name":"Calana","lat":-17.94167,"lon":-70.18694,"geocoding":{},"distantMaxMiles":5},"Candarave":{"countryName":"Peru","stateName":"Tacna","name":"Candarave","lat":-17.26778,"lon":-70.24944,"geocoding":{},"distantMaxMiles":5},"Chipispaya":{"countryName":"Peru","stateName":"Tacna","name":"Chipispaya","lat":-17.4979,"lon":-70.21714,"geocoding":{},"distantMaxMiles":5},"Chuquitira":{"countryName":"Peru","stateName":"Tacna","name":"Chuquitira","lat":-17.28891,"lon":-70.04363,"geocoding":{},"distantMaxMiles":5},"Ilabaya":{"countryName":"Peru","stateName":"Tacna","name":"Ilabaya","lat":-17.42083,"lon":-70.51333,"geocoding":{},"distantMaxMiles":5},"Jorge Basadre":{"countryName":"Peru","stateName":"Tacna","name":"Jorge Basadre","lat":-17.57919,"lon":-70.73083,"geocoding":{},"distantMaxMiles":5},"Provincia de Tacna":{"countryName":"Peru","stateName":"Tacna","name":"Provincia de Tacna","lat":-17.83333,"lon":-70.5,"geocoding":{},"distantMaxMiles":5},"Provincia de Tarata":{"countryName":"Peru","stateName":"Tacna","name":"Provincia de Tarata","lat":-17.41667,"lon":-70.08333,"geocoding":{},"distantMaxMiles":5},"Pujocucho":{"countryName":"Peru","stateName":"Tacna","name":"Pujocucho","lat":-17.15778,"lon":-70.35222,"geocoding":{},"distantMaxMiles":5},"Quilahuani":{"countryName":"Peru","stateName":"Tacna","name":"Quilahuani","lat":-17.31778,"lon":-70.25806,"geocoding":{},"distantMaxMiles":5},"Tacna":{"countryName":"Peru","stateName":"Tacna","name":"Tacna","lat":-18.01465,"lon":-70.25362,"geocoding":{},"distantMaxMiles":5},"Tarata":{"countryName":"Peru","stateName":"Tacna","name":"Tarata","lat":-17.47444,"lon":-70.03278,"geocoding":{},"distantMaxMiles":5},"Totoral":{"countryName":"Peru","stateName":"Tacna","name":"Totoral","lat":-17.4062,"lon":-70.36464,"geocoding":{},"distantMaxMiles":5}}},"Tumbes":{"countryName":"Peru","name":"Tumbes","isoCode":"TUM","lat":-3.5564921,"lon":-80.4270885,"geocoding":{},"distantMaxMiles":5,"cities":{"Aguas Verdes":{"countryName":"Peru","stateName":"Tumbes","name":"Aguas Verdes","lat":-3.48139,"lon":-80.245,"geocoding":{},"distantMaxMiles":5},"Papayal":{"countryName":"Peru","stateName":"Tumbes","name":"Papayal","lat":-4.07771,"lon":-80.7369,"geocoding":{},"distantMaxMiles":5},"Provincia de Contralmirante Villar":{"countryName":"Peru","stateName":"Tumbes","name":"Provincia de Contralmirante Villar","lat":-4,"lon":-80.75,"geocoding":{},"distantMaxMiles":5},"Provincia de Tumbes":{"countryName":"Peru","stateName":"Tumbes","name":"Provincia de Tumbes","lat":-3.75,"lon":-80.41667,"geocoding":{},"distantMaxMiles":5},"Provincia de Zarumilla":{"countryName":"Peru","stateName":"Tumbes","name":"Provincia de Zarumilla","lat":-3.66667,"lon":-80.25,"geocoding":{},"distantMaxMiles":5},"Tumbes":{"countryName":"Peru","stateName":"Tumbes","name":"Tumbes","lat":-3.56694,"lon":-80.45153,"geocoding":{},"distantMaxMiles":5},"Zarumilla":{"countryName":"Peru","stateName":"Tumbes","name":"Zarumilla","lat":-3.50306,"lon":-80.27306,"geocoding":{},"distantMaxMiles":5},"Zorritos":{"countryName":"Peru","stateName":"Tumbes","name":"Zorritos","lat":-3.68046,"lon":-80.67819,"geocoding":{},"distantMaxMiles":5}}},"Ucayali":{"countryName":"Peru","name":"Ucayali","isoCode":"UCA","lat":-9.8251183,"lon":-73.087749,"geocoding":{},"distantMaxMiles":5,"cities":{"Atalaya":{"countryName":"Peru","stateName":"Ucayali","name":"Atalaya","lat":-10.3898,"lon":-73.21977,"geocoding":{},"distantMaxMiles":5},"Campoverde":{"countryName":"Peru","stateName":"Ucayali","name":"Campoverde","lat":-8.47533,"lon":-74.80709,"geocoding":{},"distantMaxMiles":5},"Padre Abad":{"countryName":"Peru","stateName":"Ucayali","name":"Padre Abad","lat":-8.7968,"lon":-75.4285,"geocoding":{},"distantMaxMiles":5},"Provincia de Coronel Portillo":{"countryName":"Peru","stateName":"Ucayali","name":"Provincia de Coronel Portillo","lat":-9.5,"lon":-73.33333,"geocoding":{},"distantMaxMiles":5},"Pucallpa":{"countryName":"Peru","stateName":"Ucayali","name":"Pucallpa","lat":-8.37915,"lon":-74.55387,"geocoding":{},"distantMaxMiles":5},"Purus":{"countryName":"Peru","stateName":"Ucayali","name":"Purus","lat":-10.37331,"lon":-71.58231,"geocoding":{},"distantMaxMiles":5}}},"Áncash":{"countryName":"Peru","name":"Áncash","isoCode":"ANC","lat":-9.3250497,"lon":-77.5619419,"geocoding":{},"distantMaxMiles":5,"cities":{"Asuncion":{"countryName":"Peru","stateName":"Áncash","name":"Asuncion","lat":-9.18987,"lon":-77.39878,"geocoding":{},"distantMaxMiles":5},"Carhuaz":{"countryName":"Peru","stateName":"Áncash","name":"Carhuaz","lat":-9.28194,"lon":-77.64472,"geocoding":{},"distantMaxMiles":5},"Carlos Fermin Fitzcarrald":{"countryName":"Peru","stateName":"Áncash","name":"Carlos Fermin Fitzcarrald","lat":-9.04415,"lon":-77.24168,"geocoding":{},"distantMaxMiles":5},"Carás":{"countryName":"Peru","stateName":"Áncash","name":"Carás","lat":-9.04692,"lon":-77.80901,"geocoding":{},"distantMaxMiles":5},"Chimbote":{"countryName":"Peru","stateName":"Áncash","name":"Chimbote","lat":-9.08528,"lon":-78.57833,"geocoding":{},"distantMaxMiles":5},"Coishco":{"countryName":"Peru","stateName":"Áncash","name":"Coishco","lat":-9.02306,"lon":-78.61556,"geocoding":{},"distantMaxMiles":5},"Huaraz":{"countryName":"Peru","stateName":"Áncash","name":"Huaraz","lat":-9.52779,"lon":-77.52778,"geocoding":{},"distantMaxMiles":5},"Huarmey":{"countryName":"Peru","stateName":"Áncash","name":"Huarmey","lat":-10.06806,"lon":-78.15222,"geocoding":{},"distantMaxMiles":5},"Pomabamba":{"countryName":"Peru","stateName":"Áncash","name":"Pomabamba","lat":-8.83333,"lon":-77.46667,"geocoding":{},"distantMaxMiles":5},"Provincia de Aija":{"countryName":"Peru","stateName":"Áncash","name":"Provincia de Aija","lat":-9.83333,"lon":-77.66667,"geocoding":{},"distantMaxMiles":5},"Provincia de Antonio Raymondi":{"countryName":"Peru","stateName":"Áncash","name":"Provincia de Antonio Raymondi","lat":-9.08333,"lon":-77.08333,"geocoding":{},"distantMaxMiles":5},"Provincia de Bolognesi":{"countryName":"Peru","stateName":"Áncash","name":"Provincia de Bolognesi","lat":-10.10723,"lon":-77.14804,"geocoding":{},"distantMaxMiles":5},"Provincia de Carhuaz":{"countryName":"Peru","stateName":"Áncash","name":"Provincia de Carhuaz","lat":-9.317,"lon":-77.551,"geocoding":{},"distantMaxMiles":5},"Provincia de Casma":{"countryName":"Peru","stateName":"Áncash","name":"Provincia de Casma","lat":-9.47638,"lon":-78.24738,"geocoding":{},"distantMaxMiles":5},"Provincia de Corongo":{"countryName":"Peru","stateName":"Áncash","name":"Provincia de Corongo","lat":-8.58333,"lon":-77.91667,"geocoding":{},"distantMaxMiles":5},"Provincia de Huaraz":{"countryName":"Peru","stateName":"Áncash","name":"Provincia de Huaraz","lat":-9.56109,"lon":-77.64605,"geocoding":{},"distantMaxMiles":5},"Provincia de Huari":{"countryName":"Peru","stateName":"Áncash","name":"Provincia de Huari","lat":-9.33333,"lon":-77.16667,"geocoding":{},"distantMaxMiles":5},"Provincia de Huarmey":{"countryName":"Peru","stateName":"Áncash","name":"Provincia de Huarmey","lat":-9.91667,"lon":-78,"geocoding":{},"distantMaxMiles":5},"Provincia de Huaylas":{"countryName":"Peru","stateName":"Áncash","name":"Provincia de Huaylas","lat":-8.91667,"lon":-77.83333,"geocoding":{},"distantMaxMiles":5},"Provincia de Mariscal Luzuriaga":{"countryName":"Peru","stateName":"Áncash","name":"Provincia de Mariscal Luzuriaga","lat":-8.83333,"lon":-77.25,"geocoding":{},"distantMaxMiles":5},"Provincia de Pallasca":{"countryName":"Peru","stateName":"Áncash","name":"Provincia de Pallasca","lat":-8.33333,"lon":-77.91667,"geocoding":{},"distantMaxMiles":5},"Provincia de Pomabamba":{"countryName":"Peru","stateName":"Áncash","name":"Provincia de Pomabamba","lat":-8.82311,"lon":-77.47559,"geocoding":{},"distantMaxMiles":5},"Provincia de Recuay":{"countryName":"Peru","stateName":"Áncash","name":"Provincia de Recuay","lat":-10,"lon":-77.41667,"geocoding":{},"distantMaxMiles":5},"Provincia de Santa":{"countryName":"Peru","stateName":"Áncash","name":"Provincia de Santa","lat":-9,"lon":-78.25,"geocoding":{},"distantMaxMiles":5},"Provincia de Sihuas":{"countryName":"Peru","stateName":"Áncash","name":"Provincia de Sihuas","lat":-8.5,"lon":-77.5,"geocoding":{},"distantMaxMiles":5},"Provincia de Yungay":{"countryName":"Peru","stateName":"Áncash","name":"Provincia de Yungay","lat":-9.16667,"lon":-77.75,"geocoding":{},"distantMaxMiles":5},"Puerto Santa":{"countryName":"Peru","stateName":"Áncash","name":"Puerto Santa","lat":-8.98772,"lon":-78.64727,"geocoding":{},"distantMaxMiles":5},"Yauya":{"countryName":"Peru","stateName":"Áncash","name":"Yauya","lat":-8.98333,"lon":-77.3,"geocoding":{},"distantMaxMiles":5},"Yungay":{"countryName":"Peru","stateName":"Áncash","name":"Yungay","lat":-9.13833,"lon":-77.74361,"geocoding":{},"distantMaxMiles":5}}}}}