{"name":"Solomon Islands","isoCode":"SB","lat":-8,"lon":159,"geocoding":{},"distantMaxMiles":5,"states":{"Central Province":{"countryName":"Solomon Islands","name":"Central Province","isoCode":"CE","geocoding":{},"distantMaxMiles":5,"cities":{"Tulagi":{"countryName":"Solomon Islands","stateName":"Central Province","name":"Tulagi","lat":-9.10306,"lon":160.15056,"geocoding":{},"distantMaxMiles":5}}},"Choiseul Province":{"countryName":"Solomon Islands","name":"Choiseul Province","isoCode":"CH","lat":-7.0501494,"lon":156.9511459,"geocoding":{},"distantMaxMiles":5,"cities":{}},"Guadalcanal Province":{"countryName":"Solomon Islands","name":"Guadalcanal Province","isoCode":"GU","lat":-9.5773284,"lon":160.1455805,"geocoding":{},"distantMaxMiles":5,"cities":{"Honiara":{"countryName":"Solomon Islands","stateName":"Guadalcanal Province","name":"Honiara","lat":-9.43333,"lon":159.95,"geocoding":{},"distantMaxMiles":5}}},"Honiara":{"countryName":"Solomon Islands","name":"Honiara","isoCode":"CT","lat":-9.4456381,"lon":159.9728999,"geocoding":{},"distantMaxMiles":5,"cities":{}},"Isabel Province":{"countryName":"Solomon Islands","name":"Isabel Province","isoCode":"IS","lat":-8.0592353,"lon":159.1447081,"geocoding":{},"distantMaxMiles":5,"cities":{"Buala":{"countryName":"Solomon Islands","stateName":"Isabel Province","name":"Buala","lat":-8.14497,"lon":159.59212,"geocoding":{},"distantMaxMiles":5}}},"Makira-Ulawa Province":{"countryName":"Solomon Islands","name":"Makira-Ulawa Province","isoCode":"MK","lat":-10.5737447,"lon":161.8096941,"geocoding":{},"distantMaxMiles":5,"cities":{"Kirakira":{"countryName":"Solomon Islands","stateName":"Makira-Ulawa Province","name":"Kirakira","lat":-10.45442,"lon":161.92045,"geocoding":{},"distantMaxMiles":5}}},"Malaita Province":{"countryName":"Solomon Islands","name":"Malaita Province","isoCode":"ML","lat":-8.9446168,"lon":160.9071236,"geocoding":{},"distantMaxMiles":5,"cities":{"Auki":{"countryName":"Solomon Islands","stateName":"Malaita Province","name":"Auki","lat":-8.76778,"lon":160.69778,"geocoding":{},"distantMaxMiles":5}}},"Rennell and Bellona Province":{"countryName":"Solomon Islands","name":"Rennell and Bellona Province","isoCode":"RB","lat":-11.6131435,"lon":160.1693949,"geocoding":{},"distantMaxMiles":5,"cities":{}},"Temotu Province":{"countryName":"Solomon Islands","name":"Temotu Province","isoCode":"TE","lat":-10.686929,"lon":166.0623979,"geocoding":{},"distantMaxMiles":5,"cities":{"Lata":{"countryName":"Solomon Islands","stateName":"Temotu Province","name":"Lata","lat":-10.725,"lon":165.79722,"geocoding":{},"distantMaxMiles":5}}},"Western Province":{"countryName":"Solomon Islands","name":"Western Province","isoCode":"WE","geocoding":{},"distantMaxMiles":5,"cities":{"Gizo":{"countryName":"Solomon Islands","stateName":"Western Province","name":"Gizo","lat":-8.10303,"lon":156.84186,"geocoding":{},"distantMaxMiles":5}}}}}