{"name":"El Salvador","isoCode":"SV","lat":13.83333333,"lon":-88.91666666,"geocoding":{},"distantMaxMiles":5,"states":{"Ahuachapán Department":{"countryName":"El Salvador","name":"Ahuachapán Department","isoCode":"AH","lat":13.8216148,"lon":-89.9253233,"geocoding":{},"distantMaxMiles":5,"cities":{"Ahuachapán":{"countryName":"El Salvador","stateName":"Ahuachapán Department","name":"Ahuachapán","lat":13.92139,"lon":-89.845,"geocoding":{},"distantMaxMiles":5},"Atiquizaya":{"countryName":"El Salvador","stateName":"Ahuachapán Department","name":"Atiquizaya","lat":13.97694,"lon":-89.7525,"geocoding":{},"distantMaxMiles":5},"Concepción de Ataco":{"countryName":"El Salvador","stateName":"Ahuachapán Department","name":"Concepción de Ataco","lat":13.87028,"lon":-89.84861,"geocoding":{},"distantMaxMiles":5},"Guaymango":{"countryName":"El Salvador","stateName":"Ahuachapán Department","name":"Guaymango","lat":13.75028,"lon":-89.84222,"geocoding":{},"distantMaxMiles":5},"Jujutla":{"countryName":"El Salvador","stateName":"Ahuachapán Department","name":"Jujutla","lat":13.78694,"lon":-89.85722,"geocoding":{},"distantMaxMiles":5},"San Francisco Menéndez":{"countryName":"El Salvador","stateName":"Ahuachapán Department","name":"San Francisco Menéndez","lat":13.84306,"lon":-90.01583,"geocoding":{},"distantMaxMiles":5},"Tacuba":{"countryName":"El Salvador","stateName":"Ahuachapán Department","name":"Tacuba","lat":13.90111,"lon":-89.92972,"geocoding":{},"distantMaxMiles":5}}},"Cabañas Department":{"countryName":"El Salvador","name":"Cabañas Department","isoCode":"CA","lat":13.8648288,"lon":-88.7493998,"geocoding":{},"distantMaxMiles":5,"cities":{"Sensuntepeque":{"countryName":"El Salvador","stateName":"Cabañas Department","name":"Sensuntepeque","lat":13.86667,"lon":-88.63333,"geocoding":{},"distantMaxMiles":5},"Victoria":{"countryName":"El Salvador","stateName":"Cabañas Department","name":"Victoria","lat":13.95,"lon":-88.63333,"geocoding":{},"distantMaxMiles":5}}},"Chalatenango Department":{"countryName":"El Salvador","name":"Chalatenango Department","isoCode":"CH","lat":14.1916648,"lon":-89.1705998,"geocoding":{},"distantMaxMiles":5,"cities":{"Chalatenango":{"countryName":"El Salvador","stateName":"Chalatenango Department","name":"Chalatenango","lat":14.03333,"lon":-88.93333,"geocoding":{},"distantMaxMiles":5},"Nueva Concepción":{"countryName":"El Salvador","stateName":"Chalatenango Department","name":"Nueva Concepción","lat":14.13333,"lon":-89.3,"geocoding":{},"distantMaxMiles":5}}},"Cuscatlán Department":{"countryName":"El Salvador","name":"Cuscatlán Department","isoCode":"CU","lat":13.8661957,"lon":-89.0561532,"geocoding":{},"distantMaxMiles":5,"cities":{"Cojutepeque":{"countryName":"El Salvador","stateName":"Cuscatlán Department","name":"Cojutepeque","lat":13.71667,"lon":-88.93333,"geocoding":{},"distantMaxMiles":5},"San Martín":{"countryName":"El Salvador","stateName":"Cuscatlán Department","name":"San Martín","lat":13.78333,"lon":-88.91667,"geocoding":{},"distantMaxMiles":5},"Suchitoto":{"countryName":"El Salvador","stateName":"Cuscatlán Department","name":"Suchitoto","lat":13.93806,"lon":-89.02778,"geocoding":{},"distantMaxMiles":5},"Tecoluca":{"countryName":"El Salvador","stateName":"Cuscatlán Department","name":"Tecoluca","lat":13.78917,"lon":-89.00528,"geocoding":{},"distantMaxMiles":5},"Tenancingo":{"countryName":"El Salvador","stateName":"Cuscatlán Department","name":"Tenancingo","lat":13.83333,"lon":-88.98333,"geocoding":{},"distantMaxMiles":5}}},"La Libertad Department":{"countryName":"El Salvador","name":"La Libertad Department","isoCode":"LI","lat":13.6817661,"lon":-89.3606298,"geocoding":{},"distantMaxMiles":5,"cities":{"Antiguo Cuscatlán":{"countryName":"El Salvador","stateName":"La Libertad Department","name":"Antiguo Cuscatlán","lat":13.66492,"lon":-89.25319,"geocoding":{},"distantMaxMiles":5},"Ciudad Arce":{"countryName":"El Salvador","stateName":"La Libertad Department","name":"Ciudad Arce","lat":13.84028,"lon":-89.44722,"geocoding":{},"distantMaxMiles":5},"La Libertad":{"countryName":"El Salvador","stateName":"La Libertad Department","name":"La Libertad","lat":13.48833,"lon":-89.32222,"geocoding":{},"distantMaxMiles":5},"Nuevo Cuscatlán":{"countryName":"El Salvador","stateName":"La Libertad Department","name":"Nuevo Cuscatlán","lat":13.64861,"lon":-89.26528,"geocoding":{},"distantMaxMiles":5},"Quezaltepeque":{"countryName":"El Salvador","stateName":"La Libertad Department","name":"Quezaltepeque","lat":13.83124,"lon":-89.27221,"geocoding":{},"distantMaxMiles":5},"San Juan Opico":{"countryName":"El Salvador","stateName":"La Libertad Department","name":"San Juan Opico","lat":13.87611,"lon":-89.35972,"geocoding":{},"distantMaxMiles":5},"San Pablo Tacachico":{"countryName":"El Salvador","stateName":"La Libertad Department","name":"San Pablo Tacachico","lat":13.97556,"lon":-89.34,"geocoding":{},"distantMaxMiles":5},"Santa Tecla":{"countryName":"El Salvador","stateName":"La Libertad Department","name":"Santa Tecla","lat":13.67694,"lon":-89.27972,"geocoding":{},"distantMaxMiles":5},"Zaragoza":{"countryName":"El Salvador","stateName":"La Libertad Department","name":"Zaragoza","lat":13.58944,"lon":-89.28889,"geocoding":{},"distantMaxMiles":5}}},"La Paz Department":{"countryName":"El Salvador","name":"La Paz Department","isoCode":"PA","geocoding":{},"distantMaxMiles":5,"cities":{"El Rosario":{"countryName":"El Salvador","stateName":"La Paz Department","name":"El Rosario","lat":13.49778,"lon":-89.02972,"geocoding":{},"distantMaxMiles":5},"Olocuilta":{"countryName":"El Salvador","stateName":"La Paz Department","name":"Olocuilta","lat":13.56972,"lon":-89.11722,"geocoding":{},"distantMaxMiles":5},"San Pedro Masahuat":{"countryName":"El Salvador","stateName":"La Paz Department","name":"San Pedro Masahuat","lat":13.54361,"lon":-89.03861,"geocoding":{},"distantMaxMiles":5},"Santiago Nonualco":{"countryName":"El Salvador","stateName":"La Paz Department","name":"Santiago Nonualco","lat":13.51667,"lon":-88.95,"geocoding":{},"distantMaxMiles":5},"Zacatecoluca":{"countryName":"El Salvador","stateName":"La Paz Department","name":"Zacatecoluca","lat":13.5,"lon":-88.86667,"geocoding":{},"distantMaxMiles":5}}},"La Unión Department":{"countryName":"El Salvador","name":"La Unión Department","isoCode":"UN","lat":13.4886443,"lon":-87.8942451,"geocoding":{},"distantMaxMiles":5,"cities":{"Anamorós":{"countryName":"El Salvador","stateName":"La Unión Department","name":"Anamorós","lat":13.74056,"lon":-87.87361,"geocoding":{},"distantMaxMiles":5},"Conchagua":{"countryName":"El Salvador","stateName":"La Unión Department","name":"Conchagua","lat":13.30778,"lon":-87.86472,"geocoding":{},"distantMaxMiles":5},"Intipucá":{"countryName":"El Salvador","stateName":"La Unión Department","name":"Intipucá","lat":13.19694,"lon":-88.05444,"geocoding":{},"distantMaxMiles":5},"La Unión":{"countryName":"El Salvador","stateName":"La Unión Department","name":"La Unión","lat":13.33694,"lon":-87.84389,"geocoding":{},"distantMaxMiles":5},"Nueva Esparta":{"countryName":"El Salvador","stateName":"La Unión Department","name":"Nueva Esparta","lat":13.78361,"lon":-87.83861,"geocoding":{},"distantMaxMiles":5},"Pasaquina":{"countryName":"El Salvador","stateName":"La Unión Department","name":"Pasaquina","lat":13.58444,"lon":-87.84111,"geocoding":{},"distantMaxMiles":5},"San Alejo":{"countryName":"El Salvador","stateName":"La Unión Department","name":"San Alejo","lat":13.43139,"lon":-87.96306,"geocoding":{},"distantMaxMiles":5},"Santa Rosa de Lima":{"countryName":"El Salvador","stateName":"La Unión Department","name":"Santa Rosa de Lima","lat":13.62472,"lon":-87.89361,"geocoding":{},"distantMaxMiles":5}}},"Morazán Department":{"countryName":"El Salvador","name":"Morazán Department","isoCode":"MO","lat":13.7682,"lon":-88.1291387,"geocoding":{},"distantMaxMiles":5,"cities":{"Cacaopera":{"countryName":"El Salvador","stateName":"Morazán Department","name":"Cacaopera","lat":13.76667,"lon":-88.08333,"geocoding":{},"distantMaxMiles":5},"Corinto":{"countryName":"El Salvador","stateName":"Morazán Department","name":"Corinto","lat":13.81083,"lon":-87.97139,"geocoding":{},"distantMaxMiles":5},"Guatajiagua":{"countryName":"El Salvador","stateName":"Morazán Department","name":"Guatajiagua","lat":13.66667,"lon":-88.2,"geocoding":{},"distantMaxMiles":5},"Jocoro":{"countryName":"El Salvador","stateName":"Morazán Department","name":"Jocoro","lat":13.61667,"lon":-88.01667,"geocoding":{},"distantMaxMiles":5},"San Francisco":{"countryName":"El Salvador","stateName":"Morazán Department","name":"San Francisco","lat":13.7,"lon":-88.1,"geocoding":{},"distantMaxMiles":5},"Sociedad":{"countryName":"El Salvador","stateName":"Morazán Department","name":"Sociedad","lat":13.7,"lon":-88.01667,"geocoding":{},"distantMaxMiles":5}}},"San Miguel Department":{"countryName":"El Salvador","name":"San Miguel Department","isoCode":"SM","lat":13.4451041,"lon":-88.2461183,"geocoding":{},"distantMaxMiles":5,"cities":{"Chapeltique":{"countryName":"El Salvador","stateName":"San Miguel Department","name":"Chapeltique","lat":13.63333,"lon":-88.26667,"geocoding":{},"distantMaxMiles":5},"Chinameca":{"countryName":"El Salvador","stateName":"San Miguel Department","name":"Chinameca","lat":13.5,"lon":-88.35,"geocoding":{},"distantMaxMiles":5},"Chirilagua":{"countryName":"El Salvador","stateName":"San Miguel Department","name":"Chirilagua","lat":13.22028,"lon":-88.13861,"geocoding":{},"distantMaxMiles":5},"Ciudad Barrios":{"countryName":"El Salvador","stateName":"San Miguel Department","name":"Ciudad Barrios","lat":13.76667,"lon":-88.26667,"geocoding":{},"distantMaxMiles":5},"El Tránsito":{"countryName":"El Salvador","stateName":"San Miguel Department","name":"El Tránsito","lat":13.35,"lon":-88.35,"geocoding":{},"distantMaxMiles":5},"Lolotique":{"countryName":"El Salvador","stateName":"San Miguel Department","name":"Lolotique","lat":13.55,"lon":-88.35,"geocoding":{},"distantMaxMiles":5},"Moncagua":{"countryName":"El Salvador","stateName":"San Miguel Department","name":"Moncagua","lat":13.53333,"lon":-88.25,"geocoding":{},"distantMaxMiles":5},"Nueva Guadalupe":{"countryName":"El Salvador","stateName":"San Miguel Department","name":"Nueva Guadalupe","lat":13.53333,"lon":-88.35,"geocoding":{},"distantMaxMiles":5},"San Miguel":{"countryName":"El Salvador","stateName":"San Miguel Department","name":"San Miguel","lat":13.48333,"lon":-88.18333,"geocoding":{},"distantMaxMiles":5},"San Rafael Oriente":{"countryName":"El Salvador","stateName":"San Miguel Department","name":"San Rafael Oriente","lat":13.38333,"lon":-88.35,"geocoding":{},"distantMaxMiles":5},"Sesori":{"countryName":"El Salvador","stateName":"San Miguel Department","name":"Sesori","lat":13.71667,"lon":-88.36667,"geocoding":{},"distantMaxMiles":5}}},"San Salvador Department":{"countryName":"El Salvador","name":"San Salvador Department","isoCode":"SS","lat":13.7739997,"lon":-89.2086773,"geocoding":{},"distantMaxMiles":5,"cities":{"Aguilares":{"countryName":"El Salvador","stateName":"San Salvador Department","name":"Aguilares","lat":13.95722,"lon":-89.18972,"geocoding":{},"distantMaxMiles":5},"Apopa":{"countryName":"El Salvador","stateName":"San Salvador Department","name":"Apopa","lat":13.80722,"lon":-89.17917,"geocoding":{},"distantMaxMiles":5},"Ayutuxtepeque":{"countryName":"El Salvador","stateName":"San Salvador Department","name":"Ayutuxtepeque","lat":13.74556,"lon":-89.20639,"geocoding":{},"distantMaxMiles":5},"Cuscatancingo":{"countryName":"El Salvador","stateName":"San Salvador Department","name":"Cuscatancingo","lat":13.73611,"lon":-89.18139,"geocoding":{},"distantMaxMiles":5},"Delgado":{"countryName":"El Salvador","stateName":"San Salvador Department","name":"Delgado","lat":13.72417,"lon":-89.17028,"geocoding":{},"distantMaxMiles":5},"El Paisnal":{"countryName":"El Salvador","stateName":"San Salvador Department","name":"El Paisnal","lat":13.97361,"lon":-89.21861,"geocoding":{},"distantMaxMiles":5},"Guazapa":{"countryName":"El Salvador","stateName":"San Salvador Department","name":"Guazapa","lat":13.87694,"lon":-89.17306,"geocoding":{},"distantMaxMiles":5},"Ilopango":{"countryName":"El Salvador","stateName":"San Salvador Department","name":"Ilopango","lat":13.70167,"lon":-89.10944,"geocoding":{},"distantMaxMiles":5},"Mejicanos":{"countryName":"El Salvador","stateName":"San Salvador Department","name":"Mejicanos","lat":13.74028,"lon":-89.21306,"geocoding":{},"distantMaxMiles":5},"Panchimalco":{"countryName":"El Salvador","stateName":"San Salvador Department","name":"Panchimalco","lat":13.61278,"lon":-89.18,"geocoding":{},"distantMaxMiles":5},"Rosario de Mora":{"countryName":"El Salvador","stateName":"San Salvador Department","name":"Rosario de Mora","lat":13.57528,"lon":-89.20889,"geocoding":{},"distantMaxMiles":5},"San Marcos":{"countryName":"El Salvador","stateName":"San Salvador Department","name":"San Marcos","lat":13.65889,"lon":-89.18306,"geocoding":{},"distantMaxMiles":5},"San Salvador":{"countryName":"El Salvador","stateName":"San Salvador Department","name":"San Salvador","lat":13.68935,"lon":-89.18718,"geocoding":{},"distantMaxMiles":5},"Santo Tomás":{"countryName":"El Salvador","stateName":"San Salvador Department","name":"Santo Tomás","lat":13.64083,"lon":-89.13333,"geocoding":{},"distantMaxMiles":5},"Soyapango":{"countryName":"El Salvador","stateName":"San Salvador Department","name":"Soyapango","lat":13.71024,"lon":-89.13989,"geocoding":{},"distantMaxMiles":5},"Tonacatepeque":{"countryName":"El Salvador","stateName":"San Salvador Department","name":"Tonacatepeque","lat":13.78111,"lon":-89.11861,"geocoding":{},"distantMaxMiles":5}}},"San Vicente Department":{"countryName":"El Salvador","name":"San Vicente Department","isoCode":"SV","lat":13.5868561,"lon":-88.7493998,"geocoding":{},"distantMaxMiles":5,"cities":{"Apastepeque":{"countryName":"El Salvador","stateName":"San Vicente Department","name":"Apastepeque","lat":13.66667,"lon":-88.78333,"geocoding":{},"distantMaxMiles":5},"San Sebastián":{"countryName":"El Salvador","stateName":"San Vicente Department","name":"San Sebastián","lat":13.73333,"lon":-88.83333,"geocoding":{},"distantMaxMiles":5},"San Vicente":{"countryName":"El Salvador","stateName":"San Vicente Department","name":"San Vicente","lat":13.63333,"lon":-88.8,"geocoding":{},"distantMaxMiles":5}}},"Santa Ana Department":{"countryName":"El Salvador","name":"Santa Ana Department","isoCode":"SA","lat":14.1461121,"lon":-89.5120084,"geocoding":{},"distantMaxMiles":5,"cities":{"Candelaria de La Frontera":{"countryName":"El Salvador","stateName":"Santa Ana Department","name":"Candelaria de La Frontera","lat":14.11667,"lon":-89.65,"geocoding":{},"distantMaxMiles":5},"Chalchuapa":{"countryName":"El Salvador","stateName":"Santa Ana Department","name":"Chalchuapa","lat":13.98667,"lon":-89.68111,"geocoding":{},"distantMaxMiles":5},"Coatepeque":{"countryName":"El Salvador","stateName":"Santa Ana Department","name":"Coatepeque","lat":13.92861,"lon":-89.50417,"geocoding":{},"distantMaxMiles":5},"El Congo":{"countryName":"El Salvador","stateName":"Santa Ana Department","name":"El Congo","lat":13.90889,"lon":-89.49583,"geocoding":{},"distantMaxMiles":5},"Metapán":{"countryName":"El Salvador","stateName":"Santa Ana Department","name":"Metapán","lat":14.33333,"lon":-89.45,"geocoding":{},"distantMaxMiles":5},"Santa Ana":{"countryName":"El Salvador","stateName":"Santa Ana Department","name":"Santa Ana","lat":13.99417,"lon":-89.55972,"geocoding":{},"distantMaxMiles":5},"Texistepeque":{"countryName":"El Salvador","stateName":"Santa Ana Department","name":"Texistepeque","lat":14.13333,"lon":-89.5,"geocoding":{},"distantMaxMiles":5}}},"Sonsonate Department":{"countryName":"El Salvador","name":"Sonsonate Department","isoCode":"SO","lat":13.682358,"lon":-89.6628111,"geocoding":{},"distantMaxMiles":5,"cities":{"Acajutla":{"countryName":"El Salvador","stateName":"Sonsonate Department","name":"Acajutla","lat":13.59278,"lon":-89.8275,"geocoding":{},"distantMaxMiles":5},"Armenia":{"countryName":"El Salvador","stateName":"Sonsonate Department","name":"Armenia","lat":13.74361,"lon":-89.49889,"geocoding":{},"distantMaxMiles":5},"Izalco":{"countryName":"El Salvador","stateName":"Sonsonate Department","name":"Izalco","lat":13.74472,"lon":-89.67306,"geocoding":{},"distantMaxMiles":5},"Juayúa":{"countryName":"El Salvador","stateName":"Sonsonate Department","name":"Juayúa","lat":13.84139,"lon":-89.74556,"geocoding":{},"distantMaxMiles":5},"Nahuizalco":{"countryName":"El Salvador","stateName":"Sonsonate Department","name":"Nahuizalco","lat":13.7775,"lon":-89.73667,"geocoding":{},"distantMaxMiles":5},"San Antonio del Monte":{"countryName":"El Salvador","stateName":"Sonsonate Department","name":"San Antonio del Monte","lat":13.71639,"lon":-89.73833,"geocoding":{},"distantMaxMiles":5},"Sonsonate":{"countryName":"El Salvador","stateName":"Sonsonate Department","name":"Sonsonate","lat":13.71889,"lon":-89.72417,"geocoding":{},"distantMaxMiles":5},"Sonzacate":{"countryName":"El Salvador","stateName":"Sonsonate Department","name":"Sonzacate","lat":13.73417,"lon":-89.71472,"geocoding":{},"distantMaxMiles":5}}},"Usulután Department":{"countryName":"El Salvador","name":"Usulután Department","isoCode":"US","lat":13.4470634,"lon":-88.556531,"geocoding":{},"distantMaxMiles":5,"cities":{"Berlín":{"countryName":"El Salvador","stateName":"Usulután Department","name":"Berlín","lat":13.5,"lon":-88.53333,"geocoding":{},"distantMaxMiles":5},"Concepción Batres":{"countryName":"El Salvador","stateName":"Usulután Department","name":"Concepción Batres","lat":13.35,"lon":-88.36667,"geocoding":{},"distantMaxMiles":5},"Jiquilisco":{"countryName":"El Salvador","stateName":"Usulután Department","name":"Jiquilisco","lat":13.31667,"lon":-88.58333,"geocoding":{},"distantMaxMiles":5},"Jucuapa":{"countryName":"El Salvador","stateName":"Usulután Department","name":"Jucuapa","lat":13.51667,"lon":-88.38333,"geocoding":{},"distantMaxMiles":5},"Jucuarán":{"countryName":"El Salvador","stateName":"Usulután Department","name":"Jucuarán","lat":13.25389,"lon":-88.24778,"geocoding":{},"distantMaxMiles":5},"Ozatlán":{"countryName":"El Salvador","stateName":"Usulután Department","name":"Ozatlán","lat":13.38333,"lon":-88.5,"geocoding":{},"distantMaxMiles":5},"Puerto El Triunfo":{"countryName":"El Salvador","stateName":"Usulután Department","name":"Puerto El Triunfo","lat":13.28333,"lon":-88.55,"geocoding":{},"distantMaxMiles":5},"San Agustín":{"countryName":"El Salvador","stateName":"Usulután Department","name":"San Agustín","lat":13.43333,"lon":-88.6,"geocoding":{},"distantMaxMiles":5},"Santa Elena":{"countryName":"El Salvador","stateName":"Usulután Department","name":"Santa Elena","lat":13.38333,"lon":-88.41667,"geocoding":{},"distantMaxMiles":5},"Santiago de María":{"countryName":"El Salvador","stateName":"Usulután Department","name":"Santiago de María","lat":13.48333,"lon":-88.46667,"geocoding":{},"distantMaxMiles":5},"Usulután":{"countryName":"El Salvador","stateName":"Usulután Department","name":"Usulután","lat":13.35,"lon":-88.45,"geocoding":{},"distantMaxMiles":5}}}}}