{"name":"Vietnam","isoCode":"VN","lat":16.16666666,"lon":107.83333333,"geocoding":{},"distantMaxMiles":5,"states":{"An Giang":{"countryName":"Vietnam","name":"An Giang","isoCode":"44","lat":10.5215836,"lon":105.1258955,"geocoding":{},"distantMaxMiles":5,"cities":{"Cho Dok":{"countryName":"Vietnam","stateName":"An Giang","name":"Cho Dok","lat":10.7,"lon":105.11667,"geocoding":{},"distantMaxMiles":5},"Huyện An Phú":{"countryName":"Vietnam","stateName":"An Giang","name":"Huyện An Phú","lat":10.84274,"lon":105.0899,"geocoding":{},"distantMaxMiles":5},"Huyện Châu Phú":{"countryName":"Vietnam","stateName":"An Giang","name":"Huyện Châu Phú","lat":10.57166,"lon":105.16991,"geocoding":{},"distantMaxMiles":5},"Huyện Chợ Mới":{"countryName":"Vietnam","stateName":"An Giang","name":"Huyện Chợ Mới","lat":10.4773,"lon":105.49092,"geocoding":{},"distantMaxMiles":5},"Huyện Phú Tân":{"countryName":"Vietnam","stateName":"An Giang","name":"Huyện Phú Tân","lat":10.65716,"lon":105.28459,"geocoding":{},"distantMaxMiles":5},"Huyện Tri Tôn":{"countryName":"Vietnam","stateName":"An Giang","name":"Huyện Tri Tôn","lat":10.41416,"lon":104.96136,"geocoding":{},"distantMaxMiles":5},"Long Xuyên":{"countryName":"Vietnam","stateName":"An Giang","name":"Long Xuyên","lat":10.38639,"lon":105.43518,"geocoding":{},"distantMaxMiles":5},"Long Xuyên City":{"countryName":"Vietnam","stateName":"An Giang","name":"Long Xuyên City","lat":10.36857,"lon":105.4234,"geocoding":{},"distantMaxMiles":5}}},"Bà Rịa-Vũng Tàu":{"countryName":"Vietnam","name":"Bà Rịa-Vũng Tàu","isoCode":"43","lat":10.5417397,"lon":107.2429976,"geocoding":{},"distantMaxMiles":5,"cities":{"Côn Sơn":{"countryName":"Vietnam","stateName":"Bà Rịa-Vũng Tàu","name":"Côn Sơn","lat":8.68641,"lon":106.60824,"geocoding":{},"distantMaxMiles":5},"Huyện Châu Đức":{"countryName":"Vietnam","stateName":"Bà Rịa-Vũng Tàu","name":"Huyện Châu Đức","lat":10.65805,"lon":107.25098,"geocoding":{},"distantMaxMiles":5},"Huyện Tân Thành":{"countryName":"Vietnam","stateName":"Bà Rịa-Vũng Tàu","name":"Huyện Tân Thành","lat":10.57381,"lon":107.10189,"geocoding":{},"distantMaxMiles":5},"Huyện Xuyên Mộc":{"countryName":"Vietnam","stateName":"Bà Rịa-Vũng Tàu","name":"Huyện Xuyên Mộc","lat":10.63048,"lon":107.46568,"geocoding":{},"distantMaxMiles":5},"Huyện Đất Đỏ":{"countryName":"Vietnam","stateName":"Bà Rịa-Vũng Tàu","name":"Huyện Đất Đỏ","lat":10.48025,"lon":107.27879,"geocoding":{},"distantMaxMiles":5},"Thành Phố Vũng Tàu":{"countryName":"Vietnam","stateName":"Bà Rịa-Vũng Tàu","name":"Thành Phố Vũng Tàu","lat":10.40239,"lon":107.14239,"geocoding":{},"distantMaxMiles":5},"Thị Xã Phú Mỹ":{"countryName":"Vietnam","stateName":"Bà Rịa-Vũng Tàu","name":"Thị Xã Phú Mỹ","lat":10.56815,"lon":107.12999,"geocoding":{},"distantMaxMiles":5},"Vũng Tàu":{"countryName":"Vietnam","stateName":"Bà Rịa-Vũng Tàu","name":"Vũng Tàu","lat":10.34599,"lon":107.08426,"geocoding":{},"distantMaxMiles":5}}},"Bình Dương":{"countryName":"Vietnam","name":"Bình Dương","isoCode":"57","lat":11.3254024,"lon":106.477017,"geocoding":{},"distantMaxMiles":5,"cities":{"Dĩ An":{"countryName":"Vietnam","stateName":"Bình Dương","name":"Dĩ An","lat":10.90682,"lon":106.7694,"geocoding":{},"distantMaxMiles":5},"Thủ Dầu Một":{"countryName":"Vietnam","stateName":"Bình Dương","name":"Thủ Dầu Một","lat":10.9804,"lon":106.6519,"geocoding":{},"distantMaxMiles":5}}},"Bình Phước":{"countryName":"Vietnam","name":"Bình Phước","isoCode":"58","lat":11.7511894,"lon":106.7234639,"geocoding":{},"distantMaxMiles":5,"cities":{"Bình Long":{"countryName":"Vietnam","stateName":"Bình Phước","name":"Bình Long","lat":11.64711,"lon":106.60586,"geocoding":{},"distantMaxMiles":5},"Don Luan":{"countryName":"Vietnam","stateName":"Bình Phước","name":"Don Luan","lat":11.53495,"lon":106.88324,"geocoding":{},"distantMaxMiles":5},"Huyện Bù Đốp":{"countryName":"Vietnam","stateName":"Bình Phước","name":"Huyện Bù Đốp","lat":12.00374,"lon":106.81545,"geocoding":{},"distantMaxMiles":5},"Huyện Chơn Thành":{"countryName":"Vietnam","stateName":"Bình Phước","name":"Huyện Chơn Thành","lat":11.46283,"lon":106.66655,"geocoding":{},"distantMaxMiles":5},"Huyện Hớn Quản":{"countryName":"Vietnam","stateName":"Bình Phước","name":"Huyện Hớn Quản","lat":11.59718,"lon":106.62739,"geocoding":{},"distantMaxMiles":5},"Huyện Đồng Phú":{"countryName":"Vietnam","stateName":"Bình Phước","name":"Huyện Đồng Phú","lat":11.50071,"lon":107.01192,"geocoding":{},"distantMaxMiles":5},"Thị Xã Phước Long":{"countryName":"Vietnam","stateName":"Bình Phước","name":"Thị Xã Phước Long","lat":11.81142,"lon":106.9967,"geocoding":{},"distantMaxMiles":5}}},"Bình Thuận":{"countryName":"Vietnam","name":"Bình Thuận","isoCode":"40","lat":11.0903703,"lon":108.0720781,"geocoding":{},"distantMaxMiles":5,"cities":{"Huyện Bắc Bình":{"countryName":"Vietnam","stateName":"Bình Thuận","name":"Huyện Bắc Bình","lat":11.27571,"lon":108.38506,"geocoding":{},"distantMaxMiles":5},"Huyện Hàm Thuận Bắc":{"countryName":"Vietnam","stateName":"Bình Thuận","name":"Huyện Hàm Thuận Bắc","lat":11.14703,"lon":108.08172,"geocoding":{},"distantMaxMiles":5},"Huyện Hàm Thuận Nam":{"countryName":"Vietnam","stateName":"Bình Thuận","name":"Huyện Hàm Thuận Nam","lat":10.92101,"lon":107.93325,"geocoding":{},"distantMaxMiles":5},"Huyện Hàm Tân":{"countryName":"Vietnam","stateName":"Bình Thuận","name":"Huyện Hàm Tân","lat":10.76856,"lon":107.64233,"geocoding":{},"distantMaxMiles":5},"Huyện Tuy Phong":{"countryName":"Vietnam","stateName":"Bình Thuận","name":"Huyện Tuy Phong","lat":11.34746,"lon":108.70466,"geocoding":{},"distantMaxMiles":5},"Huyện Tánh Linh":{"countryName":"Vietnam","stateName":"Bình Thuận","name":"Huyện Tánh Linh","lat":11.11367,"lon":107.68427,"geocoding":{},"distantMaxMiles":5},"La Gi":{"countryName":"Vietnam","stateName":"Bình Thuận","name":"La Gi","lat":10.65993,"lon":107.77206,"geocoding":{},"distantMaxMiles":5},"Phan Thiết":{"countryName":"Vietnam","stateName":"Bình Thuận","name":"Phan Thiết","lat":10.92889,"lon":108.10208,"geocoding":{},"distantMaxMiles":5},"Thành Phố Phan Thiết":{"countryName":"Vietnam","stateName":"Bình Thuận","name":"Thành Phố Phan Thiết","lat":10.937,"lon":108.15778,"geocoding":{},"distantMaxMiles":5}}},"Bình Định":{"countryName":"Vietnam","name":"Bình Định","isoCode":"31","lat":14.1665324,"lon":108.902683,"geocoding":{},"distantMaxMiles":5,"cities":{"Huyện An Lão":{"countryName":"Vietnam","stateName":"Bình Định","name":"Huyện An Lão","lat":14.55676,"lon":108.801,"geocoding":{},"distantMaxMiles":5},"Huyện Hoài Nhơn":{"countryName":"Vietnam","stateName":"Bình Định","name":"Huyện Hoài Nhơn","lat":14.50535,"lon":109.02315,"geocoding":{},"distantMaxMiles":5},"Huyện Phù Mỹ":{"countryName":"Vietnam","stateName":"Bình Định","name":"Huyện Phù Mỹ","lat":14.22304,"lon":109.08611,"geocoding":{},"distantMaxMiles":5},"Huyện Tuy Phước":{"countryName":"Vietnam","stateName":"Bình Định","name":"Huyện Tuy Phước","lat":13.84564,"lon":109.15275,"geocoding":{},"distantMaxMiles":5},"Huyện Tây Sơn":{"countryName":"Vietnam","stateName":"Bình Định","name":"Huyện Tây Sơn","lat":13.94306,"lon":108.87999,"geocoding":{},"distantMaxMiles":5},"Huyện Vĩnh Thạnh":{"countryName":"Vietnam","stateName":"Bình Định","name":"Huyện Vĩnh Thạnh","lat":14.211,"lon":108.74389,"geocoding":{},"distantMaxMiles":5},"Qui Nhon":{"countryName":"Vietnam","stateName":"Bình Định","name":"Qui Nhon","lat":13.77648,"lon":109.22367,"geocoding":{},"distantMaxMiles":5}}},"Bạc Liêu":{"countryName":"Vietnam","name":"Bạc Liêu","isoCode":"55","lat":9.2940027,"lon":105.7215663,"geocoding":{},"distantMaxMiles":5,"cities":{"Bạc Liêu":{"countryName":"Vietnam","stateName":"Bạc Liêu","name":"Bạc Liêu","lat":9.29414,"lon":105.72776,"geocoding":{},"distantMaxMiles":5},"Huyện Giá Rai":{"countryName":"Vietnam","stateName":"Bạc Liêu","name":"Huyện Giá Rai","lat":9.27162,"lon":105.40017,"geocoding":{},"distantMaxMiles":5},"Huyện Hồng Dân":{"countryName":"Vietnam","stateName":"Bạc Liêu","name":"Huyện Hồng Dân","lat":9.53822,"lon":105.42242,"geocoding":{},"distantMaxMiles":5}}},"Bắc Giang":{"countryName":"Vietnam","name":"Bắc Giang","isoCode":"54","lat":21.2819921,"lon":106.1974769,"geocoding":{},"distantMaxMiles":5,"cities":{"Bắc Giang":{"countryName":"Vietnam","stateName":"Bắc Giang","name":"Bắc Giang","lat":21.27307,"lon":106.1946,"geocoding":{},"distantMaxMiles":5},"Huyện Lục Nam":{"countryName":"Vietnam","stateName":"Bắc Giang","name":"Huyện Lục Nam","lat":21.27548,"lon":106.46519,"geocoding":{},"distantMaxMiles":5},"Huyện Lục Ngạn":{"countryName":"Vietnam","stateName":"Bắc Giang","name":"Huyện Lục Ngạn","lat":21.43719,"lon":106.65845,"geocoding":{},"distantMaxMiles":5},"Huyện Yên Thế":{"countryName":"Vietnam","stateName":"Bắc Giang","name":"Huyện Yên Thế","lat":21.51667,"lon":106.11689,"geocoding":{},"distantMaxMiles":5}}},"Bắc Kạn":{"countryName":"Vietnam","name":"Bắc Kạn","isoCode":"53","lat":22.3032923,"lon":105.876004,"geocoding":{},"distantMaxMiles":5,"cities":{"Bắc Kạn":{"countryName":"Vietnam","stateName":"Bắc Kạn","name":"Bắc Kạn","lat":22.14701,"lon":105.83481,"geocoding":{},"distantMaxMiles":5},"Huyện Ba Bể":{"countryName":"Vietnam","stateName":"Bắc Kạn","name":"Huyện Ba Bể","lat":22.41667,"lon":105.75,"geocoding":{},"distantMaxMiles":5},"Huyện Bạch Thông":{"countryName":"Vietnam","stateName":"Bắc Kạn","name":"Huyện Bạch Thông","lat":22.25758,"lon":105.83295,"geocoding":{},"distantMaxMiles":5},"Huyện Chợ Đồn":{"countryName":"Vietnam","stateName":"Bắc Kạn","name":"Huyện Chợ Đồn","lat":22.18681,"lon":105.5728,"geocoding":{},"distantMaxMiles":5},"Huyện Na Rì":{"countryName":"Vietnam","stateName":"Bắc Kạn","name":"Huyện Na Rì","lat":22.17883,"lon":106.11221,"geocoding":{},"distantMaxMiles":5},"Huyện Ngân Sơn":{"countryName":"Vietnam","stateName":"Bắc Kạn","name":"Huyện Ngân Sơn","lat":22.42962,"lon":106.0103,"geocoding":{},"distantMaxMiles":5},"Thị Xã Bắc Kạn":{"countryName":"Vietnam","stateName":"Bắc Kạn","name":"Thị Xã Bắc Kạn","lat":22.1413,"lon":105.83867,"geocoding":{},"distantMaxMiles":5}}},"Bắc Ninh":{"countryName":"Vietnam","name":"Bắc Ninh","isoCode":"56","lat":21.121444,"lon":106.1110501,"geocoding":{},"distantMaxMiles":5,"cities":{"Bắc Ninh":{"countryName":"Vietnam","stateName":"Bắc Ninh","name":"Bắc Ninh","lat":21.18608,"lon":106.07631,"geocoding":{},"distantMaxMiles":5},"Cung Kiệm":{"countryName":"Vietnam","stateName":"Bắc Ninh","name":"Cung Kiệm","lat":21.18697,"lon":106.16076,"geocoding":{},"distantMaxMiles":5},"Huyện Gia Bình":{"countryName":"Vietnam","stateName":"Bắc Ninh","name":"Huyện Gia Bình","lat":21.07795,"lon":106.20903,"geocoding":{},"distantMaxMiles":5},"Huyện Thuận Thành":{"countryName":"Vietnam","stateName":"Bắc Ninh","name":"Huyện Thuận Thành","lat":21.04085,"lon":106.07515,"geocoding":{},"distantMaxMiles":5},"Huyện Tiên Du":{"countryName":"Vietnam","stateName":"Bắc Ninh","name":"Huyện Tiên Du","lat":21.12195,"lon":106.03995,"geocoding":{},"distantMaxMiles":5},"Huyện Yên Phong":{"countryName":"Vietnam","stateName":"Bắc Ninh","name":"Huyện Yên Phong","lat":21.20676,"lon":105.99427,"geocoding":{},"distantMaxMiles":5}}},"Bến Tre":{"countryName":"Vietnam","name":"Bến Tre","isoCode":"50","lat":10.2433556,"lon":106.375551,"geocoding":{},"distantMaxMiles":5,"cities":{"Bến Tre":{"countryName":"Vietnam","stateName":"Bến Tre","name":"Bến Tre","lat":10.24147,"lon":106.37585,"geocoding":{},"distantMaxMiles":5},"Huyện Ba Tri":{"countryName":"Vietnam","stateName":"Bến Tre","name":"Huyện Ba Tri","lat":10.06627,"lon":106.60554,"geocoding":{},"distantMaxMiles":5},"Huyện Bình Đại":{"countryName":"Vietnam","stateName":"Bến Tre","name":"Huyện Bình Đại","lat":10.19354,"lon":106.64455,"geocoding":{},"distantMaxMiles":5},"Huyện Châu Thành":{"countryName":"Vietnam","stateName":"Bến Tre","name":"Huyện Châu Thành","lat":10.29212,"lon":106.30827,"geocoding":{},"distantMaxMiles":5},"Huyện Chợ Lách":{"countryName":"Vietnam","stateName":"Bến Tre","name":"Huyện Chợ Lách","lat":10.22674,"lon":106.17077,"geocoding":{},"distantMaxMiles":5},"Huyện Giồng Trôm":{"countryName":"Vietnam","stateName":"Bến Tre","name":"Huyện Giồng Trôm","lat":10.15909,"lon":106.47004,"geocoding":{},"distantMaxMiles":5},"Huyện Thạnh Phú":{"countryName":"Vietnam","stateName":"Bến Tre","name":"Huyện Thạnh Phú","lat":9.92993,"lon":106.54316,"geocoding":{},"distantMaxMiles":5},"Ấp Tân Ngãi":{"countryName":"Vietnam","stateName":"Bến Tre","name":"Ấp Tân Ngãi","lat":10.23333,"lon":106.28333,"geocoding":{},"distantMaxMiles":5}}},"Cao Bằng":{"countryName":"Vietnam","name":"Cao Bằng","isoCode":"04","lat":22.635689,"lon":106.2522143,"geocoding":{},"distantMaxMiles":5,"cities":{"Cao Bằng":{"countryName":"Vietnam","stateName":"Cao Bằng","name":"Cao Bằng","lat":22.66568,"lon":106.25786,"geocoding":{},"distantMaxMiles":5},"Huyen Phuc Hoa":{"countryName":"Vietnam","stateName":"Cao Bằng","name":"Huyen Phuc Hoa","lat":22.5384,"lon":106.51039,"geocoding":{},"distantMaxMiles":5},"Huyện Bảo Lac":{"countryName":"Vietnam","stateName":"Cao Bằng","name":"Huyện Bảo Lac","lat":22.90085,"lon":105.73332,"geocoding":{},"distantMaxMiles":5},"Huyện Bảo Lâm":{"countryName":"Vietnam","stateName":"Cao Bằng","name":"Huyện Bảo Lâm","lat":22.87041,"lon":105.4878,"geocoding":{},"distantMaxMiles":5},"Huyện Hà Quảng":{"countryName":"Vietnam","stateName":"Cao Bằng","name":"Huyện Hà Quảng","lat":22.90763,"lon":106.12487,"geocoding":{},"distantMaxMiles":5},"Huyện Hạ Lang":{"countryName":"Vietnam","stateName":"Cao Bằng","name":"Huyện Hạ Lang","lat":22.70933,"lon":106.67657,"geocoding":{},"distantMaxMiles":5},"Huyện Nguyên Bình":{"countryName":"Vietnam","stateName":"Cao Bằng","name":"Huyện Nguyên Bình","lat":22.624,"lon":105.93248,"geocoding":{},"distantMaxMiles":5},"Huyện Thông Nông":{"countryName":"Vietnam","stateName":"Cao Bằng","name":"Huyện Thông Nông","lat":22.80735,"lon":105.95846,"geocoding":{},"distantMaxMiles":5},"Huyện Thạch An":{"countryName":"Vietnam","stateName":"Cao Bằng","name":"Huyện Thạch An","lat":22.47654,"lon":106.34237,"geocoding":{},"distantMaxMiles":5},"Huyện Trà Lĩnh":{"countryName":"Vietnam","stateName":"Cao Bằng","name":"Huyện Trà Lĩnh","lat":22.80961,"lon":106.32543,"geocoding":{},"distantMaxMiles":5},"Huyện Trùng Khánh":{"countryName":"Vietnam","stateName":"Cao Bằng","name":"Huyện Trùng Khánh","lat":22.83333,"lon":106.56074,"geocoding":{},"distantMaxMiles":5}}},"Cà Mau":{"countryName":"Vietnam","name":"Cà Mau","isoCode":"59","lat":9.1526728,"lon":105.1960795,"geocoding":{},"distantMaxMiles":5,"cities":{"Cà Mau":{"countryName":"Vietnam","stateName":"Cà Mau","name":"Cà Mau","lat":9.17682,"lon":105.15242,"geocoding":{},"distantMaxMiles":5},"Huyen Nam Can":{"countryName":"Vietnam","stateName":"Cà Mau","name":"Huyen Nam Can","lat":8.81531,"lon":105.05574,"geocoding":{},"distantMaxMiles":5},"Huyện Cái Nước":{"countryName":"Vietnam","stateName":"Cà Mau","name":"Huyện Cái Nước","lat":9.00094,"lon":105.04201,"geocoding":{},"distantMaxMiles":5},"Huyện Thới Bình":{"countryName":"Vietnam","stateName":"Cà Mau","name":"Huyện Thới Bình","lat":9.3579,"lon":105.16023,"geocoding":{},"distantMaxMiles":5},"Huyện Đầm Dơi":{"countryName":"Vietnam","stateName":"Cà Mau","name":"Huyện Đầm Dơi","lat":8.96029,"lon":105.24107,"geocoding":{},"distantMaxMiles":5}}},"Cần Thơ":{"countryName":"Vietnam","name":"Cần Thơ","isoCode":"CT","lat":10.0341851,"lon":105.7225507,"geocoding":{},"distantMaxMiles":5,"cities":{"Cần Thơ":{"countryName":"Vietnam","stateName":"Cần Thơ","name":"Cần Thơ","lat":10.11667,"lon":105.5,"geocoding":{},"distantMaxMiles":5},"Cờ Đỏ":{"countryName":"Vietnam","stateName":"Cần Thơ","name":"Cờ Đỏ","lat":10.09472222,"lon":105.43194444,"geocoding":{},"distantMaxMiles":5},"Thới Lai":{"countryName":"Vietnam","stateName":"Cần Thơ","name":"Thới Lai","lat":10.06305556,"lon":105.56083333,"geocoding":{},"distantMaxMiles":5},"Vĩnh Thạnh":{"countryName":"Vietnam","stateName":"Cần Thơ","name":"Vĩnh Thạnh","lat":10.21916667,"lon":105.40111111,"geocoding":{},"distantMaxMiles":5}}},"Gia Lai":{"countryName":"Vietnam","name":"Gia Lai","isoCode":"30","lat":13.8078943,"lon":108.109375,"geocoding":{},"distantMaxMiles":5,"cities":{"Huyện Chư Prông":{"countryName":"Vietnam","stateName":"Gia Lai","name":"Huyện Chư Prông","lat":13.59976,"lon":107.81099,"geocoding":{},"distantMaxMiles":5},"Huyện Chư Păh":{"countryName":"Vietnam","stateName":"Gia Lai","name":"Huyện Chư Păh","lat":14.15941,"lon":107.98411,"geocoding":{},"distantMaxMiles":5},"Huyện Chư Sê":{"countryName":"Vietnam","stateName":"Gia Lai","name":"Huyện Chư Sê","lat":13.74254,"lon":108.08663,"geocoding":{},"distantMaxMiles":5},"Huyện Ia Grai":{"countryName":"Vietnam","stateName":"Gia Lai","name":"Huyện Ia Grai","lat":13.98937,"lon":107.7374,"geocoding":{},"distantMaxMiles":5},"Huyện KBang":{"countryName":"Vietnam","stateName":"Gia Lai","name":"Huyện KBang","lat":14.30506,"lon":108.49779,"geocoding":{},"distantMaxMiles":5},"Huyện Krông Pa":{"countryName":"Vietnam","stateName":"Gia Lai","name":"Huyện Krông Pa","lat":13.23152,"lon":108.65494,"geocoding":{},"distantMaxMiles":5},"Huyện Kông Chro":{"countryName":"Vietnam","stateName":"Gia Lai","name":"Huyện Kông Chro","lat":13.73519,"lon":108.59697,"geocoding":{},"distantMaxMiles":5},"Huyện Mang Yang":{"countryName":"Vietnam","stateName":"Gia Lai","name":"Huyện Mang Yang","lat":13.9284,"lon":108.30246,"geocoding":{},"distantMaxMiles":5},"Huyện Đức Cơ":{"countryName":"Vietnam","stateName":"Gia Lai","name":"Huyện Đức Cơ","lat":13.78454,"lon":107.6697,"geocoding":{},"distantMaxMiles":5},"Pleiku":{"countryName":"Vietnam","stateName":"Gia Lai","name":"Pleiku","lat":13.98333,"lon":108,"geocoding":{},"distantMaxMiles":5}}},"Hà Giang":{"countryName":"Vietnam","name":"Hà Giang","isoCode":"03","lat":22.8025588,"lon":104.9784494,"geocoding":{},"distantMaxMiles":5,"cities":{"Huyện Bắc Mê":{"countryName":"Vietnam","stateName":"Hà Giang","name":"Huyện Bắc Mê","lat":22.75477,"lon":105.29023,"geocoding":{},"distantMaxMiles":5},"Huyện Bắc Quang":{"countryName":"Vietnam","stateName":"Hà Giang","name":"Huyện Bắc Quang","lat":22.42301,"lon":104.91831,"geocoding":{},"distantMaxMiles":5},"Huyện Quang Bình":{"countryName":"Vietnam","stateName":"Hà Giang","name":"Huyện Quang Bình","lat":22.41507,"lon":104.66018,"geocoding":{},"distantMaxMiles":5},"Huyện Vị Xuyên":{"countryName":"Vietnam","stateName":"Hà Giang","name":"Huyện Vị Xuyên","lat":22.73096,"lon":104.90827,"geocoding":{},"distantMaxMiles":5},"Huyện Xín Mần":{"countryName":"Vietnam","stateName":"Hà Giang","name":"Huyện Xín Mần","lat":22.64148,"lon":104.52089,"geocoding":{},"distantMaxMiles":5},"Huyện Yên Minh":{"countryName":"Vietnam","stateName":"Hà Giang","name":"Huyện Yên Minh","lat":23.06992,"lon":105.17865,"geocoding":{},"distantMaxMiles":5},"Huyện Đồng Văn":{"countryName":"Vietnam","stateName":"Hà Giang","name":"Huyện Đồng Văn","lat":23.25449,"lon":105.27626,"geocoding":{},"distantMaxMiles":5},"Hà Giang":{"countryName":"Vietnam","stateName":"Hà Giang","name":"Hà Giang","lat":22.82333,"lon":104.98357,"geocoding":{},"distantMaxMiles":5}}},"Hà Nam":{"countryName":"Vietnam","name":"Hà Nam","isoCode":"63","lat":20.5835196,"lon":105.92299,"geocoding":{},"distantMaxMiles":5,"cities":{"Huyện Bình Lục":{"countryName":"Vietnam","stateName":"Hà Nam","name":"Huyện Bình Lục","lat":20.50126,"lon":106.02959,"geocoding":{},"distantMaxMiles":5},"Huyện Duy Tiên":{"countryName":"Vietnam","stateName":"Hà Nam","name":"Huyện Duy Tiên","lat":20.62803,"lon":105.96193,"geocoding":{},"distantMaxMiles":5},"Huyện Kim Bảng":{"countryName":"Vietnam","stateName":"Hà Nam","name":"Huyện Kim Bảng","lat":20.57254,"lon":105.85043,"geocoding":{},"distantMaxMiles":5},"Huyện Lý Nhân":{"countryName":"Vietnam","stateName":"Hà Nam","name":"Huyện Lý Nhân","lat":20.56422,"lon":106.09455,"geocoding":{},"distantMaxMiles":5},"Huyện Thanh Liêm":{"countryName":"Vietnam","stateName":"Hà Nam","name":"Huyện Thanh Liêm","lat":20.46249,"lon":105.921,"geocoding":{},"distantMaxMiles":5},"Phủ Lý":{"countryName":"Vietnam","stateName":"Hà Nam","name":"Phủ Lý","lat":20.54531,"lon":105.91221,"geocoding":{},"distantMaxMiles":5}}},"Hà Nội":{"countryName":"Vietnam","name":"Hà Nội","isoCode":"HN","lat":21.0277644,"lon":105.8341598,"geocoding":{},"distantMaxMiles":5,"cities":{"Hanoi":{"countryName":"Vietnam","stateName":"Hà Nội","name":"Hanoi","lat":21.0245,"lon":105.84117,"geocoding":{},"distantMaxMiles":5},"Huyện Quốc Oai":{"countryName":"Vietnam","stateName":"Hà Nội","name":"Huyện Quốc Oai","lat":20.9706,"lon":105.61127,"geocoding":{},"distantMaxMiles":5},"Hà Đông":{"countryName":"Vietnam","stateName":"Hà Nội","name":"Hà Đông","lat":20.97136,"lon":105.77876,"geocoding":{},"distantMaxMiles":5},"Quận Ba Đình":{"countryName":"Vietnam","stateName":"Hà Nội","name":"Quận Ba Đình","lat":21.03587,"lon":105.82163,"geocoding":{},"distantMaxMiles":5},"Quận Hà Đông":{"countryName":"Vietnam","stateName":"Hà Nội","name":"Quận Hà Đông","lat":20.95482,"lon":105.76851,"geocoding":{},"distantMaxMiles":5},"Sơn Tây":{"countryName":"Vietnam","stateName":"Hà Nội","name":"Sơn Tây","lat":21.14053,"lon":105.50686,"geocoding":{},"distantMaxMiles":5}}},"Hà Tĩnh":{"countryName":"Vietnam","name":"Hà Tĩnh","isoCode":"23","lat":18.3559537,"lon":105.8877494,"geocoding":{},"distantMaxMiles":5,"cities":{"Huyện Can Lộc":{"countryName":"Vietnam","stateName":"Hà Tĩnh","name":"Huyện Can Lộc","lat":18.44414,"lon":105.7635,"geocoding":{},"distantMaxMiles":5},"Huyện Cẩm Xuyên":{"countryName":"Vietnam","stateName":"Hà Tĩnh","name":"Huyện Cẩm Xuyên","lat":18.19059,"lon":106.00186,"geocoding":{},"distantMaxMiles":5},"Huyện Kỳ Anh":{"countryName":"Vietnam","stateName":"Hà Tĩnh","name":"Huyện Kỳ Anh","lat":18.05805,"lon":106.2458,"geocoding":{},"distantMaxMiles":5},"Huyện Nghi Xuân":{"countryName":"Vietnam","stateName":"Hà Tĩnh","name":"Huyện Nghi Xuân","lat":18.62419,"lon":105.76829,"geocoding":{},"distantMaxMiles":5},"Huyện Thạch Hà":{"countryName":"Vietnam","stateName":"Hà Tĩnh","name":"Huyện Thạch Hà","lat":18.35091,"lon":105.81123,"geocoding":{},"distantMaxMiles":5},"Huyện Ðức Thọ":{"countryName":"Vietnam","stateName":"Hà Tĩnh","name":"Huyện Ðức Thọ","lat":18.49699,"lon":105.61016,"geocoding":{},"distantMaxMiles":5},"Hà Tĩnh":{"countryName":"Vietnam","stateName":"Hà Tĩnh","name":"Hà Tĩnh","lat":18.34282,"lon":105.90569,"geocoding":{},"distantMaxMiles":5}}},"Hòa Bình":{"countryName":"Vietnam","name":"Hòa Bình","isoCode":"14","lat":20.6861265,"lon":105.3131185,"geocoding":{},"distantMaxMiles":5,"cities":{"Huyện Cao Phong":{"countryName":"Vietnam","stateName":"Hòa Bình","name":"Huyện Cao Phong","lat":20.69532,"lon":105.33559,"geocoding":{},"distantMaxMiles":5},"Huyện Kỳ Sơn":{"countryName":"Vietnam","stateName":"Hòa Bình","name":"Huyện Kỳ Sơn","lat":20.89631,"lon":105.39659,"geocoding":{},"distantMaxMiles":5},"Huyện Lương Sơn":{"countryName":"Vietnam","stateName":"Hòa Bình","name":"Huyện Lương Sơn","lat":20.8765,"lon":105.51219,"geocoding":{},"distantMaxMiles":5},"Huyện Lạc Thủy":{"countryName":"Vietnam","stateName":"Hòa Bình","name":"Huyện Lạc Thủy","lat":20.49794,"lon":105.74092,"geocoding":{},"distantMaxMiles":5},"Huyện Tân Lạc":{"countryName":"Vietnam","stateName":"Hòa Bình","name":"Huyện Tân Lạc","lat":20.60557,"lon":105.23399,"geocoding":{},"distantMaxMiles":5},"Hòa Bình":{"countryName":"Vietnam","stateName":"Hòa Bình","name":"Hòa Bình","lat":20.81717,"lon":105.33759,"geocoding":{},"distantMaxMiles":5}}},"Hưng Yên":{"countryName":"Vietnam","name":"Hưng Yên","isoCode":"66","lat":20.8525711,"lon":106.0169971,"geocoding":{},"distantMaxMiles":5,"cities":{"Huyện Khoái Châu":{"countryName":"Vietnam","stateName":"Hưng Yên","name":"Huyện Khoái Châu","lat":20.8217,"lon":105.97455,"geocoding":{},"distantMaxMiles":5},"Huyện Kim Động":{"countryName":"Vietnam","stateName":"Hưng Yên","name":"Huyện Kim Động","lat":20.74645,"lon":106.03632,"geocoding":{},"distantMaxMiles":5},"Huyện Mỹ Hào":{"countryName":"Vietnam","stateName":"Hưng Yên","name":"Huyện Mỹ Hào","lat":20.9321,"lon":106.1063,"geocoding":{},"distantMaxMiles":5},"Huyện Phù Cừ":{"countryName":"Vietnam","stateName":"Hưng Yên","name":"Huyện Phù Cừ","lat":20.70997,"lon":106.19744,"geocoding":{},"distantMaxMiles":5},"Huyện Tiên Lữ":{"countryName":"Vietnam","stateName":"Hưng Yên","name":"Huyện Tiên Lữ","lat":20.6849,"lon":106.12513,"geocoding":{},"distantMaxMiles":5},"Huyện Ân Thi":{"countryName":"Vietnam","stateName":"Hưng Yên","name":"Huyện Ân Thi","lat":20.81086,"lon":106.09995,"geocoding":{},"distantMaxMiles":5},"Hưng Yên":{"countryName":"Vietnam","stateName":"Hưng Yên","name":"Hưng Yên","lat":20.64637,"lon":106.05112,"geocoding":{},"distantMaxMiles":5}}},"Hải Dương":{"countryName":"Vietnam","name":"Hải Dương","isoCode":"61","lat":20.9373413,"lon":106.3145542,"geocoding":{},"distantMaxMiles":5,"cities":{"Huyện Bình Giang":{"countryName":"Vietnam","stateName":"Hải Dương","name":"Huyện Bình Giang","lat":20.87586,"lon":106.19138,"geocoding":{},"distantMaxMiles":5},"Huyện Cẩm Giàng":{"countryName":"Vietnam","stateName":"Hải Dương","name":"Huyện Cẩm Giàng","lat":20.95,"lon":106.21667,"geocoding":{},"distantMaxMiles":5},"Huyện Gia Lộc":{"countryName":"Vietnam","stateName":"Hải Dương","name":"Huyện Gia Lộc","lat":20.85164,"lon":106.2913,"geocoding":{},"distantMaxMiles":5},"Huyện Kinh Môn":{"countryName":"Vietnam","stateName":"Hải Dương","name":"Huyện Kinh Môn","lat":21.01634,"lon":106.50384,"geocoding":{},"distantMaxMiles":5},"Huyện Nam Sách":{"countryName":"Vietnam","stateName":"Hải Dương","name":"Huyện Nam Sách","lat":21.00484,"lon":106.34042,"geocoding":{},"distantMaxMiles":5},"Huyện Thanh Miện":{"countryName":"Vietnam","stateName":"Hải Dương","name":"Huyện Thanh Miện","lat":20.77953,"lon":106.22218,"geocoding":{},"distantMaxMiles":5},"Hải Dương":{"countryName":"Vietnam","stateName":"Hải Dương","name":"Hải Dương","lat":20.94099,"lon":106.33302,"geocoding":{},"distantMaxMiles":5},"Thị Xã Chí Linh":{"countryName":"Vietnam","stateName":"Hải Dương","name":"Thị Xã Chí Linh","lat":21.13722,"lon":106.39638,"geocoding":{},"distantMaxMiles":5}}},"Hải Phòng":{"countryName":"Vietnam","name":"Hải Phòng","isoCode":"HP","lat":20.8449115,"lon":106.6880841,"geocoding":{},"distantMaxMiles":5,"cities":{"Cát Bà":{"countryName":"Vietnam","stateName":"Hải Phòng","name":"Cát Bà","lat":20.72779,"lon":107.04819,"geocoding":{},"distantMaxMiles":5},"Haiphong":{"countryName":"Vietnam","stateName":"Hải Phòng","name":"Haiphong","lat":20.86481,"lon":106.68345,"geocoding":{},"distantMaxMiles":5}}},"Hậu Giang":{"countryName":"Vietnam","name":"Hậu Giang","isoCode":"73","lat":9.757898,"lon":105.6412527,"geocoding":{},"distantMaxMiles":5,"cities":{"Huyện Châu Thành A":{"countryName":"Vietnam","stateName":"Hậu Giang","name":"Huyện Châu Thành A","lat":9.93056,"lon":105.64194,"geocoding":{},"distantMaxMiles":5},"Vị Thanh":{"countryName":"Vietnam","stateName":"Hậu Giang","name":"Vị Thanh","lat":9.78449,"lon":105.47012,"geocoding":{},"distantMaxMiles":5}}},"Hồ Chí Minh":{"countryName":"Vietnam","name":"Hồ Chí Minh","isoCode":"SG","lat":10.8230989,"lon":106.6296638,"geocoding":{},"distantMaxMiles":5,"cities":{"Cần Giờ":{"countryName":"Vietnam","stateName":"Hồ Chí Minh","name":"Cần Giờ","lat":10.41115,"lon":106.95474,"geocoding":{},"distantMaxMiles":5},"Củ Chi":{"countryName":"Vietnam","stateName":"Hồ Chí Minh","name":"Củ Chi","lat":10.97333,"lon":106.49325,"geocoding":{},"distantMaxMiles":5},"Ho Chi Minh City":{"countryName":"Vietnam","stateName":"Hồ Chí Minh","name":"Ho Chi Minh City","lat":10.82302,"lon":106.62965,"geocoding":{},"distantMaxMiles":5}}},"Khánh Hòa":{"countryName":"Vietnam","name":"Khánh Hòa","isoCode":"34","lat":12.2585098,"lon":109.0526076,"geocoding":{},"distantMaxMiles":5,"cities":{"Cam Ranh":{"countryName":"Vietnam","stateName":"Khánh Hòa","name":"Cam Ranh","lat":11.92144,"lon":109.15913,"geocoding":{},"distantMaxMiles":5},"Huyện Diên Khánh":{"countryName":"Vietnam","stateName":"Khánh Hòa","name":"Huyện Diên Khánh","lat":12.27341,"lon":109.0389,"geocoding":{},"distantMaxMiles":5},"Huyện Khánh Sơn":{"countryName":"Vietnam","stateName":"Khánh Hòa","name":"Huyện Khánh Sơn","lat":12.02858,"lon":108.90814,"geocoding":{},"distantMaxMiles":5},"Huyện Khánh Vĩnh":{"countryName":"Vietnam","stateName":"Khánh Hòa","name":"Huyện Khánh Vĩnh","lat":12.30593,"lon":108.83073,"geocoding":{},"distantMaxMiles":5},"Huyện Vạn Ninh":{"countryName":"Vietnam","stateName":"Khánh Hòa","name":"Huyện Vạn Ninh","lat":12.72344,"lon":109.24586,"geocoding":{},"distantMaxMiles":5},"Nha Trang":{"countryName":"Vietnam","stateName":"Khánh Hòa","name":"Nha Trang","lat":12.24507,"lon":109.19432,"geocoding":{},"distantMaxMiles":5},"Thành Phố Cam Ranh":{"countryName":"Vietnam","stateName":"Khánh Hòa","name":"Thành Phố Cam Ranh","lat":11.90707,"lon":109.14861,"geocoding":{},"distantMaxMiles":5},"Thành Phố Nha Trang":{"countryName":"Vietnam","stateName":"Khánh Hòa","name":"Thành Phố Nha Trang","lat":12.25458,"lon":109.16655,"geocoding":{},"distantMaxMiles":5},"Thị Xã Ninh Hòa":{"countryName":"Vietnam","stateName":"Khánh Hòa","name":"Thị Xã Ninh Hòa","lat":12.53796,"lon":109.06057,"geocoding":{},"distantMaxMiles":5}}},"Kiên Giang":{"countryName":"Vietnam","name":"Kiên Giang","isoCode":"47","lat":9.8249587,"lon":105.1258955,"geocoding":{},"distantMaxMiles":5,"cities":{"Dương Đông":{"countryName":"Vietnam","stateName":"Kiên Giang","name":"Dương Đông","lat":10.21716,"lon":103.95929,"geocoding":{},"distantMaxMiles":5},"Huyện An Biên":{"countryName":"Vietnam","stateName":"Kiên Giang","name":"Huyện An Biên","lat":9.81291,"lon":105.0523,"geocoding":{},"distantMaxMiles":5},"Huyện An Minh":{"countryName":"Vietnam","stateName":"Kiên Giang","name":"Huyện An Minh","lat":9.66704,"lon":104.94848,"geocoding":{},"distantMaxMiles":5},"Huyện Châu Thành":{"countryName":"Vietnam","stateName":"Kiên Giang","name":"Huyện Châu Thành","lat":9.94372,"lon":105.16868,"geocoding":{},"distantMaxMiles":5},"Huyện Giồng Riềng":{"countryName":"Vietnam","stateName":"Kiên Giang","name":"Huyện Giồng Riềng","lat":9.91224,"lon":105.37311,"geocoding":{},"distantMaxMiles":5},"Huyện Gò Quao":{"countryName":"Vietnam","stateName":"Kiên Giang","name":"Huyện Gò Quao","lat":9.74027,"lon":105.29766,"geocoding":{},"distantMaxMiles":5},"Huyện Hòn Đất":{"countryName":"Vietnam","stateName":"Kiên Giang","name":"Huyện Hòn Đất","lat":10.22908,"lon":104.9528,"geocoding":{},"distantMaxMiles":5},"Huyện Kiên Hải":{"countryName":"Vietnam","stateName":"Kiên Giang","name":"Huyện Kiên Hải","lat":9.83971,"lon":104.6156,"geocoding":{},"distantMaxMiles":5},"Huyện Phú Quốc":{"countryName":"Vietnam","stateName":"Kiên Giang","name":"Huyện Phú Quốc","lat":10.25516,"lon":104.01455,"geocoding":{},"distantMaxMiles":5},"Huyện Tân Hiệp":{"countryName":"Vietnam","stateName":"Kiên Giang","name":"Huyện Tân Hiệp","lat":10.0954,"lon":105.25936,"geocoding":{},"distantMaxMiles":5},"Huyện Vĩnh Thuận":{"countryName":"Vietnam","stateName":"Kiên Giang","name":"Huyện Vĩnh Thuận","lat":9.53306,"lon":105.2449,"geocoding":{},"distantMaxMiles":5},"Hà Tiên":{"countryName":"Vietnam","stateName":"Kiên Giang","name":"Hà Tiên","lat":10.3831,"lon":104.48753,"geocoding":{},"distantMaxMiles":5},"Kien Luong Town":{"countryName":"Vietnam","stateName":"Kiên Giang","name":"Kien Luong Town","lat":10.24892,"lon":104.59,"geocoding":{},"distantMaxMiles":5},"Rạch Giá":{"countryName":"Vietnam","stateName":"Kiên Giang","name":"Rạch Giá","lat":10.01245,"lon":105.08091,"geocoding":{},"distantMaxMiles":5}}},"Kon Tum":{"countryName":"Vietnam","name":"Kon Tum","isoCode":"28","lat":14.3497403,"lon":108.0004606,"geocoding":{},"distantMaxMiles":5,"cities":{"Huyện Ia H'Drai":{"countryName":"Vietnam","stateName":"Kon Tum","name":"Huyện Ia H'Drai","lat":14.06032,"lon":107.46243,"geocoding":{},"distantMaxMiles":5},"Huyện Kon Plông":{"countryName":"Vietnam","stateName":"Kon Tum","name":"Huyện Kon Plông","lat":14.7562,"lon":108.32057,"geocoding":{},"distantMaxMiles":5},"Huyện Ngọc Hồi":{"countryName":"Vietnam","stateName":"Kon Tum","name":"Huyện Ngọc Hồi","lat":14.7194,"lon":107.62636,"geocoding":{},"distantMaxMiles":5},"Huyện Sa Thầy":{"countryName":"Vietnam","stateName":"Kon Tum","name":"Huyện Sa Thầy","lat":14.3205,"lon":107.59862,"geocoding":{},"distantMaxMiles":5},"Huyện Đắk Glei":{"countryName":"Vietnam","stateName":"Kon Tum","name":"Huyện Đắk Glei","lat":15.11358,"lon":107.75093,"geocoding":{},"distantMaxMiles":5},"Huyện Đắk Hà":{"countryName":"Vietnam","stateName":"Kon Tum","name":"Huyện Đắk Hà","lat":14.60326,"lon":107.98547,"geocoding":{},"distantMaxMiles":5},"Huyện Đắk Tô":{"countryName":"Vietnam","stateName":"Kon Tum","name":"Huyện Đắk Tô","lat":14.70087,"lon":107.80816,"geocoding":{},"distantMaxMiles":5},"Kon Tum":{"countryName":"Vietnam","stateName":"Kon Tum","name":"Kon Tum","lat":14.35451,"lon":108.00759,"geocoding":{},"distantMaxMiles":5}}},"Lai Châu":{"countryName":"Vietnam","name":"Lai Châu","isoCode":"01","lat":22.3862227,"lon":103.4702631,"geocoding":{},"distantMaxMiles":5,"cities":{"Huyện Mưòng Tè":{"countryName":"Vietnam","stateName":"Lai Châu","name":"Huyện Mưòng Tè","lat":22.37443,"lon":102.73835,"geocoding":{},"distantMaxMiles":5},"Huyện Tam Đường":{"countryName":"Vietnam","stateName":"Lai Châu","name":"Huyện Tam Đường","lat":22.35391,"lon":103.59342,"geocoding":{},"distantMaxMiles":5},"Huyện Than Uyên":{"countryName":"Vietnam","stateName":"Lai Châu","name":"Huyện Than Uyên","lat":21.91424,"lon":103.82857,"geocoding":{},"distantMaxMiles":5}}},"Long An":{"countryName":"Vietnam","name":"Long An","isoCode":"41","lat":10.5607168,"lon":106.6497623,"geocoding":{},"distantMaxMiles":5,"cities":{"Cần Giuộc":{"countryName":"Vietnam","stateName":"Long An","name":"Cần Giuộc","lat":10.60857,"lon":106.67135,"geocoding":{},"distantMaxMiles":5},"Huyện Bến Lức":{"countryName":"Vietnam","stateName":"Long An","name":"Huyện Bến Lức","lat":10.68858,"lon":106.45484,"geocoding":{},"distantMaxMiles":5},"Huyện Châu Thành":{"countryName":"Vietnam","stateName":"Long An","name":"Huyện Châu Thành","lat":10.45214,"lon":106.49015,"geocoding":{},"distantMaxMiles":5},"Huyện Cần Giuộc":{"countryName":"Vietnam","stateName":"Long An","name":"Huyện Cần Giuộc","lat":10.57742,"lon":106.67279,"geocoding":{},"distantMaxMiles":5},"Huyện Cần Đước":{"countryName":"Vietnam","stateName":"Long An","name":"Huyện Cần Đước","lat":10.54148,"lon":106.59636,"geocoding":{},"distantMaxMiles":5},"Huyện Mộc Hóa":{"countryName":"Vietnam","stateName":"Long An","name":"Huyện Mộc Hóa","lat":10.75166,"lon":106.01729,"geocoding":{},"distantMaxMiles":5},"Huyện Thạnh Hóa":{"countryName":"Vietnam","stateName":"Long An","name":"Huyện Thạnh Hóa","lat":10.66667,"lon":106.16667,"geocoding":{},"distantMaxMiles":5},"Huyện Thủ Thừa":{"countryName":"Vietnam","stateName":"Long An","name":"Huyện Thủ Thừa","lat":10.65639,"lon":106.3458,"geocoding":{},"distantMaxMiles":5},"Huyện Tân Hưng":{"countryName":"Vietnam","stateName":"Long An","name":"Huyện Tân Hưng","lat":10.8338,"lon":105.68848,"geocoding":{},"distantMaxMiles":5},"Huyện Tân Thạnh":{"countryName":"Vietnam","stateName":"Long An","name":"Huyện Tân Thạnh","lat":10.60351,"lon":105.96576,"geocoding":{},"distantMaxMiles":5},"Huyện Tân Trụ":{"countryName":"Vietnam","stateName":"Long An","name":"Huyện Tân Trụ","lat":10.53182,"lon":106.51644,"geocoding":{},"distantMaxMiles":5},"Huyện Vĩnh Hưng":{"countryName":"Vietnam","stateName":"Long An","name":"Huyện Vĩnh Hưng","lat":10.88299,"lon":105.80364,"geocoding":{},"distantMaxMiles":5},"Huyện Đức Huệ":{"countryName":"Vietnam","stateName":"Long An","name":"Huyện Đức Huệ","lat":10.86473,"lon":106.25914,"geocoding":{},"distantMaxMiles":5},"Huyện Đức Hòa":{"countryName":"Vietnam","stateName":"Long An","name":"Huyện Đức Hòa","lat":10.87838,"lon":106.42422,"geocoding":{},"distantMaxMiles":5},"Tân An":{"countryName":"Vietnam","stateName":"Long An","name":"Tân An","lat":10.53589,"lon":106.41366,"geocoding":{},"distantMaxMiles":5}}},"Lào Cai":{"countryName":"Vietnam","name":"Lào Cai","isoCode":"02","lat":22.4809431,"lon":103.9754959,"geocoding":{},"distantMaxMiles":5,"cities":{"Huyện Bát Xát":{"countryName":"Vietnam","stateName":"Lào Cai","name":"Huyện Bát Xát","lat":22.56767,"lon":103.71339,"geocoding":{},"distantMaxMiles":5},"Huyện Bảo Yên":{"countryName":"Vietnam","stateName":"Lào Cai","name":"Huyện Bảo Yên","lat":22.26109,"lon":104.46424,"geocoding":{},"distantMaxMiles":5},"Huyện Bắc Hà":{"countryName":"Vietnam","stateName":"Lào Cai","name":"Huyện Bắc Hà","lat":22.50998,"lon":104.30769,"geocoding":{},"distantMaxMiles":5},"Huyện Mường Khương":{"countryName":"Vietnam","stateName":"Lào Cai","name":"Huyện Mường Khương","lat":22.67111,"lon":104.11772,"geocoding":{},"distantMaxMiles":5},"Huyện Sa Pa":{"countryName":"Vietnam","stateName":"Lào Cai","name":"Huyện Sa Pa","lat":22.33769,"lon":103.84037,"geocoding":{},"distantMaxMiles":5},"Huyện Si Ma Cai":{"countryName":"Vietnam","stateName":"Lào Cai","name":"Huyện Si Ma Cai","lat":22.67161,"lon":104.27326,"geocoding":{},"distantMaxMiles":5},"Huyện Văn Bàn":{"countryName":"Vietnam","stateName":"Lào Cai","name":"Huyện Văn Bàn","lat":22.07002,"lon":104.18122,"geocoding":{},"distantMaxMiles":5},"Lao Chải":{"countryName":"Vietnam","stateName":"Lào Cai","name":"Lao Chải","lat":22.31377,"lon":103.86844,"geocoding":{},"distantMaxMiles":5},"Lào Cai":{"countryName":"Vietnam","stateName":"Lào Cai","name":"Lào Cai","lat":22.48556,"lon":103.97066,"geocoding":{},"distantMaxMiles":5},"Sa Pa":{"countryName":"Vietnam","stateName":"Lào Cai","name":"Sa Pa","lat":22.34023,"lon":103.84415,"geocoding":{},"distantMaxMiles":5}}},"Lâm Đồng":{"countryName":"Vietnam","name":"Lâm Đồng","isoCode":"35","lat":11.5752791,"lon":108.1428669,"geocoding":{},"distantMaxMiles":5,"cities":{"Bảo Lộc":{"countryName":"Vietnam","stateName":"Lâm Đồng","name":"Bảo Lộc","lat":11.54798,"lon":107.80772,"geocoding":{},"distantMaxMiles":5},"Huyện Bảo Lâm":{"countryName":"Vietnam","stateName":"Lâm Đồng","name":"Huyện Bảo Lâm","lat":11.71163,"lon":107.75338,"geocoding":{},"distantMaxMiles":5},"Huyện Lâm Hà":{"countryName":"Vietnam","stateName":"Lâm Đồng","name":"Huyện Lâm Hà","lat":11.8189,"lon":108.21215,"geocoding":{},"distantMaxMiles":5},"Huyện Đơn Dương":{"countryName":"Vietnam","stateName":"Lâm Đồng","name":"Huyện Đơn Dương","lat":11.75308,"lon":108.55397,"geocoding":{},"distantMaxMiles":5},"Huyện Đạ Huoai":{"countryName":"Vietnam","stateName":"Lâm Đồng","name":"Huyện Đạ Huoai","lat":11.42465,"lon":107.63825,"geocoding":{},"distantMaxMiles":5},"Huyện Đạ Tẻh":{"countryName":"Vietnam","stateName":"Lâm Đồng","name":"Huyện Đạ Tẻh","lat":11.58446,"lon":107.52792,"geocoding":{},"distantMaxMiles":5},"Huyện Đức Trọng":{"countryName":"Vietnam","stateName":"Lâm Đồng","name":"Huyện Đức Trọng","lat":11.62686,"lon":108.3533,"geocoding":{},"distantMaxMiles":5},"Ðà Lạt":{"countryName":"Vietnam","stateName":"Lâm Đồng","name":"Ðà Lạt","lat":11.94646,"lon":108.44193,"geocoding":{},"distantMaxMiles":5},"Đam Rong":{"countryName":"Vietnam","stateName":"Lâm Đồng","name":"Đam Rong","lat":12.05409,"lon":108.14941,"geocoding":{},"distantMaxMiles":5},"Đinh Văn":{"countryName":"Vietnam","stateName":"Lâm Đồng","name":"Đinh Văn","lat":11.78624,"lon":108.24282,"geocoding":{},"distantMaxMiles":5},"Đưc Trọng":{"countryName":"Vietnam","stateName":"Lâm Đồng","name":"Đưc Trọng","lat":11.73559,"lon":108.3733,"geocoding":{},"distantMaxMiles":5}}},"Lạng Sơn":{"countryName":"Vietnam","name":"Lạng Sơn","isoCode":"09","lat":21.853708,"lon":106.761519,"geocoding":{},"distantMaxMiles":5,"cities":{"Huyện Bình Gia":{"countryName":"Vietnam","stateName":"Lạng Sơn","name":"Huyện Bình Gia","lat":22.07281,"lon":106.3041,"geocoding":{},"distantMaxMiles":5},"Huyện Bắc Sơn":{"countryName":"Vietnam","stateName":"Lạng Sơn","name":"Huyện Bắc Sơn","lat":21.83801,"lon":106.2769,"geocoding":{},"distantMaxMiles":5},"Huyện Cao Lộc":{"countryName":"Vietnam","stateName":"Lạng Sơn","name":"Huyện Cao Lộc","lat":21.89857,"lon":106.85435,"geocoding":{},"distantMaxMiles":5},"Huyện Chi Lăng":{"countryName":"Vietnam","stateName":"Lạng Sơn","name":"Huyện Chi Lăng","lat":21.67602,"lon":106.62925,"geocoding":{},"distantMaxMiles":5},"Huyện Hũu Lũng":{"countryName":"Vietnam","stateName":"Lạng Sơn","name":"Huyện Hũu Lũng","lat":21.54474,"lon":106.34386,"geocoding":{},"distantMaxMiles":5},"Huyện Vặn Quan":{"countryName":"Vietnam","stateName":"Lạng Sơn","name":"Huyện Vặn Quan","lat":21.83333,"lon":106.54942,"geocoding":{},"distantMaxMiles":5},"Huyện Đình Lập":{"countryName":"Vietnam","stateName":"Lạng Sơn","name":"Huyện Đình Lập","lat":21.5421,"lon":107.12925,"geocoding":{},"distantMaxMiles":5},"Lạng Sơn":{"countryName":"Vietnam","stateName":"Lạng Sơn","name":"Lạng Sơn","lat":21.85264,"lon":106.76101,"geocoding":{},"distantMaxMiles":5}}},"Nam Định":{"countryName":"Vietnam","name":"Nam Định","isoCode":"67","lat":20.4388225,"lon":106.1621053,"geocoding":{},"distantMaxMiles":5,"cities":{"Huyện Giao Thủy":{"countryName":"Vietnam","stateName":"Nam Định","name":"Huyện Giao Thủy","lat":20.25706,"lon":106.46245,"geocoding":{},"distantMaxMiles":5},"Huyện Hải Hậu":{"countryName":"Vietnam","stateName":"Nam Định","name":"Huyện Hải Hậu","lat":20.15057,"lon":106.27161,"geocoding":{},"distantMaxMiles":5},"Huyện Mỹ Lộc":{"countryName":"Vietnam","stateName":"Nam Định","name":"Huyện Mỹ Lộc","lat":20.46079,"lon":106.12319,"geocoding":{},"distantMaxMiles":5},"Huyện Nam Trực":{"countryName":"Vietnam","stateName":"Nam Định","name":"Huyện Nam Trực","lat":20.34106,"lon":106.20821,"geocoding":{},"distantMaxMiles":5},"Huyện Nghĩa Hưng":{"countryName":"Vietnam","stateName":"Nam Định","name":"Huyện Nghĩa Hưng","lat":20.10598,"lon":106.17345,"geocoding":{},"distantMaxMiles":5},"Huyện Trực Ninh":{"countryName":"Vietnam","stateName":"Nam Định","name":"Huyện Trực Ninh","lat":20.2569,"lon":106.24582,"geocoding":{},"distantMaxMiles":5},"Huyện Vụ Bản":{"countryName":"Vietnam","stateName":"Nam Định","name":"Huyện Vụ Bản","lat":20.37705,"lon":106.09707,"geocoding":{},"distantMaxMiles":5},"Huyện Ý Yên":{"countryName":"Vietnam","stateName":"Nam Định","name":"Huyện Ý Yên","lat":20.31669,"lon":106.02327,"geocoding":{},"distantMaxMiles":5},"Nam Định":{"countryName":"Vietnam","stateName":"Nam Định","name":"Nam Định","lat":20.43389,"lon":106.17729,"geocoding":{},"distantMaxMiles":5}}},"Nghệ An":{"countryName":"Vietnam","name":"Nghệ An","isoCode":"22","lat":19.2342489,"lon":104.9200365,"geocoding":{},"distantMaxMiles":5,"cities":{"Huyện Anh Sơn":{"countryName":"Vietnam","stateName":"Nghệ An","name":"Huyện Anh Sơn","lat":18.92902,"lon":105.08294,"geocoding":{},"distantMaxMiles":5},"Huyện Con Cuông":{"countryName":"Vietnam","stateName":"Nghệ An","name":"Huyện Con Cuông","lat":19.03898,"lon":104.80353,"geocoding":{},"distantMaxMiles":5},"Huyện Diễn Châu":{"countryName":"Vietnam","stateName":"Nghệ An","name":"Huyện Diễn Châu","lat":18.98892,"lon":105.57625,"geocoding":{},"distantMaxMiles":5},"Huyện Hưng Nguyên":{"countryName":"Vietnam","stateName":"Nghệ An","name":"Huyện Hưng Nguyên","lat":18.67811,"lon":105.62523,"geocoding":{},"distantMaxMiles":5},"Huyện Kỳ Sơn":{"countryName":"Vietnam","stateName":"Nghệ An","name":"Huyện Kỳ Sơn","lat":19.42397,"lon":104.22199,"geocoding":{},"distantMaxMiles":5},"Huyện Nam Đàn":{"countryName":"Vietnam","stateName":"Nghệ An","name":"Huyện Nam Đàn","lat":18.67041,"lon":105.52575,"geocoding":{},"distantMaxMiles":5},"Huyện Nghi Lộc":{"countryName":"Vietnam","stateName":"Nghệ An","name":"Huyện Nghi Lộc","lat":18.83131,"lon":105.62411,"geocoding":{},"distantMaxMiles":5},"Huyện Nghĩa Đàn":{"countryName":"Vietnam","stateName":"Nghệ An","name":"Huyện Nghĩa Đàn","lat":19.38234,"lon":105.44072,"geocoding":{},"distantMaxMiles":5},"Huyện Quế Phong":{"countryName":"Vietnam","stateName":"Nghệ An","name":"Huyện Quế Phong","lat":19.70177,"lon":104.87913,"geocoding":{},"distantMaxMiles":5},"Huyện Quỳ Châu":{"countryName":"Vietnam","stateName":"Nghệ An","name":"Huyện Quỳ Châu","lat":19.55707,"lon":105.09173,"geocoding":{},"distantMaxMiles":5},"Huyện Quỳ Hợp":{"countryName":"Vietnam","stateName":"Nghệ An","name":"Huyện Quỳ Hợp","lat":19.32514,"lon":105.16009,"geocoding":{},"distantMaxMiles":5},"Huyện Quỳnh Lưu":{"countryName":"Vietnam","stateName":"Nghệ An","name":"Huyện Quỳnh Lưu","lat":19.22717,"lon":105.64354,"geocoding":{},"distantMaxMiles":5},"Huyện Thanh Chương":{"countryName":"Vietnam","stateName":"Nghệ An","name":"Huyện Thanh Chương","lat":18.73929,"lon":105.24053,"geocoding":{},"distantMaxMiles":5},"Huyện Tương Dương":{"countryName":"Vietnam","stateName":"Nghệ An","name":"Huyện Tương Dương","lat":19.30979,"lon":104.57788,"geocoding":{},"distantMaxMiles":5},"Huyện Yên Thành":{"countryName":"Vietnam","stateName":"Nghệ An","name":"Huyện Yên Thành","lat":19.02724,"lon":105.43649,"geocoding":{},"distantMaxMiles":5},"Huyện Đô Lương":{"countryName":"Vietnam","stateName":"Nghệ An","name":"Huyện Đô Lương","lat":18.89259,"lon":105.34027,"geocoding":{},"distantMaxMiles":5},"Vinh":{"countryName":"Vietnam","stateName":"Nghệ An","name":"Vinh","lat":18.67337,"lon":105.69232,"geocoding":{},"distantMaxMiles":5},"Yên Vinh":{"countryName":"Vietnam","stateName":"Nghệ An","name":"Yên Vinh","lat":18.66667,"lon":105.66667,"geocoding":{},"distantMaxMiles":5}}},"Ninh Bình":{"countryName":"Vietnam","name":"Ninh Bình","isoCode":"18","lat":20.2506149,"lon":105.9744536,"geocoding":{},"distantMaxMiles":5,"cities":{"Huyện Hoa Lư":{"countryName":"Vietnam","stateName":"Ninh Bình","name":"Huyện Hoa Lư","lat":20.25391,"lon":105.90789,"geocoding":{},"distantMaxMiles":5},"Huyện Kim Sơn":{"countryName":"Vietnam","stateName":"Ninh Bình","name":"Huyện Kim Sơn","lat":20.06034,"lon":106.09863,"geocoding":{},"distantMaxMiles":5},"Huyện Nho Quan":{"countryName":"Vietnam","stateName":"Ninh Bình","name":"Huyện Nho Quan","lat":20.27606,"lon":105.75442,"geocoding":{},"distantMaxMiles":5},"Huyện Yên Khánh":{"countryName":"Vietnam","stateName":"Ninh Bình","name":"Huyện Yên Khánh","lat":20.19017,"lon":106.09605,"geocoding":{},"distantMaxMiles":5},"Huyện Yên Mô":{"countryName":"Vietnam","stateName":"Ninh Bình","name":"Huyện Yên Mô","lat":20.12984,"lon":106.00199,"geocoding":{},"distantMaxMiles":5},"Ninh Bình":{"countryName":"Vietnam","stateName":"Ninh Bình","name":"Ninh Bình","lat":20.25809,"lon":105.97965,"geocoding":{},"distantMaxMiles":5}}},"Ninh Thuận":{"countryName":"Vietnam","name":"Ninh Thuận","isoCode":"36","lat":11.6738767,"lon":108.8629572,"geocoding":{},"distantMaxMiles":5,"cities":{"Phan Rang-Tháp Chàm":{"countryName":"Vietnam","stateName":"Ninh Thuận","name":"Phan Rang-Tháp Chàm","lat":11.56432,"lon":108.98858,"geocoding":{},"distantMaxMiles":5}}},"Phú Thọ":{"countryName":"Vietnam","name":"Phú Thọ","isoCode":"68","lat":21.268443,"lon":105.2045573,"geocoding":{},"distantMaxMiles":5,"cities":{"Huyen Lam Thao":{"countryName":"Vietnam","stateName":"Phú Thọ","name":"Huyen Lam Thao","lat":21.29971,"lon":105.31119,"geocoding":{},"distantMaxMiles":5},"Huyện Cẩm Khê":{"countryName":"Vietnam","stateName":"Phú Thọ","name":"Huyện Cẩm Khê","lat":21.40683,"lon":105.09845,"geocoding":{},"distantMaxMiles":5},"Huyện Hạ Hòa":{"countryName":"Vietnam","stateName":"Phú Thọ","name":"Huyện Hạ Hòa","lat":21.57763,"lon":104.99464,"geocoding":{},"distantMaxMiles":5},"Huyện Thanh Ba":{"countryName":"Vietnam","stateName":"Phú Thọ","name":"Huyện Thanh Ba","lat":21.47816,"lon":105.15881,"geocoding":{},"distantMaxMiles":5},"Huyện Yên Lập":{"countryName":"Vietnam","stateName":"Phú Thọ","name":"Huyện Yên Lập","lat":21.35569,"lon":105.00493,"geocoding":{},"distantMaxMiles":5},"Huyện Đoan Hùng":{"countryName":"Vietnam","stateName":"Phú Thọ","name":"Huyện Đoan Hùng","lat":21.61776,"lon":105.1611,"geocoding":{},"distantMaxMiles":5},"Thành Phố Việt Trì":{"countryName":"Vietnam","stateName":"Phú Thọ","name":"Thành Phố Việt Trì","lat":21.32958,"lon":105.39217,"geocoding":{},"distantMaxMiles":5},"Thị xã Phú Thọ":{"countryName":"Vietnam","stateName":"Phú Thọ","name":"Thị xã Phú Thọ","lat":21.41664,"lon":105.23636,"geocoding":{},"distantMaxMiles":5},"Việt Trì":{"countryName":"Vietnam","stateName":"Phú Thọ","name":"Việt Trì","lat":21.32274,"lon":105.40198,"geocoding":{},"distantMaxMiles":5}}},"Phú Yên":{"countryName":"Vietnam","name":"Phú Yên","isoCode":"32","lat":13.0881861,"lon":109.0928764,"geocoding":{},"distantMaxMiles":5,"cities":{"Huyện Sông Hinh":{"countryName":"Vietnam","stateName":"Phú Yên","name":"Huyện Sông Hinh","lat":12.91667,"lon":108.91667,"geocoding":{},"distantMaxMiles":5},"Huyện Sơn Hòa":{"countryName":"Vietnam","stateName":"Phú Yên","name":"Huyện Sơn Hòa","lat":13.15868,"lon":108.97281,"geocoding":{},"distantMaxMiles":5},"Sông Cầu":{"countryName":"Vietnam","stateName":"Phú Yên","name":"Sông Cầu","lat":13.4556,"lon":109.22348,"geocoding":{},"distantMaxMiles":5},"Tuy Hòa":{"countryName":"Vietnam","stateName":"Phú Yên","name":"Tuy Hòa","lat":13.09546,"lon":109.32094,"geocoding":{},"distantMaxMiles":5}}},"Quảng Bình":{"countryName":"Vietnam","name":"Quảng Bình","isoCode":"24","lat":17.6102715,"lon":106.3487474,"geocoding":{},"distantMaxMiles":5,"cities":{"Huyện Lệ Thủy":{"countryName":"Vietnam","stateName":"Quảng Bình","name":"Huyện Lệ Thủy","lat":17.11239,"lon":106.70471,"geocoding":{},"distantMaxMiles":5},"Huyện Quảng Ninh":{"countryName":"Vietnam","stateName":"Quảng Bình","name":"Huyện Quảng Ninh","lat":17.27067,"lon":106.51387,"geocoding":{},"distantMaxMiles":5},"Huyện Quảng Trạch":{"countryName":"Vietnam","stateName":"Quảng Bình","name":"Huyện Quảng Trạch","lat":17.83447,"lon":106.36705,"geocoding":{},"distantMaxMiles":5},"Huyện Tuyên Hóa":{"countryName":"Vietnam","stateName":"Quảng Bình","name":"Huyện Tuyên Hóa","lat":17.91323,"lon":106.02678,"geocoding":{},"distantMaxMiles":5},"Kwang Binh":{"countryName":"Vietnam","stateName":"Quảng Bình","name":"Kwang Binh","lat":17.46885,"lon":106.62226,"geocoding":{},"distantMaxMiles":5}}},"Quảng Nam":{"countryName":"Vietnam","name":"Quảng Nam","isoCode":"27","lat":15.5393538,"lon":108.019102,"geocoding":{},"distantMaxMiles":5,"cities":{"Huyện Duy Xuyên":{"countryName":"Vietnam","stateName":"Quảng Nam","name":"Huyện Duy Xuyên","lat":15.7897,"lon":108.20247,"geocoding":{},"distantMaxMiles":5},"Huyện Hiệp Đức":{"countryName":"Vietnam","stateName":"Quảng Nam","name":"Huyện Hiệp Đức","lat":15.53857,"lon":108.09539,"geocoding":{},"distantMaxMiles":5},"Huyện Nam Giang":{"countryName":"Vietnam","stateName":"Quảng Nam","name":"Huyện Nam Giang","lat":15.63201,"lon":107.60267,"geocoding":{},"distantMaxMiles":5},"Huyện Núi Thành":{"countryName":"Vietnam","stateName":"Quảng Nam","name":"Huyện Núi Thành","lat":15.43345,"lon":108.57438,"geocoding":{},"distantMaxMiles":5},"Huyện Phước Sơn":{"countryName":"Vietnam","stateName":"Quảng Nam","name":"Huyện Phước Sơn","lat":15.38806,"lon":107.85766,"geocoding":{},"distantMaxMiles":5},"Huyện Tiên Phước":{"countryName":"Vietnam","stateName":"Quảng Nam","name":"Huyện Tiên Phước","lat":15.4709,"lon":108.28257,"geocoding":{},"distantMaxMiles":5},"Huyện Trà My":{"countryName":"Vietnam","stateName":"Quảng Nam","name":"Huyện Trà My","lat":15.25,"lon":108.08333,"geocoding":{},"distantMaxMiles":5},"Huyện Điện Bàn":{"countryName":"Vietnam","stateName":"Quảng Nam","name":"Huyện Điện Bàn","lat":15.89917,"lon":108.2247,"geocoding":{},"distantMaxMiles":5},"Huyện Đại Lộc":{"countryName":"Vietnam","stateName":"Quảng Nam","name":"Huyện Đại Lộc","lat":15.83721,"lon":107.97894,"geocoding":{},"distantMaxMiles":5},"Hội An":{"countryName":"Vietnam","stateName":"Quảng Nam","name":"Hội An","lat":15.87944,"lon":108.335,"geocoding":{},"distantMaxMiles":5},"Tam Kỳ":{"countryName":"Vietnam","stateName":"Quảng Nam","name":"Tam Kỳ","lat":15.57364,"lon":108.47403,"geocoding":{},"distantMaxMiles":5}}},"Quảng Ngãi":{"countryName":"Vietnam","name":"Quảng Ngãi","isoCode":"29","lat":15.1213873,"lon":108.8044145,"geocoding":{},"distantMaxMiles":5,"cities":{"Huyện Ba Tơ":{"countryName":"Vietnam","stateName":"Quảng Ngãi","name":"Huyện Ba Tơ","lat":14.73973,"lon":108.69326,"geocoding":{},"distantMaxMiles":5},"Huyện Bình Sơn":{"countryName":"Vietnam","stateName":"Quảng Ngãi","name":"Huyện Bình Sơn","lat":15.31899,"lon":108.76383,"geocoding":{},"distantMaxMiles":5},"Huyện Lý Sơn":{"countryName":"Vietnam","stateName":"Quảng Ngãi","name":"Huyện Lý Sơn","lat":15.40608,"lon":109.09707,"geocoding":{},"distantMaxMiles":5},"Huyện Minh Long":{"countryName":"Vietnam","stateName":"Quảng Ngãi","name":"Huyện Minh Long","lat":14.95375,"lon":108.67724,"geocoding":{},"distantMaxMiles":5},"Huyện Mộ Đức":{"countryName":"Vietnam","stateName":"Quảng Ngãi","name":"Huyện Mộ Đức","lat":14.95515,"lon":108.88841,"geocoding":{},"distantMaxMiles":5},"Huyện Nghĩa Hành":{"countryName":"Vietnam","stateName":"Quảng Ngãi","name":"Huyện Nghĩa Hành","lat":14.98712,"lon":108.80036,"geocoding":{},"distantMaxMiles":5},"Huyện Sơn Hà":{"countryName":"Vietnam","stateName":"Quảng Ngãi","name":"Huyện Sơn Hà","lat":14.98427,"lon":108.53643,"geocoding":{},"distantMaxMiles":5},"Huyện Sơn Tây":{"countryName":"Vietnam","stateName":"Quảng Ngãi","name":"Huyện Sơn Tây","lat":14.96392,"lon":108.36419,"geocoding":{},"distantMaxMiles":5},"Huyện Sơn Tịnh":{"countryName":"Vietnam","stateName":"Quảng Ngãi","name":"Huyện Sơn Tịnh","lat":15.1909,"lon":108.74295,"geocoding":{},"distantMaxMiles":5},"Huyện Trà Bồng":{"countryName":"Vietnam","stateName":"Quảng Ngãi","name":"Huyện Trà Bồng","lat":15.23752,"lon":108.52633,"geocoding":{},"distantMaxMiles":5},"Huyện Tư Nghĩa":{"countryName":"Vietnam","stateName":"Quảng Ngãi","name":"Huyện Tư Nghĩa","lat":15.09499,"lon":108.77053,"geocoding":{},"distantMaxMiles":5},"Huyện Đức Phổ":{"countryName":"Vietnam","stateName":"Quảng Ngãi","name":"Huyện Đức Phổ","lat":14.78,"lon":108.97857,"geocoding":{},"distantMaxMiles":5},"Quảng Ngãi":{"countryName":"Vietnam","stateName":"Quảng Ngãi","name":"Quảng Ngãi","lat":15.12047,"lon":108.79232,"geocoding":{},"distantMaxMiles":5}}},"Quảng Ninh":{"countryName":"Vietnam","name":"Quảng Ninh","isoCode":"13","lat":21.006382,"lon":107.2925144,"geocoding":{},"distantMaxMiles":5,"cities":{"Cẩm Phả":{"countryName":"Vietnam","stateName":"Quảng Ninh","name":"Cẩm Phả","lat":21.01004,"lon":107.27345,"geocoding":{},"distantMaxMiles":5},"Cẩm Phả Mines":{"countryName":"Vietnam","stateName":"Quảng Ninh","name":"Cẩm Phả Mines","lat":21.01667,"lon":107.3,"geocoding":{},"distantMaxMiles":5},"Huyện Ba Chẽ":{"countryName":"Vietnam","stateName":"Quảng Ninh","name":"Huyện Ba Chẽ","lat":21.29503,"lon":107.19298,"geocoding":{},"distantMaxMiles":5},"Huyện Bình Liêu":{"countryName":"Vietnam","stateName":"Quảng Ninh","name":"Huyện Bình Liêu","lat":21.54389,"lon":107.44047,"geocoding":{},"distantMaxMiles":5},"Huyện Cô Tô":{"countryName":"Vietnam","stateName":"Quảng Ninh","name":"Huyện Cô Tô","lat":21.05418,"lon":107.80698,"geocoding":{},"distantMaxMiles":5},"Huyện Hoành Bồ":{"countryName":"Vietnam","stateName":"Quảng Ninh","name":"Huyện Hoành Bồ","lat":21.11888,"lon":107.03149,"geocoding":{},"distantMaxMiles":5},"Huyện Hải Hà":{"countryName":"Vietnam","stateName":"Quảng Ninh","name":"Huyện Hải Hà","lat":21.49537,"lon":107.6679,"geocoding":{},"distantMaxMiles":5},"Huyện Tiên Yên":{"countryName":"Vietnam","stateName":"Quảng Ninh","name":"Huyện Tiên Yên","lat":21.37571,"lon":107.37468,"geocoding":{},"distantMaxMiles":5},"Huyện Vân Đồn":{"countryName":"Vietnam","stateName":"Quảng Ninh","name":"Huyện Vân Đồn","lat":21.04921,"lon":107.50971,"geocoding":{},"distantMaxMiles":5},"Huyện Đông Triều":{"countryName":"Vietnam","stateName":"Quảng Ninh","name":"Huyện Đông Triều","lat":21.11043,"lon":106.59662,"geocoding":{},"distantMaxMiles":5},"Huyện Đầm Hà":{"countryName":"Vietnam","stateName":"Quảng Ninh","name":"Huyện Đầm Hà","lat":21.39689,"lon":107.56175,"geocoding":{},"distantMaxMiles":5},"Hạ Long":{"countryName":"Vietnam","stateName":"Quảng Ninh","name":"Hạ Long","lat":20.95045,"lon":107.07336,"geocoding":{},"distantMaxMiles":5},"Móng Cái":{"countryName":"Vietnam","stateName":"Quảng Ninh","name":"Móng Cái","lat":21.52471,"lon":107.96619,"geocoding":{},"distantMaxMiles":5},"Thành Phố Uông Bí":{"countryName":"Vietnam","stateName":"Quảng Ninh","name":"Thành Phố Uông Bí","lat":21.03433,"lon":106.77049,"geocoding":{},"distantMaxMiles":5}}},"Quảng Trị":{"countryName":"Vietnam","name":"Quảng Trị","isoCode":"25","lat":16.7403074,"lon":107.1854679,"geocoding":{},"distantMaxMiles":5,"cities":{"Huyện Cam Lộ":{"countryName":"Vietnam","stateName":"Quảng Trị","name":"Huyện Cam Lộ","lat":16.79335,"lon":106.96175,"geocoding":{},"distantMaxMiles":5},"Huyện Gio Linh":{"countryName":"Vietnam","stateName":"Quảng Trị","name":"Huyện Gio Linh","lat":16.91667,"lon":107,"geocoding":{},"distantMaxMiles":5},"Huyện Hướng Hóa":{"countryName":"Vietnam","stateName":"Quảng Trị","name":"Huyện Hướng Hóa","lat":16.70132,"lon":106.67036,"geocoding":{},"distantMaxMiles":5},"Huyện Hải Lăng":{"countryName":"Vietnam","stateName":"Quảng Trị","name":"Huyện Hải Lăng","lat":16.67574,"lon":107.23388,"geocoding":{},"distantMaxMiles":5},"Huyện Triệu Phong":{"countryName":"Vietnam","stateName":"Quảng Trị","name":"Huyện Triệu Phong","lat":16.78132,"lon":107.16034,"geocoding":{},"distantMaxMiles":5},"Huyện Vĩnh Linh":{"countryName":"Vietnam","stateName":"Quảng Trị","name":"Huyện Vĩnh Linh","lat":17.016,"lon":106.93384,"geocoding":{},"distantMaxMiles":5},"Huyện Đa Krông":{"countryName":"Vietnam","stateName":"Quảng Trị","name":"Huyện Đa Krông","lat":16.55543,"lon":106.97208,"geocoding":{},"distantMaxMiles":5},"Ðông Hà":{"countryName":"Vietnam","stateName":"Quảng Trị","name":"Ðông Hà","lat":16.81625,"lon":107.10031,"geocoding":{},"distantMaxMiles":5}}},"Sóc Trăng":{"countryName":"Vietnam","name":"Sóc Trăng","isoCode":"52","lat":9.602521,"lon":105.9739049,"geocoding":{},"distantMaxMiles":5,"cities":{"Huyen Nga Nam":{"countryName":"Vietnam","stateName":"Sóc Trăng","name":"Huyen Nga Nam","lat":9.56127,"lon":105.59476,"geocoding":{},"distantMaxMiles":5},"Huyện Kế Sách":{"countryName":"Vietnam","stateName":"Sóc Trăng","name":"Huyện Kế Sách","lat":9.81771,"lon":105.9419,"geocoding":{},"distantMaxMiles":5},"Huyện Long Phú":{"countryName":"Vietnam","stateName":"Sóc Trăng","name":"Huyện Long Phú","lat":9.63715,"lon":106.08226,"geocoding":{},"distantMaxMiles":5},"Huyện Mỹ Tú":{"countryName":"Vietnam","stateName":"Sóc Trăng","name":"Huyện Mỹ Tú","lat":9.60849,"lon":105.80681,"geocoding":{},"distantMaxMiles":5},"Huyện Mỹ Xuyên":{"countryName":"Vietnam","stateName":"Sóc Trăng","name":"Huyện Mỹ Xuyên","lat":9.442,"lon":105.88546,"geocoding":{},"distantMaxMiles":5},"Huyện Thạnh Trị":{"countryName":"Vietnam","stateName":"Sóc Trăng","name":"Huyện Thạnh Trị","lat":9.46939,"lon":105.71196,"geocoding":{},"distantMaxMiles":5},"Sóc Trăng":{"countryName":"Vietnam","stateName":"Sóc Trăng","name":"Sóc Trăng","lat":9.59995,"lon":105.97193,"geocoding":{},"distantMaxMiles":5}}},"Sơn La":{"countryName":"Vietnam","name":"Sơn La","isoCode":"05","lat":21.1022284,"lon":103.7289167,"geocoding":{},"distantMaxMiles":5,"cities":{"Huyện Bắc Yên":{"countryName":"Vietnam","stateName":"Sơn La","name":"Huyện Bắc Yên","lat":21.25042,"lon":104.38501,"geocoding":{},"distantMaxMiles":5},"Huyện Mai Sơn":{"countryName":"Vietnam","stateName":"Sơn La","name":"Huyện Mai Sơn","lat":21.15884,"lon":104.04821,"geocoding":{},"distantMaxMiles":5},"Huyện Mường La":{"countryName":"Vietnam","stateName":"Sơn La","name":"Huyện Mường La","lat":21.5296,"lon":104.11113,"geocoding":{},"distantMaxMiles":5},"Huyện Mộc Châu":{"countryName":"Vietnam","stateName":"Sơn La","name":"Huyện Mộc Châu","lat":21.83333,"lon":104.75,"geocoding":{},"distantMaxMiles":5},"Huyện Phù Yên":{"countryName":"Vietnam","stateName":"Sơn La","name":"Huyện Phù Yên","lat":21.21412,"lon":104.68993,"geocoding":{},"distantMaxMiles":5},"Huyện Quỳnh Nhai":{"countryName":"Vietnam","stateName":"Sơn La","name":"Huyện Quỳnh Nhai","lat":21.77224,"lon":103.6492,"geocoding":{},"distantMaxMiles":5},"Huyện Sông Mã":{"countryName":"Vietnam","stateName":"Sơn La","name":"Huyện Sông Mã","lat":21.06971,"lon":103.68727,"geocoding":{},"distantMaxMiles":5},"Huyện Thuận Châu":{"countryName":"Vietnam","stateName":"Sơn La","name":"Huyện Thuận Châu","lat":21.42319,"lon":103.64408,"geocoding":{},"distantMaxMiles":5},"Huyện Yên Châu":{"countryName":"Vietnam","stateName":"Sơn La","name":"Huyện Yên Châu","lat":21.005,"lon":104.33264,"geocoding":{},"distantMaxMiles":5},"Sơn La":{"countryName":"Vietnam","stateName":"Sơn La","name":"Sơn La","lat":21.3256,"lon":103.91882,"geocoding":{},"distantMaxMiles":5}}},"Thanh Hóa":{"countryName":"Vietnam","name":"Thanh Hóa","isoCode":"21","lat":19.806692,"lon":105.7851816,"geocoding":{},"distantMaxMiles":5,"cities":{"Bỉm Sơn":{"countryName":"Vietnam","stateName":"Thanh Hóa","name":"Bỉm Sơn","lat":20.07806,"lon":105.86028,"geocoding":{},"distantMaxMiles":5},"Huyện Bá Thước":{"countryName":"Vietnam","stateName":"Thanh Hóa","name":"Huyện Bá Thước","lat":20.35767,"lon":105.25301,"geocoding":{},"distantMaxMiles":5},"Huyện Cẩm Thủy":{"countryName":"Vietnam","stateName":"Thanh Hóa","name":"Huyện Cẩm Thủy","lat":20.19586,"lon":105.46817,"geocoding":{},"distantMaxMiles":5},"Huyện Hà Trung":{"countryName":"Vietnam","stateName":"Thanh Hóa","name":"Huyện Hà Trung","lat":20.02654,"lon":105.81931,"geocoding":{},"distantMaxMiles":5},"Huyện Hậu Lộc":{"countryName":"Vietnam","stateName":"Thanh Hóa","name":"Huyện Hậu Lộc","lat":19.93337,"lon":105.88894,"geocoding":{},"distantMaxMiles":5},"Huyện Lang Chánh":{"countryName":"Vietnam","stateName":"Thanh Hóa","name":"Huyện Lang Chánh","lat":20.15926,"lon":105.15071,"geocoding":{},"distantMaxMiles":5},"Huyện Mường Lát":{"countryName":"Vietnam","stateName":"Thanh Hóa","name":"Huyện Mường Lát","lat":20.52763,"lon":104.62941,"geocoding":{},"distantMaxMiles":5},"Huyện Nga Sơn":{"countryName":"Vietnam","stateName":"Thanh Hóa","name":"Huyện Nga Sơn","lat":20.01561,"lon":105.98975,"geocoding":{},"distantMaxMiles":5},"Huyện Ngọc Lặc":{"countryName":"Vietnam","stateName":"Thanh Hóa","name":"Huyện Ngọc Lặc","lat":20.06777,"lon":105.37386,"geocoding":{},"distantMaxMiles":5},"Huyện Như Thanh":{"countryName":"Vietnam","stateName":"Thanh Hóa","name":"Huyện Như Thanh","lat":19.57798,"lon":105.55616,"geocoding":{},"distantMaxMiles":5},"Huyện Như Xuân":{"countryName":"Vietnam","stateName":"Thanh Hóa","name":"Huyện Như Xuân","lat":19.62527,"lon":105.38856,"geocoding":{},"distantMaxMiles":5},"Huyện Nông Cống":{"countryName":"Vietnam","stateName":"Thanh Hóa","name":"Huyện Nông Cống","lat":19.61376,"lon":105.68279,"geocoding":{},"distantMaxMiles":5},"Huyện Quan Hóa":{"countryName":"Vietnam","stateName":"Thanh Hóa","name":"Huyện Quan Hóa","lat":20.47565,"lon":104.95335,"geocoding":{},"distantMaxMiles":5},"Huyện Quan Sơn":{"countryName":"Vietnam","stateName":"Thanh Hóa","name":"Huyện Quan Sơn","lat":20.25758,"lon":104.83416,"geocoding":{},"distantMaxMiles":5},"Huyện Quảng Xương":{"countryName":"Vietnam","stateName":"Thanh Hóa","name":"Huyện Quảng Xương","lat":19.70252,"lon":105.79298,"geocoding":{},"distantMaxMiles":5},"Huyện Thiệu Hóa":{"countryName":"Vietnam","stateName":"Thanh Hóa","name":"Huyện Thiệu Hóa","lat":19.89713,"lon":105.68144,"geocoding":{},"distantMaxMiles":5},"Huyện Thường Xuân":{"countryName":"Vietnam","stateName":"Thanh Hóa","name":"Huyện Thường Xuân","lat":19.93684,"lon":105.24109,"geocoding":{},"distantMaxMiles":5},"Huyện Thọ Xuân":{"countryName":"Vietnam","stateName":"Thanh Hóa","name":"Huyện Thọ Xuân","lat":19.93114,"lon":105.48284,"geocoding":{},"distantMaxMiles":5},"Huyện Triệu Sơn":{"countryName":"Vietnam","stateName":"Thanh Hóa","name":"Huyện Triệu Sơn","lat":19.82578,"lon":105.58293,"geocoding":{},"distantMaxMiles":5},"Huyện Vĩnh Lộc":{"countryName":"Vietnam","stateName":"Thanh Hóa","name":"Huyện Vĩnh Lộc","lat":20.03482,"lon":105.65755,"geocoding":{},"distantMaxMiles":5},"Huyện Yên Định":{"countryName":"Vietnam","stateName":"Thanh Hóa","name":"Huyện Yên Định","lat":19.98666,"lon":105.61482,"geocoding":{},"distantMaxMiles":5},"Huyện Đông Sơn":{"countryName":"Vietnam","stateName":"Thanh Hóa","name":"Huyện Đông Sơn","lat":19.79742,"lon":105.72465,"geocoding":{},"distantMaxMiles":5},"Thanh Hóa":{"countryName":"Vietnam","stateName":"Thanh Hóa","name":"Thanh Hóa","lat":19.8,"lon":105.76667,"geocoding":{},"distantMaxMiles":5}}},"Thái Bình":{"countryName":"Vietnam","name":"Thái Bình","isoCode":"20","lat":20.4463471,"lon":106.3365828,"geocoding":{},"distantMaxMiles":5,"cities":{"Huyện Hưng Hà":{"countryName":"Vietnam","stateName":"Thái Bình","name":"Huyện Hưng Hà","lat":20.59464,"lon":106.2123,"geocoding":{},"distantMaxMiles":5},"Huyện Kiến Xương":{"countryName":"Vietnam","stateName":"Thái Bình","name":"Huyện Kiến Xương","lat":20.40081,"lon":106.42032,"geocoding":{},"distantMaxMiles":5},"Huyện Quỳnh Phụ":{"countryName":"Vietnam","stateName":"Thái Bình","name":"Huyện Quỳnh Phụ","lat":20.65095,"lon":106.36359,"geocoding":{},"distantMaxMiles":5},"Huyện Thái Thụy":{"countryName":"Vietnam","stateName":"Thái Bình","name":"Huyện Thái Thụy","lat":20.53916,"lon":106.51688,"geocoding":{},"distantMaxMiles":5},"Huyện Tiền Hải":{"countryName":"Vietnam","stateName":"Thái Bình","name":"Huyện Tiền Hải","lat":20.38465,"lon":106.52882,"geocoding":{},"distantMaxMiles":5},"Huyện Vũ Thư":{"countryName":"Vietnam","stateName":"Thái Bình","name":"Huyện Vũ Thư","lat":20.43732,"lon":106.26529,"geocoding":{},"distantMaxMiles":5},"Huyện Ðông Hưng":{"countryName":"Vietnam","stateName":"Thái Bình","name":"Huyện Ðông Hưng","lat":20.54388,"lon":106.3409,"geocoding":{},"distantMaxMiles":5},"Thái Bình":{"countryName":"Vietnam","stateName":"Thái Bình","name":"Thái Bình","lat":20.45,"lon":106.34002,"geocoding":{},"distantMaxMiles":5}}},"Thái Nguyên":{"countryName":"Vietnam","name":"Thái Nguyên","isoCode":"69","lat":21.5671559,"lon":105.8252038,"geocoding":{},"distantMaxMiles":5,"cities":{"Thái Nguyên":{"countryName":"Vietnam","stateName":"Thái Nguyên","name":"Thái Nguyên","lat":21.59422,"lon":105.84817,"geocoding":{},"distantMaxMiles":5}}},"Thừa Thiên-Huế":{"countryName":"Vietnam","name":"Thừa Thiên-Huế","isoCode":"26","lat":16.467397,"lon":107.5905326,"geocoding":{},"distantMaxMiles":5,"cities":{"Huyện A Lưới":{"countryName":"Vietnam","stateName":"Thừa Thiên-Huế","name":"Huyện A Lưới","lat":16.23422,"lon":107.3065,"geocoding":{},"distantMaxMiles":5},"Huyện Nam Đông":{"countryName":"Vietnam","stateName":"Thừa Thiên-Huế","name":"Huyện Nam Đông","lat":16.12396,"lon":107.6927,"geocoding":{},"distantMaxMiles":5},"Huyện Phong Điền":{"countryName":"Vietnam","stateName":"Thừa Thiên-Huế","name":"Huyện Phong Điền","lat":16.48769,"lon":107.28889,"geocoding":{},"distantMaxMiles":5},"Huyện Phú Lộc":{"countryName":"Vietnam","stateName":"Thừa Thiên-Huế","name":"Huyện Phú Lộc","lat":16.27066,"lon":107.88545,"geocoding":{},"distantMaxMiles":5},"Huyện Phú Vang":{"countryName":"Vietnam","stateName":"Thừa Thiên-Huế","name":"Huyện Phú Vang","lat":16.47007,"lon":107.71458,"geocoding":{},"distantMaxMiles":5},"Huyện Quảng Ðiền":{"countryName":"Vietnam","stateName":"Thừa Thiên-Huế","name":"Huyện Quảng Ðiền","lat":16.57941,"lon":107.4937,"geocoding":{},"distantMaxMiles":5},"Huế":{"countryName":"Vietnam","stateName":"Thừa Thiên-Huế","name":"Huế","lat":16.4619,"lon":107.59546,"geocoding":{},"distantMaxMiles":5}}},"Tiền Giang":{"countryName":"Vietnam","name":"Tiền Giang","isoCode":"46","lat":10.4493324,"lon":106.3420504,"geocoding":{},"distantMaxMiles":5,"cities":{"Huyện Cai Lậy":{"countryName":"Vietnam","stateName":"Tiền Giang","name":"Huyện Cai Lậy","lat":10.38943,"lon":106.06774,"geocoding":{},"distantMaxMiles":5},"Huyện Châu Thành":{"countryName":"Vietnam","stateName":"Tiền Giang","name":"Huyện Châu Thành","lat":10.386,"lon":106.27311,"geocoding":{},"distantMaxMiles":5},"Huyện Chợ Gạo":{"countryName":"Vietnam","stateName":"Tiền Giang","name":"Huyện Chợ Gạo","lat":10.37373,"lon":106.44341,"geocoding":{},"distantMaxMiles":5},"Huyện Cái Bè":{"countryName":"Vietnam","stateName":"Tiền Giang","name":"Huyện Cái Bè","lat":10.38824,"lon":105.9462,"geocoding":{},"distantMaxMiles":5},"Huyện Gò Công Tây":{"countryName":"Vietnam","stateName":"Tiền Giang","name":"Huyện Gò Công Tây","lat":10.34527,"lon":106.59851,"geocoding":{},"distantMaxMiles":5},"Huyện Gò Công Đông":{"countryName":"Vietnam","stateName":"Tiền Giang","name":"Huyện Gò Công Đông","lat":10.36784,"lon":106.74592,"geocoding":{},"distantMaxMiles":5},"Huyện Tân Phước":{"countryName":"Vietnam","stateName":"Tiền Giang","name":"Huyện Tân Phước","lat":10.51489,"lon":106.23312,"geocoding":{},"distantMaxMiles":5},"Mỹ Tho":{"countryName":"Vietnam","stateName":"Tiền Giang","name":"Mỹ Tho","lat":10.36004,"lon":106.35996,"geocoding":{},"distantMaxMiles":5},"Thành Phố Mỹ Tho":{"countryName":"Vietnam","stateName":"Tiền Giang","name":"Thành Phố Mỹ Tho","lat":10.36221,"lon":106.36824,"geocoding":{},"distantMaxMiles":5},"Thị Xã Gò Công":{"countryName":"Vietnam","stateName":"Tiền Giang","name":"Thị Xã Gò Công","lat":10.40005,"lon":106.65847,"geocoding":{},"distantMaxMiles":5}}},"Trà Vinh":{"countryName":"Vietnam","name":"Trà Vinh","isoCode":"51","lat":9.812741,"lon":106.2992912,"geocoding":{},"distantMaxMiles":5,"cities":{"Huyện Càng Long":{"countryName":"Vietnam","stateName":"Trà Vinh","name":"Huyện Càng Long","lat":9.95883,"lon":106.21395,"geocoding":{},"distantMaxMiles":5},"Huyện Cầu Kè":{"countryName":"Vietnam","stateName":"Trà Vinh","name":"Huyện Cầu Kè","lat":9.86738,"lon":106.07916,"geocoding":{},"distantMaxMiles":5},"Huyện Cầu Ngang":{"countryName":"Vietnam","stateName":"Trà Vinh","name":"Huyện Cầu Ngang","lat":9.77186,"lon":106.43654,"geocoding":{},"distantMaxMiles":5},"Huyện Tiểu Cần":{"countryName":"Vietnam","stateName":"Trà Vinh","name":"Huyện Tiểu Cần","lat":9.8035,"lon":106.20594,"geocoding":{},"distantMaxMiles":5},"Huyện Trà Cú":{"countryName":"Vietnam","stateName":"Trà Vinh","name":"Huyện Trà Cú","lat":9.69706,"lon":106.29423,"geocoding":{},"distantMaxMiles":5},"Trà Vinh":{"countryName":"Vietnam","stateName":"Trà Vinh","name":"Trà Vinh","lat":9.94719,"lon":106.34225,"geocoding":{},"distantMaxMiles":5}}},"Tuyên Quang":{"countryName":"Vietnam","name":"Tuyên Quang","isoCode":"07","lat":21.7767246,"lon":105.2280196,"geocoding":{},"distantMaxMiles":5,"cities":{"Huyện Chiêm Hóa":{"countryName":"Vietnam","stateName":"Tuyên Quang","name":"Huyện Chiêm Hóa","lat":22.17895,"lon":105.27671,"geocoding":{},"distantMaxMiles":5},"Huyện Hàm Yên":{"countryName":"Vietnam","stateName":"Tuyên Quang","name":"Huyện Hàm Yên","lat":22.10935,"lon":105.0163,"geocoding":{},"distantMaxMiles":5},"Huyện Lâm Bình":{"countryName":"Vietnam","stateName":"Tuyên Quang","name":"Huyện Lâm Bình","lat":22.46411,"lon":105.21903,"geocoding":{},"distantMaxMiles":5},"Huyện Na Hang":{"countryName":"Vietnam","stateName":"Tuyên Quang","name":"Huyện Na Hang","lat":22.47522,"lon":105.4838,"geocoding":{},"distantMaxMiles":5},"Huyện Sơn Dương":{"countryName":"Vietnam","stateName":"Tuyên Quang","name":"Huyện Sơn Dương","lat":21.63623,"lon":105.38901,"geocoding":{},"distantMaxMiles":5},"Huyện Yên Sơn":{"countryName":"Vietnam","stateName":"Tuyên Quang","name":"Huyện Yên Sơn","lat":21.88363,"lon":105.27656,"geocoding":{},"distantMaxMiles":5},"Tuyên Quang":{"countryName":"Vietnam","stateName":"Tuyên Quang","name":"Tuyên Quang","lat":21.82356,"lon":105.21424,"geocoding":{},"distantMaxMiles":5}}},"Tây Ninh":{"countryName":"Vietnam","name":"Tây Ninh","isoCode":"37","lat":11.3351554,"lon":106.1098854,"geocoding":{},"distantMaxMiles":5,"cities":{"Huyện Bến Cầu":{"countryName":"Vietnam","stateName":"Tây Ninh","name":"Huyện Bến Cầu","lat":11.12889,"lon":106.14296,"geocoding":{},"distantMaxMiles":5},"Huyện Dương Minh Châu":{"countryName":"Vietnam","stateName":"Tây Ninh","name":"Huyện Dương Minh Châu","lat":11.31833,"lon":106.25697,"geocoding":{},"distantMaxMiles":5},"Huyện Gò Dầu":{"countryName":"Vietnam","stateName":"Tây Ninh","name":"Huyện Gò Dầu","lat":11.15737,"lon":106.27307,"geocoding":{},"distantMaxMiles":5},"Huyện Hòa Thành":{"countryName":"Vietnam","stateName":"Tây Ninh","name":"Huyện Hòa Thành","lat":11.26706,"lon":106.14486,"geocoding":{},"distantMaxMiles":5},"Huyện Trảng Bàng":{"countryName":"Vietnam","stateName":"Tây Ninh","name":"Huyện Trảng Bàng","lat":11.0572,"lon":106.37539,"geocoding":{},"distantMaxMiles":5},"Huyện Tân Châu":{"countryName":"Vietnam","stateName":"Tây Ninh","name":"Huyện Tân Châu","lat":11.58739,"lon":106.2827,"geocoding":{},"distantMaxMiles":5},"Phú Khương":{"countryName":"Vietnam","stateName":"Tây Ninh","name":"Phú Khương","lat":11.28333,"lon":106.13333,"geocoding":{},"distantMaxMiles":5},"Tây Ninh":{"countryName":"Vietnam","stateName":"Tây Ninh","name":"Tây Ninh","lat":11.31004,"lon":106.09828,"geocoding":{},"distantMaxMiles":5}}},"Vĩnh Long":{"countryName":"Vietnam","name":"Vĩnh Long","isoCode":"49","lat":10.239574,"lon":105.9571928,"geocoding":{},"distantMaxMiles":5,"cities":{"Huyện Long Hồ":{"countryName":"Vietnam","stateName":"Vĩnh Long","name":"Huyện Long Hồ","lat":10.2164,"lon":105.98483,"geocoding":{},"distantMaxMiles":5},"Huyện Mang Thít":{"countryName":"Vietnam","stateName":"Vĩnh Long","name":"Huyện Mang Thít","lat":10.18731,"lon":106.07472,"geocoding":{},"distantMaxMiles":5},"Huyện Tam Bình":{"countryName":"Vietnam","stateName":"Vĩnh Long","name":"Huyện Tam Bình","lat":10.08127,"lon":105.95352,"geocoding":{},"distantMaxMiles":5},"Huyện Trà Ôn":{"countryName":"Vietnam","stateName":"Vĩnh Long","name":"Huyện Trà Ôn","lat":9.97522,"lon":106.00957,"geocoding":{},"distantMaxMiles":5},"Huyện Vũng Liêm":{"countryName":"Vietnam","stateName":"Vĩnh Long","name":"Huyện Vũng Liêm","lat":10.08717,"lon":106.16038,"geocoding":{},"distantMaxMiles":5},"Vĩnh Long":{"countryName":"Vietnam","stateName":"Vĩnh Long","name":"Vĩnh Long","lat":10.25369,"lon":105.9722,"geocoding":{},"distantMaxMiles":5}}},"Vĩnh Phúc":{"countryName":"Vietnam","name":"Vĩnh Phúc","isoCode":"70","lat":21.3608805,"lon":105.5474373,"geocoding":{},"distantMaxMiles":5,"cities":{"Huyện Bình Xuyên":{"countryName":"Vietnam","stateName":"Vĩnh Phúc","name":"Huyện Bình Xuyên","lat":21.30561,"lon":105.66225,"geocoding":{},"distantMaxMiles":5},"Huyện Tam Dương":{"countryName":"Vietnam","stateName":"Vĩnh Phúc","name":"Huyện Tam Dương","lat":21.36189,"lon":105.5569,"geocoding":{},"distantMaxMiles":5},"Huyện Tam Đảo":{"countryName":"Vietnam","stateName":"Vĩnh Phúc","name":"Huyện Tam Đảo","lat":21.4569,"lon":105.5946,"geocoding":{},"distantMaxMiles":5},"Huyện Yên Lạc":{"countryName":"Vietnam","stateName":"Vĩnh Phúc","name":"Huyện Yên Lạc","lat":21.21845,"lon":105.57586,"geocoding":{},"distantMaxMiles":5},"Vĩnh Yên":{"countryName":"Vietnam","stateName":"Vĩnh Phúc","name":"Vĩnh Yên","lat":21.30891,"lon":105.60489,"geocoding":{},"distantMaxMiles":5}}},"Yên Bái":{"countryName":"Vietnam","name":"Yên Bái","isoCode":"06","lat":21.7167689,"lon":104.8985878,"geocoding":{},"distantMaxMiles":5,"cities":{"Huyện Lục Yên":{"countryName":"Vietnam","stateName":"Yên Bái","name":"Huyện Lục Yên","lat":22.10235,"lon":104.72538,"geocoding":{},"distantMaxMiles":5},"Huyện Mù Cang Chải":{"countryName":"Vietnam","stateName":"Yên Bái","name":"Huyện Mù Cang Chải","lat":21.78815,"lon":104.11998,"geocoding":{},"distantMaxMiles":5},"Huyện Trạm Tấu":{"countryName":"Vietnam","stateName":"Yên Bái","name":"Huyện Trạm Tấu","lat":21.48553,"lon":104.42756,"geocoding":{},"distantMaxMiles":5},"Huyện Trấn Yên":{"countryName":"Vietnam","stateName":"Yên Bái","name":"Huyện Trấn Yên","lat":21.66586,"lon":104.79702,"geocoding":{},"distantMaxMiles":5},"Huyện Văn Chấn":{"countryName":"Vietnam","stateName":"Yên Bái","name":"Huyện Văn Chấn","lat":21.55722,"lon":104.64038,"geocoding":{},"distantMaxMiles":5},"Huyện Văn Yên":{"countryName":"Vietnam","stateName":"Yên Bái","name":"Huyện Văn Yên","lat":21.90022,"lon":104.56669,"geocoding":{},"distantMaxMiles":5},"Yên Bái":{"countryName":"Vietnam","stateName":"Yên Bái","name":"Yên Bái","lat":21.72288,"lon":104.9113,"geocoding":{},"distantMaxMiles":5}}},"Điện Biên":{"countryName":"Vietnam","name":"Điện Biên","isoCode":"71","lat":21.8042309,"lon":103.1076525,"geocoding":{},"distantMaxMiles":5,"cities":{"Dien Bien Phu":{"countryName":"Vietnam","stateName":"Điện Biên","name":"Dien Bien Phu","lat":21.38602,"lon":103.02301,"geocoding":{},"distantMaxMiles":5},"Huyện Mường Nhé":{"countryName":"Vietnam","stateName":"Điện Biên","name":"Huyện Mường Nhé","lat":22.10353,"lon":102.58465,"geocoding":{},"distantMaxMiles":5},"Huyện Tuần Giáo":{"countryName":"Vietnam","stateName":"Điện Biên","name":"Huyện Tuần Giáo","lat":21.69481,"lon":103.41758,"geocoding":{},"distantMaxMiles":5},"Huyện Tủa Chùa":{"countryName":"Vietnam","stateName":"Điện Biên","name":"Huyện Tủa Chùa","lat":21.95357,"lon":103.37332,"geocoding":{},"distantMaxMiles":5},"Huyện Điện Biên Đông":{"countryName":"Vietnam","stateName":"Điện Biên","name":"Huyện Điện Biên Đông","lat":21.25266,"lon":103.269,"geocoding":{},"distantMaxMiles":5},"Thị Xã Mưòng Lay":{"countryName":"Vietnam","stateName":"Điện Biên","name":"Thị Xã Mưòng Lay","lat":22.03374,"lon":103.12331,"geocoding":{},"distantMaxMiles":5}}},"Đà Nẵng":{"countryName":"Vietnam","name":"Đà Nẵng","isoCode":"DN","lat":16.0544068,"lon":108.2021667,"geocoding":{},"distantMaxMiles":5,"cities":{"Da Nang":{"countryName":"Vietnam","stateName":"Đà Nẵng","name":"Da Nang","lat":16.06778,"lon":108.22083,"geocoding":{},"distantMaxMiles":5}}},"Đắk Lắk":{"countryName":"Vietnam","name":"Đắk Lắk","isoCode":"33","lat":12.7100116,"lon":108.2377519,"geocoding":{},"distantMaxMiles":5,"cities":{"Buôn Ma Thuột":{"countryName":"Vietnam","stateName":"Đắk Lắk","name":"Buôn Ma Thuột","lat":12.66747,"lon":108.03775,"geocoding":{},"distantMaxMiles":5},"Huyện Buôn Đôn":{"countryName":"Vietnam","stateName":"Đắk Lắk","name":"Huyện Buôn Đôn","lat":12.90396,"lon":107.7387,"geocoding":{},"distantMaxMiles":5},"Huyện Ea H'Leo":{"countryName":"Vietnam","stateName":"Đắk Lắk","name":"Huyện Ea H'Leo","lat":13.31814,"lon":108.07148,"geocoding":{},"distantMaxMiles":5},"Huyện Ea Súp":{"countryName":"Vietnam","stateName":"Đắk Lắk","name":"Huyện Ea Súp","lat":13.18279,"lon":107.79954,"geocoding":{},"distantMaxMiles":5}}},"Đắk Nông":{"countryName":"Vietnam","name":"Đắk Nông","isoCode":"72","lat":12.2646476,"lon":107.609806,"geocoding":{},"distantMaxMiles":5,"cities":{"Huyện Cư Jút":{"countryName":"Vietnam","stateName":"Đắk Nông","name":"Huyện Cư Jút","lat":12.69591,"lon":107.76316,"geocoding":{},"distantMaxMiles":5},"Huyện Krông Nô":{"countryName":"Vietnam","stateName":"Đắk Nông","name":"Huyện Krông Nô","lat":12.36285,"lon":107.83445,"geocoding":{},"distantMaxMiles":5},"Huyện Đắk R’Lấp":{"countryName":"Vietnam","stateName":"Đắk Nông","name":"Huyện Đắk R’Lấp","lat":11.8799,"lon":107.52244,"geocoding":{},"distantMaxMiles":5}}},"Đồng Nai":{"countryName":"Vietnam","name":"Đồng Nai","isoCode":"39","lat":11.0686305,"lon":107.1675976,"geocoding":{},"distantMaxMiles":5,"cities":{"Biên Hòa":{"countryName":"Vietnam","stateName":"Đồng Nai","name":"Biên Hòa","lat":10.94469,"lon":106.82432,"geocoding":{},"distantMaxMiles":5},"Huyện Long Thành":{"countryName":"Vietnam","stateName":"Đồng Nai","name":"Huyện Long Thành","lat":10.76162,"lon":107.02688,"geocoding":{},"distantMaxMiles":5},"Huyện Thống Nhất":{"countryName":"Vietnam","stateName":"Đồng Nai","name":"Huyện Thống Nhất","lat":10.97764,"lon":107.15909,"geocoding":{},"distantMaxMiles":5},"Huyện Trảng Bom":{"countryName":"Vietnam","stateName":"Đồng Nai","name":"Huyện Trảng Bom","lat":10.96624,"lon":107.03614,"geocoding":{},"distantMaxMiles":5},"Huyện Tân Phú":{"countryName":"Vietnam","stateName":"Đồng Nai","name":"Huyện Tân Phú","lat":11.39867,"lon":107.39976,"geocoding":{},"distantMaxMiles":5},"Huyện Vĩnh Cửu":{"countryName":"Vietnam","stateName":"Đồng Nai","name":"Huyện Vĩnh Cửu","lat":11.25725,"lon":107.02773,"geocoding":{},"distantMaxMiles":5},"Huyện Định Quán":{"countryName":"Vietnam","stateName":"Đồng Nai","name":"Huyện Định Quán","lat":11.21866,"lon":107.33959,"geocoding":{},"distantMaxMiles":5}}},"Đồng Tháp":{"countryName":"Vietnam","name":"Đồng Tháp","isoCode":"45","lat":10.4937989,"lon":105.6881788,"geocoding":{},"distantMaxMiles":5,"cities":{"Cao Lãnh":{"countryName":"Vietnam","stateName":"Đồng Tháp","name":"Cao Lãnh","lat":10.46017,"lon":105.63294,"geocoding":{},"distantMaxMiles":5},"Huyện Châu Thành":{"countryName":"Vietnam","stateName":"Đồng Tháp","name":"Huyện Châu Thành","lat":10.22543,"lon":105.8238,"geocoding":{},"distantMaxMiles":5},"Huyện Lai Vung":{"countryName":"Vietnam","stateName":"Đồng Tháp","name":"Huyện Lai Vung","lat":10.24051,"lon":105.66327,"geocoding":{},"distantMaxMiles":5},"Huyện Lấp Vò":{"countryName":"Vietnam","stateName":"Đồng Tháp","name":"Huyện Lấp Vò","lat":10.35918,"lon":105.60611,"geocoding":{},"distantMaxMiles":5},"Huyện Tam Nông":{"countryName":"Vietnam","stateName":"Đồng Tháp","name":"Huyện Tam Nông","lat":10.72761,"lon":105.52522,"geocoding":{},"distantMaxMiles":5},"Huyện Thanh Bình":{"countryName":"Vietnam","stateName":"Đồng Tháp","name":"Huyện Thanh Bình","lat":10.60137,"lon":105.47811,"geocoding":{},"distantMaxMiles":5},"Huyện Tháp Mười":{"countryName":"Vietnam","stateName":"Đồng Tháp","name":"Huyện Tháp Mười","lat":10.54398,"lon":105.81875,"geocoding":{},"distantMaxMiles":5},"Huyện Tân Hồng":{"countryName":"Vietnam","stateName":"Đồng Tháp","name":"Huyện Tân Hồng","lat":10.87089,"lon":105.49104,"geocoding":{},"distantMaxMiles":5},"Sa Dec":{"countryName":"Vietnam","stateName":"Đồng Tháp","name":"Sa Dec","lat":10.29085,"lon":105.75635,"geocoding":{},"distantMaxMiles":5},"Sa Dec city":{"countryName":"Vietnam","stateName":"Đồng Tháp","name":"Sa Dec city","lat":10.3055,"lon":105.74757,"geocoding":{},"distantMaxMiles":5},"Thị Trấn Tân Thành":{"countryName":"Vietnam","stateName":"Đồng Tháp","name":"Thị Trấn Tân Thành","lat":10.25616,"lon":105.5928,"geocoding":{},"distantMaxMiles":5}}}}}