{"name":"Saint Kitts And Nevis","isoCode":"KN","lat":17.33333333,"lon":-62.75,"geocoding":{},"distantMaxMiles":5,"states":{"Christ Church Nichola Town Parish":{"countryName":"Saint Kitts And Nevis","name":"Christ Church Nichola Town Parish","isoCode":"01","lat":17.3604812,"lon":-62.7617837,"geocoding":{},"distantMaxMiles":5,"cities":{"Nicola Town":{"countryName":"Saint Kitts And Nevis","stateName":"Christ Church Nichola Town Parish","name":"Nicola Town","lat":17.37956,"lon":-62.75318,"geocoding":{},"distantMaxMiles":5}}},"Nevis":{"countryName":"Saint Kitts And Nevis","name":"Nevis","isoCode":"N","lat":17.1553558,"lon":-62.5796026,"geocoding":{},"distantMaxMiles":5,"cities":{}},"Saint Anne Sandy Point Parish":{"countryName":"Saint Kitts And Nevis","name":"Saint Anne Sandy Point Parish","isoCode":"02","lat":17.3725333,"lon":-62.8441133,"geocoding":{},"distantMaxMiles":5,"cities":{"Sandy Point Town":{"countryName":"Saint Kitts And Nevis","stateName":"Saint Anne Sandy Point Parish","name":"Sandy Point Town","lat":17.35908,"lon":-62.84858,"geocoding":{},"distantMaxMiles":5}}},"Saint George Gingerland Parish":{"countryName":"Saint Kitts And Nevis","name":"Saint George Gingerland Parish","isoCode":"04","lat":17.1257759,"lon":-62.5619811,"geocoding":{},"distantMaxMiles":5,"cities":{"Market Shop":{"countryName":"Saint Kitts And Nevis","stateName":"Saint George Gingerland Parish","name":"Market Shop","lat":17.13218,"lon":-62.57267,"geocoding":{},"distantMaxMiles":5}}},"Saint James Windward Parish":{"countryName":"Saint Kitts And Nevis","name":"Saint James Windward Parish","isoCode":"05","lat":17.1769633,"lon":-62.5796026,"geocoding":{},"distantMaxMiles":5,"cities":{"Newcastle":{"countryName":"Saint Kitts And Nevis","stateName":"Saint James Windward Parish","name":"Newcastle","lat":17.2,"lon":-62.58333,"geocoding":{},"distantMaxMiles":5}}},"Saint John Capisterre Parish":{"countryName":"Saint Kitts And Nevis","name":"Saint John Capisterre Parish","isoCode":"06","lat":17.3810341,"lon":-62.7911833,"geocoding":{},"distantMaxMiles":5,"cities":{"Dieppe Bay Town":{"countryName":"Saint Kitts And Nevis","stateName":"Saint John Capisterre Parish","name":"Dieppe Bay Town","lat":17.41473,"lon":-62.8139,"geocoding":{},"distantMaxMiles":5}}},"Saint John Figtree Parish":{"countryName":"Saint Kitts And Nevis","name":"Saint John Figtree Parish","isoCode":"07","lat":17.1155748,"lon":-62.6031004,"geocoding":{},"distantMaxMiles":5,"cities":{"Fig Tree":{"countryName":"Saint Kitts And Nevis","stateName":"Saint John Figtree Parish","name":"Fig Tree","lat":17.12623,"lon":-62.60265,"geocoding":{},"distantMaxMiles":5}}},"Saint Kitts":{"countryName":"Saint Kitts And Nevis","name":"Saint Kitts","isoCode":"K","lat":17.3433796,"lon":-62.7559043,"geocoding":{},"distantMaxMiles":5,"cities":{}},"Saint Mary Cayon Parish":{"countryName":"Saint Kitts And Nevis","name":"Saint Mary Cayon Parish","isoCode":"08","lat":17.3462071,"lon":-62.7382671,"geocoding":{},"distantMaxMiles":5,"cities":{"Cayon":{"countryName":"Saint Kitts And Nevis","stateName":"Saint Mary Cayon Parish","name":"Cayon","lat":17.35,"lon":-62.73333,"geocoding":{},"distantMaxMiles":5}}},"Saint Paul Capisterre Parish":{"countryName":"Saint Kitts And Nevis","name":"Saint Paul Capisterre Parish","isoCode":"09","lat":17.4016683,"lon":-62.8257332,"geocoding":{},"distantMaxMiles":5,"cities":{"Saint Paul’s":{"countryName":"Saint Kitts And Nevis","stateName":"Saint Paul Capisterre Parish","name":"Saint Paul’s","lat":17.40605,"lon":-62.83562,"geocoding":{},"distantMaxMiles":5}}},"Saint Paul Charlestown Parish":{"countryName":"Saint Kitts And Nevis","name":"Saint Paul Charlestown Parish","isoCode":"10","lat":17.1346297,"lon":-62.6133816,"geocoding":{},"distantMaxMiles":5,"cities":{"Charlestown":{"countryName":"Saint Kitts And Nevis","stateName":"Saint Paul Charlestown Parish","name":"Charlestown","lat":17.13333,"lon":-62.61667,"geocoding":{},"distantMaxMiles":5}}},"Saint Peter Basseterre Parish":{"countryName":"Saint Kitts And Nevis","name":"Saint Peter Basseterre Parish","isoCode":"11","lat":17.3102911,"lon":-62.7147533,"geocoding":{},"distantMaxMiles":5,"cities":{"Monkey Hill":{"countryName":"Saint Kitts And Nevis","stateName":"Saint Peter Basseterre Parish","name":"Monkey Hill","lat":17.32327,"lon":-62.72914,"geocoding":{},"distantMaxMiles":5}}},"Saint Thomas Lowland Parish":{"countryName":"Saint Kitts And Nevis","name":"Saint Thomas Lowland Parish","isoCode":"12","lat":17.1650513,"lon":-62.6089753,"geocoding":{},"distantMaxMiles":5,"cities":{"Cotton Ground":{"countryName":"Saint Kitts And Nevis","stateName":"Saint Thomas Lowland Parish","name":"Cotton Ground","lat":17.16667,"lon":-62.61667,"geocoding":{},"distantMaxMiles":5}}},"Saint Thomas Middle Island Parish":{"countryName":"Saint Kitts And Nevis","name":"Saint Thomas Middle Island Parish","isoCode":"13","lat":17.3348813,"lon":-62.8088251,"geocoding":{},"distantMaxMiles":5,"cities":{"Middle Island":{"countryName":"Saint Kitts And Nevis","stateName":"Saint Thomas Middle Island Parish","name":"Middle Island","lat":17.3259,"lon":-62.81055,"geocoding":{},"distantMaxMiles":5}}},"Trinity Palmetto Point Parish":{"countryName":"Saint Kitts And Nevis","name":"Trinity Palmetto Point Parish","isoCode":"15","lat":17.3063519,"lon":-62.7617837,"geocoding":{},"distantMaxMiles":5,"cities":{"Trinity":{"countryName":"Saint Kitts And Nevis","stateName":"Trinity Palmetto Point Parish","name":"Trinity","lat":17.30037,"lon":-62.77584,"geocoding":{},"distantMaxMiles":5}}}}}