{"name":"Latvia","isoCode":"LV","lat":57,"lon":25,"geocoding":{},"distantMaxMiles":5,"states":{"Aglona Municipality":{"countryName":"Latvia","name":"Aglona Municipality","isoCode":"001","lat":56.1089006,"lon":27.1286227,"geocoding":{},"distantMaxMiles":5,"cities":{"Aglona":{"countryName":"Latvia","stateName":"Aglona Municipality","name":"Aglona","lat":56.13274,"lon":27.00682,"geocoding":{},"distantMaxMiles":5}}},"Aizkraukle Municipality":{"countryName":"Latvia","name":"Aizkraukle Municipality","isoCode":"002","lat":56.646108,"lon":25.2370854,"geocoding":{},"distantMaxMiles":5,"cities":{"Aizkraukle":{"countryName":"Latvia","stateName":"Aizkraukle Municipality","name":"Aizkraukle","lat":56.60477,"lon":25.25534,"geocoding":{},"distantMaxMiles":5}}},"Aizpute Municipality":{"countryName":"Latvia","name":"Aizpute Municipality","isoCode":"003","lat":56.7182596,"lon":21.6072759,"geocoding":{},"distantMaxMiles":5,"cities":{"Aizpute":{"countryName":"Latvia","stateName":"Aizpute Municipality","name":"Aizpute","lat":56.72108,"lon":21.60156,"geocoding":{},"distantMaxMiles":5}}},"Aknīste Municipality":{"countryName":"Latvia","name":"Aknīste Municipality","isoCode":"004","lat":56.1613037,"lon":25.7484827,"geocoding":{},"distantMaxMiles":5,"cities":{"Aknīste":{"countryName":"Latvia","stateName":"Aknīste Municipality","name":"Aknīste","lat":56.16152,"lon":25.74783,"geocoding":{},"distantMaxMiles":5}}},"Aloja Municipality":{"countryName":"Latvia","name":"Aloja Municipality","isoCode":"005","lat":57.767136,"lon":24.8770839,"geocoding":{},"distantMaxMiles":5,"cities":{"Aloja":{"countryName":"Latvia","stateName":"Aloja Municipality","name":"Aloja","lat":57.76723,"lon":24.87743,"geocoding":{},"distantMaxMiles":5},"Staicele":{"countryName":"Latvia","stateName":"Aloja Municipality","name":"Staicele","lat":57.83579,"lon":24.74706,"geocoding":{},"distantMaxMiles":5}}},"Alsunga Municipality":{"countryName":"Latvia","name":"Alsunga Municipality","isoCode":"006","lat":56.9828531,"lon":21.5555919,"geocoding":{},"distantMaxMiles":5,"cities":{"Alsunga":{"countryName":"Latvia","stateName":"Alsunga Municipality","name":"Alsunga","lat":56.98194,"lon":21.55938,"geocoding":{},"distantMaxMiles":5}}},"Alūksne Municipality":{"countryName":"Latvia","name":"Alūksne Municipality","isoCode":"007","lat":57.4254485,"lon":27.0424968,"geocoding":{},"distantMaxMiles":5,"cities":{"Alūksne":{"countryName":"Latvia","stateName":"Alūksne Municipality","name":"Alūksne","lat":57.42162,"lon":27.04662,"geocoding":{},"distantMaxMiles":5}}},"Amata Municipality":{"countryName":"Latvia","name":"Amata Municipality","isoCode":"008","lat":56.9938726,"lon":25.2627675,"geocoding":{},"distantMaxMiles":5,"cities":{}},"Ape Municipality":{"countryName":"Latvia","name":"Ape Municipality","isoCode":"009","lat":57.5392697,"lon":26.6941649,"geocoding":{},"distantMaxMiles":5,"cities":{"Ape":{"countryName":"Latvia","stateName":"Ape Municipality","name":"Ape","lat":57.53928,"lon":26.69291,"geocoding":{},"distantMaxMiles":5}}},"Auce Municipality":{"countryName":"Latvia","name":"Auce Municipality","isoCode":"010","lat":56.460168,"lon":22.9054781,"geocoding":{},"distantMaxMiles":5,"cities":{"Auce":{"countryName":"Latvia","stateName":"Auce Municipality","name":"Auce","lat":56.45981,"lon":22.90169,"geocoding":{},"distantMaxMiles":5}}},"Babīte Municipality":{"countryName":"Latvia","name":"Babīte Municipality","isoCode":"012","lat":56.954155,"lon":23.945399,"geocoding":{},"distantMaxMiles":5,"cities":{"Piņķi":{"countryName":"Latvia","stateName":"Babīte Municipality","name":"Piņķi","lat":56.94189,"lon":23.91365,"geocoding":{},"distantMaxMiles":5}}},"Baldone Municipality":{"countryName":"Latvia","name":"Baldone Municipality","isoCode":"013","lat":56.74246,"lon":24.3911544,"geocoding":{},"distantMaxMiles":5,"cities":{"Baldone":{"countryName":"Latvia","stateName":"Baldone Municipality","name":"Baldone","lat":56.74451,"lon":24.40078,"geocoding":{},"distantMaxMiles":5}}},"Baltinava Municipality":{"countryName":"Latvia","name":"Baltinava Municipality","isoCode":"014","lat":56.9458468,"lon":27.6441066,"geocoding":{},"distantMaxMiles":5,"cities":{"Baltinava":{"countryName":"Latvia","stateName":"Baltinava Municipality","name":"Baltinava","lat":56.94394,"lon":27.64401,"geocoding":{},"distantMaxMiles":5}}},"Balvi Municipality":{"countryName":"Latvia","name":"Balvi Municipality","isoCode":"015","lat":57.132624,"lon":27.2646685,"geocoding":{},"distantMaxMiles":5,"cities":{"Balvi":{"countryName":"Latvia","stateName":"Balvi Municipality","name":"Balvi","lat":57.1313,"lon":27.26583,"geocoding":{},"distantMaxMiles":5}}},"Bauska Municipality":{"countryName":"Latvia","name":"Bauska Municipality","isoCode":"016","lat":56.4101868,"lon":24.2000689,"geocoding":{},"distantMaxMiles":5,"cities":{"Bauska":{"countryName":"Latvia","stateName":"Bauska Municipality","name":"Bauska","lat":56.40794,"lon":24.19443,"geocoding":{},"distantMaxMiles":5}}},"Beverīna Municipality":{"countryName":"Latvia","name":"Beverīna Municipality","isoCode":"017","lat":57.5197109,"lon":25.6073654,"geocoding":{},"distantMaxMiles":5,"cities":{"Mūrmuiža":{"countryName":"Latvia","stateName":"Beverīna Municipality","name":"Mūrmuiža","lat":57.47312,"lon":25.49174,"geocoding":{},"distantMaxMiles":5}}},"Brocēni Municipality":{"countryName":"Latvia","name":"Brocēni Municipality","isoCode":"018","lat":56.7347541,"lon":22.6357371,"geocoding":{},"distantMaxMiles":5,"cities":{"Brocēni":{"countryName":"Latvia","stateName":"Brocēni Municipality","name":"Brocēni","lat":56.6789,"lon":22.56945,"geocoding":{},"distantMaxMiles":5}}},"Burtnieki Municipality":{"countryName":"Latvia","name":"Burtnieki Municipality","isoCode":"019","lat":57.6949004,"lon":25.2764777,"geocoding":{},"distantMaxMiles":5,"cities":{}},"Carnikava Municipality":{"countryName":"Latvia","name":"Carnikava Municipality","isoCode":"020","lat":57.1024121,"lon":24.2108662,"geocoding":{},"distantMaxMiles":5,"cities":{"Carnikava":{"countryName":"Latvia","stateName":"Carnikava Municipality","name":"Carnikava","lat":57.12935,"lon":24.28423,"geocoding":{},"distantMaxMiles":5}}},"Cesvaine Municipality":{"countryName":"Latvia","name":"Cesvaine Municipality","isoCode":"021","lat":56.9679264,"lon":26.3083172,"geocoding":{},"distantMaxMiles":5,"cities":{"Cesvaine":{"countryName":"Latvia","stateName":"Cesvaine Municipality","name":"Cesvaine","lat":56.96754,"lon":26.30764,"geocoding":{},"distantMaxMiles":5}}},"Cibla Municipality":{"countryName":"Latvia","name":"Cibla Municipality","isoCode":"023","lat":56.6102344,"lon":27.8696598,"geocoding":{},"distantMaxMiles":5,"cities":{"Cibla":{"countryName":"Latvia","stateName":"Cibla Municipality","name":"Cibla","lat":56.5498,"lon":27.8837,"geocoding":{},"distantMaxMiles":5}}},"Cēsis Municipality":{"countryName":"Latvia","name":"Cēsis Municipality","isoCode":"022","lat":57.3102897,"lon":25.2676125,"geocoding":{},"distantMaxMiles":5,"cities":{"Cēsis":{"countryName":"Latvia","stateName":"Cēsis Municipality","name":"Cēsis","lat":57.31188,"lon":25.27456,"geocoding":{},"distantMaxMiles":5}}},"Dagda Municipality":{"countryName":"Latvia","name":"Dagda Municipality","isoCode":"024","lat":56.0956089,"lon":27.532459,"geocoding":{},"distantMaxMiles":5,"cities":{"Dagda":{"countryName":"Latvia","stateName":"Dagda Municipality","name":"Dagda","lat":56.09512,"lon":27.53723,"geocoding":{},"distantMaxMiles":5}}},"Daugavpils":{"countryName":"Latvia","name":"Daugavpils","isoCode":"DGV","lat":55.874736,"lon":26.536179,"geocoding":{},"distantMaxMiles":5,"cities":{}},"Daugavpils Municipality":{"countryName":"Latvia","name":"Daugavpils Municipality","isoCode":"025","lat":55.8991783,"lon":26.6102012,"geocoding":{},"distantMaxMiles":5,"cities":{"Daugavpils":{"countryName":"Latvia","stateName":"Daugavpils Municipality","name":"Daugavpils","lat":55.88333,"lon":26.53333,"geocoding":{},"distantMaxMiles":5}}},"Dobele Municipality":{"countryName":"Latvia","name":"Dobele Municipality","isoCode":"026","lat":56.626305,"lon":23.2809066,"geocoding":{},"distantMaxMiles":5,"cities":{"Dobele":{"countryName":"Latvia","stateName":"Dobele Municipality","name":"Dobele","lat":56.62372,"lon":23.2751,"geocoding":{},"distantMaxMiles":5}}},"Dundaga Municipality":{"countryName":"Latvia","name":"Dundaga Municipality","isoCode":"027","lat":57.5049167,"lon":22.3505114,"geocoding":{},"distantMaxMiles":5,"cities":{"Dundaga":{"countryName":"Latvia","stateName":"Dundaga Municipality","name":"Dundaga","lat":57.50498,"lon":22.35041,"geocoding":{},"distantMaxMiles":5}}},"Durbe Municipality":{"countryName":"Latvia","name":"Durbe Municipality","isoCode":"028","lat":56.6279857,"lon":21.4916245,"geocoding":{},"distantMaxMiles":5,"cities":{"Lieģi":{"countryName":"Latvia","stateName":"Durbe Municipality","name":"Lieģi","lat":56.58173,"lon":21.33399,"geocoding":{},"distantMaxMiles":5}}},"Engure Municipality":{"countryName":"Latvia","name":"Engure Municipality","isoCode":"029","lat":57.16235,"lon":23.2196634,"geocoding":{},"distantMaxMiles":5,"cities":{"Smārde":{"countryName":"Latvia","stateName":"Engure Municipality","name":"Smārde","lat":56.9542,"lon":23.33736,"geocoding":{},"distantMaxMiles":5}}},"Garkalne Municipality":{"countryName":"Latvia","name":"Garkalne Municipality","isoCode":"031","lat":57.0190387,"lon":24.3826181,"geocoding":{},"distantMaxMiles":5,"cities":{"Garkalne":{"countryName":"Latvia","stateName":"Garkalne Municipality","name":"Garkalne","lat":57.04486,"lon":24.41951,"geocoding":{},"distantMaxMiles":5}}},"Grobiņa Municipality":{"countryName":"Latvia","name":"Grobiņa Municipality","isoCode":"032","lat":56.539632,"lon":21.166892,"geocoding":{},"distantMaxMiles":5,"cities":{"Grobiņa":{"countryName":"Latvia","stateName":"Grobiņa Municipality","name":"Grobiņa","lat":56.53521,"lon":21.16782,"geocoding":{},"distantMaxMiles":5}}},"Gulbene Municipality":{"countryName":"Latvia","name":"Gulbene Municipality","isoCode":"033","lat":57.2155645,"lon":26.6452955,"geocoding":{},"distantMaxMiles":5,"cities":{"Gulbene":{"countryName":"Latvia","stateName":"Gulbene Municipality","name":"Gulbene","lat":57.17767,"lon":26.75291,"geocoding":{},"distantMaxMiles":5}}},"Iecava Municipality":{"countryName":"Latvia","name":"Iecava Municipality","isoCode":"034","lat":56.5986793,"lon":24.1996272,"geocoding":{},"distantMaxMiles":5,"cities":{"Iecava":{"countryName":"Latvia","stateName":"Iecava Municipality","name":"Iecava","lat":56.59766,"lon":24.20763,"geocoding":{},"distantMaxMiles":5}}},"Ikšķile Municipality":{"countryName":"Latvia","name":"Ikšķile Municipality","isoCode":"035","lat":56.8373667,"lon":24.4974745,"geocoding":{},"distantMaxMiles":5,"cities":{"Ikšķile":{"countryName":"Latvia","stateName":"Ikšķile Municipality","name":"Ikšķile","lat":56.83399,"lon":24.49679,"geocoding":{},"distantMaxMiles":5}}},"Ilūkste Municipality":{"countryName":"Latvia","name":"Ilūkste Municipality","isoCode":"036","lat":55.9782547,"lon":26.2965088,"geocoding":{},"distantMaxMiles":5,"cities":{"Ilūkste":{"countryName":"Latvia","stateName":"Ilūkste Municipality","name":"Ilūkste","lat":55.97754,"lon":26.29655,"geocoding":{},"distantMaxMiles":5}}},"Inčukalns Municipality":{"countryName":"Latvia","name":"Inčukalns Municipality","isoCode":"037","lat":57.0994342,"lon":24.685557,"geocoding":{},"distantMaxMiles":5,"cities":{"Inčukalns":{"countryName":"Latvia","stateName":"Inčukalns Municipality","name":"Inčukalns","lat":57.09867,"lon":24.6863,"geocoding":{},"distantMaxMiles":5},"Vangaži":{"countryName":"Latvia","stateName":"Inčukalns Municipality","name":"Vangaži","lat":57.09358,"lon":24.54468,"geocoding":{},"distantMaxMiles":5}}},"Jaunjelgava Municipality":{"countryName":"Latvia","name":"Jaunjelgava Municipality","isoCode":"038","lat":56.5283659,"lon":25.3921443,"geocoding":{},"distantMaxMiles":5,"cities":{"Jaunjelgava":{"countryName":"Latvia","stateName":"Jaunjelgava Municipality","name":"Jaunjelgava","lat":56.61319,"lon":25.08316,"geocoding":{},"distantMaxMiles":5}}},"Jaunpiebalga Municipality":{"countryName":"Latvia","name":"Jaunpiebalga Municipality","isoCode":"039","lat":57.1433471,"lon":25.9951888,"geocoding":{},"distantMaxMiles":5,"cities":{}},"Jaunpils Municipality":{"countryName":"Latvia","name":"Jaunpils Municipality","isoCode":"040","lat":56.7314194,"lon":23.0125616,"geocoding":{},"distantMaxMiles":5,"cities":{"Jaunpils":{"countryName":"Latvia","stateName":"Jaunpils Municipality","name":"Jaunpils","lat":56.73137,"lon":23.01247,"geocoding":{},"distantMaxMiles":5}}},"Jelgava":{"countryName":"Latvia","name":"Jelgava","isoCode":"JEL","lat":56.6511091,"lon":23.7213541,"geocoding":{},"distantMaxMiles":5,"cities":{"Jelgava":{"countryName":"Latvia","stateName":"Jelgava","name":"Jelgava","lat":56.65,"lon":23.71278,"geocoding":{},"distantMaxMiles":5}}},"Jelgava Municipality":{"countryName":"Latvia","name":"Jelgava Municipality","isoCode":"041","lat":56.5895689,"lon":23.6610481,"geocoding":{},"distantMaxMiles":5,"cities":{"Tīreļi":{"countryName":"Latvia","stateName":"Jelgava Municipality","name":"Tīreļi","lat":56.83991,"lon":23.58902,"geocoding":{},"distantMaxMiles":5}}},"Jēkabpils":{"countryName":"Latvia","name":"Jēkabpils","isoCode":"JKB","lat":56.501455,"lon":25.878299,"geocoding":{},"distantMaxMiles":5,"cities":{}},"Jēkabpils Municipality":{"countryName":"Latvia","name":"Jēkabpils Municipality","isoCode":"042","lat":56.291932,"lon":25.9812017,"geocoding":{},"distantMaxMiles":5,"cities":{"Jēkabpils":{"countryName":"Latvia","stateName":"Jēkabpils Municipality","name":"Jēkabpils","lat":56.49903,"lon":25.85735,"geocoding":{},"distantMaxMiles":5},"Krustpils":{"countryName":"Latvia","stateName":"Jēkabpils Municipality","name":"Krustpils","lat":56.51068,"lon":25.86117,"geocoding":{},"distantMaxMiles":5}}},"Jūrmala":{"countryName":"Latvia","name":"Jūrmala","isoCode":"JUR","lat":56.947079,"lon":23.6168485,"geocoding":{},"distantMaxMiles":5,"cities":{"Jūrmala":{"countryName":"Latvia","stateName":"Jūrmala","name":"Jūrmala","lat":56.968,"lon":23.77038,"geocoding":{},"distantMaxMiles":5}}},"Kandava Municipality":{"countryName":"Latvia","name":"Kandava Municipality","isoCode":"043","lat":57.0340673,"lon":22.7801813,"geocoding":{},"distantMaxMiles":5,"cities":{"Kandava":{"countryName":"Latvia","stateName":"Kandava Municipality","name":"Kandava","lat":57.04087,"lon":22.77466,"geocoding":{},"distantMaxMiles":5}}},"Kocēni Municipality":{"countryName":"Latvia","name":"Kocēni Municipality","isoCode":"045","lat":57.5226292,"lon":25.3349507,"geocoding":{},"distantMaxMiles":5,"cities":{"Kocēni":{"countryName":"Latvia","stateName":"Kocēni Municipality","name":"Kocēni","lat":57.52057,"lon":25.33821,"geocoding":{},"distantMaxMiles":5}}},"Koknese Municipality":{"countryName":"Latvia","name":"Koknese Municipality","isoCode":"046","lat":56.720556,"lon":25.4893909,"geocoding":{},"distantMaxMiles":5,"cities":{"Koknese":{"countryName":"Latvia","stateName":"Koknese Municipality","name":"Koknese","lat":56.65163,"lon":25.43637,"geocoding":{},"distantMaxMiles":5}}},"Krimulda Municipality":{"countryName":"Latvia","name":"Krimulda Municipality","isoCode":"048","lat":57.1791273,"lon":24.7140127,"geocoding":{},"distantMaxMiles":5,"cities":{}},"Krustpils Municipality":{"countryName":"Latvia","name":"Krustpils Municipality","isoCode":"049","lat":56.5415578,"lon":26.2446397,"geocoding":{},"distantMaxMiles":5,"cities":{}},"Krāslava Municipality":{"countryName":"Latvia","name":"Krāslava Municipality","isoCode":"047","lat":55.8951464,"lon":27.1814577,"geocoding":{},"distantMaxMiles":5,"cities":{"Krāslava":{"countryName":"Latvia","stateName":"Krāslava Municipality","name":"Krāslava","lat":55.89514,"lon":27.16799,"geocoding":{},"distantMaxMiles":5}}},"Kuldīga Municipality":{"countryName":"Latvia","name":"Kuldīga Municipality","isoCode":"050","lat":56.9687257,"lon":21.9613739,"geocoding":{},"distantMaxMiles":5,"cities":{"Kuldīga":{"countryName":"Latvia","stateName":"Kuldīga Municipality","name":"Kuldīga","lat":56.97399,"lon":21.95721,"geocoding":{},"distantMaxMiles":5}}},"Kārsava Municipality":{"countryName":"Latvia","name":"Kārsava Municipality","isoCode":"044","lat":56.7645842,"lon":27.7358295,"geocoding":{},"distantMaxMiles":5,"cities":{"Kārsava":{"countryName":"Latvia","stateName":"Kārsava Municipality","name":"Kārsava","lat":56.78405,"lon":27.68829,"geocoding":{},"distantMaxMiles":5}}},"Lielvārde Municipality":{"countryName":"Latvia","name":"Lielvārde Municipality","isoCode":"053","lat":56.7392976,"lon":24.9711618,"geocoding":{},"distantMaxMiles":5,"cities":{"Lielvārde":{"countryName":"Latvia","stateName":"Lielvārde Municipality","name":"Lielvārde","lat":56.72066,"lon":24.80743,"geocoding":{},"distantMaxMiles":5}}},"Liepāja":{"countryName":"Latvia","name":"Liepāja","isoCode":"LPX","lat":56.5046678,"lon":21.010806,"geocoding":{},"distantMaxMiles":5,"cities":{"Karosta":{"countryName":"Latvia","stateName":"Liepāja","name":"Karosta","lat":56.55128,"lon":21.01287,"geocoding":{},"distantMaxMiles":5},"Liepāja":{"countryName":"Latvia","stateName":"Liepāja","name":"Liepāja","lat":56.50474,"lon":21.01085,"geocoding":{},"distantMaxMiles":5}}},"Limbaži Municipality":{"countryName":"Latvia","name":"Limbaži Municipality","isoCode":"054","lat":57.5403227,"lon":24.7134451,"geocoding":{},"distantMaxMiles":5,"cities":{"Limbaži":{"countryName":"Latvia","stateName":"Limbaži Municipality","name":"Limbaži","lat":57.51287,"lon":24.71941,"geocoding":{},"distantMaxMiles":5}}},"Lubāna Municipality":{"countryName":"Latvia","name":"Lubāna Municipality","isoCode":"057","lat":56.8999269,"lon":26.7198789,"geocoding":{},"distantMaxMiles":5,"cities":{"Lubāna":{"countryName":"Latvia","stateName":"Lubāna Municipality","name":"Lubāna","lat":56.90425,"lon":26.71606,"geocoding":{},"distantMaxMiles":5}}},"Ludza Municipality":{"countryName":"Latvia","name":"Ludza Municipality","isoCode":"058","lat":56.545959,"lon":27.7143199,"geocoding":{},"distantMaxMiles":5,"cities":{"Ludza":{"countryName":"Latvia","stateName":"Ludza Municipality","name":"Ludza","lat":56.53958,"lon":27.71891,"geocoding":{},"distantMaxMiles":5}}},"Līgatne Municipality":{"countryName":"Latvia","name":"Līgatne Municipality","isoCode":"055","lat":57.1944204,"lon":25.0940681,"geocoding":{},"distantMaxMiles":5,"cities":{"Līgatne":{"countryName":"Latvia","stateName":"Līgatne Municipality","name":"Līgatne","lat":57.23429,"lon":25.04059,"geocoding":{},"distantMaxMiles":5}}},"Līvāni Municipality":{"countryName":"Latvia","name":"Līvāni Municipality","isoCode":"056","lat":56.3550942,"lon":26.172519,"geocoding":{},"distantMaxMiles":5,"cities":{"Līvāni":{"countryName":"Latvia","stateName":"Līvāni Municipality","name":"Līvāni","lat":56.35431,"lon":26.17579,"geocoding":{},"distantMaxMiles":5}}},"Madona Municipality":{"countryName":"Latvia","name":"Madona Municipality","isoCode":"059","lat":56.8598923,"lon":26.2276201,"geocoding":{},"distantMaxMiles":5,"cities":{"Madona":{"countryName":"Latvia","stateName":"Madona Municipality","name":"Madona","lat":56.85329,"lon":26.21698,"geocoding":{},"distantMaxMiles":5}}},"Mazsalaca Municipality":{"countryName":"Latvia","name":"Mazsalaca Municipality","isoCode":"060","lat":57.9267749,"lon":25.0669895,"geocoding":{},"distantMaxMiles":5,"cities":{"Mazsalaca":{"countryName":"Latvia","stateName":"Mazsalaca Municipality","name":"Mazsalaca","lat":57.86329,"lon":25.05475,"geocoding":{},"distantMaxMiles":5}}},"Mālpils Municipality":{"countryName":"Latvia","name":"Mālpils Municipality","isoCode":"061","lat":57.0084119,"lon":24.9574278,"geocoding":{},"distantMaxMiles":5,"cities":{"Mālpils":{"countryName":"Latvia","stateName":"Mālpils Municipality","name":"Mālpils","lat":57.0101,"lon":24.95783,"geocoding":{},"distantMaxMiles":5}}},"Mārupe Municipality":{"countryName":"Latvia","name":"Mārupe Municipality","isoCode":"062","lat":56.8965717,"lon":24.0460049,"geocoding":{},"distantMaxMiles":5,"cities":{"Mārupe":{"countryName":"Latvia","stateName":"Mārupe Municipality","name":"Mārupe","lat":56.90544,"lon":24.05113,"geocoding":{},"distantMaxMiles":5}}},"Mērsrags Municipality":{"countryName":"Latvia","name":"Mērsrags Municipality","isoCode":"063","lat":57.3306881,"lon":23.1023707,"geocoding":{},"distantMaxMiles":5,"cities":{}},"Naukšēni Municipality":{"countryName":"Latvia","name":"Naukšēni Municipality","isoCode":"064","lat":57.9295361,"lon":25.5119266,"geocoding":{},"distantMaxMiles":5,"cities":{"Naukšēni":{"countryName":"Latvia","stateName":"Naukšēni Municipality","name":"Naukšēni","lat":57.88349,"lon":25.45609,"geocoding":{},"distantMaxMiles":5}}},"Nereta Municipality":{"countryName":"Latvia","name":"Nereta Municipality","isoCode":"065","lat":56.1986655,"lon":25.3252969,"geocoding":{},"distantMaxMiles":5,"cities":{"Nereta":{"countryName":"Latvia","stateName":"Nereta Municipality","name":"Nereta","lat":56.20279,"lon":25.30752,"geocoding":{},"distantMaxMiles":5}}},"Nīca Municipality":{"countryName":"Latvia","name":"Nīca Municipality","isoCode":"066","lat":56.3464983,"lon":21.065493,"geocoding":{},"distantMaxMiles":5,"cities":{"Nīca":{"countryName":"Latvia","stateName":"Nīca Municipality","name":"Nīca","lat":56.34601,"lon":21.06401,"geocoding":{},"distantMaxMiles":5}}},"Ogre Municipality":{"countryName":"Latvia","name":"Ogre Municipality","isoCode":"067","lat":56.8147355,"lon":24.6044555,"geocoding":{},"distantMaxMiles":5,"cities":{"Jumprava":{"countryName":"Latvia","stateName":"Ogre Municipality","name":"Jumprava","lat":56.67613,"lon":24.9721,"geocoding":{},"distantMaxMiles":5},"Ogre":{"countryName":"Latvia","stateName":"Ogre Municipality","name":"Ogre","lat":56.8162,"lon":24.61401,"geocoding":{},"distantMaxMiles":5}}},"Olaine Municipality":{"countryName":"Latvia","name":"Olaine Municipality","isoCode":"068","lat":56.7952353,"lon":24.0153589,"geocoding":{},"distantMaxMiles":5,"cities":{"Olaine":{"countryName":"Latvia","stateName":"Olaine Municipality","name":"Olaine","lat":56.79472,"lon":23.9358,"geocoding":{},"distantMaxMiles":5}}},"Ozolnieki Municipality":{"countryName":"Latvia","name":"Ozolnieki Municipality","isoCode":"069","lat":56.6756305,"lon":23.8994816,"geocoding":{},"distantMaxMiles":5,"cities":{"Ozolnieki":{"countryName":"Latvia","stateName":"Ozolnieki Municipality","name":"Ozolnieki","lat":56.68986,"lon":23.7761,"geocoding":{},"distantMaxMiles":5}}},"Preiļi Municipality":{"countryName":"Latvia","name":"Preiļi Municipality","isoCode":"073","lat":56.1511157,"lon":26.7439767,"geocoding":{},"distantMaxMiles":5,"cities":{"Jaunaglona":{"countryName":"Latvia","stateName":"Preiļi Municipality","name":"Jaunaglona","lat":56.16066,"lon":27.00714,"geocoding":{},"distantMaxMiles":5},"Preiļi":{"countryName":"Latvia","stateName":"Preiļi Municipality","name":"Preiļi","lat":56.29444,"lon":26.72459,"geocoding":{},"distantMaxMiles":5}}},"Priekule Municipality":{"countryName":"Latvia","name":"Priekule Municipality","isoCode":"074","lat":56.4179413,"lon":21.5503336,"geocoding":{},"distantMaxMiles":5,"cities":{"Priekule":{"countryName":"Latvia","stateName":"Priekule Municipality","name":"Priekule","lat":56.44679,"lon":21.58968,"geocoding":{},"distantMaxMiles":5}}},"Priekuļi Municipality":{"countryName":"Latvia","name":"Priekuļi Municipality","isoCode":"075","lat":57.3617138,"lon":25.4410423,"geocoding":{},"distantMaxMiles":5,"cities":{"Priekuļi":{"countryName":"Latvia","stateName":"Priekuļi Municipality","name":"Priekuļi","lat":57.315,"lon":25.36147,"geocoding":{},"distantMaxMiles":5}}},"Pārgauja Municipality":{"countryName":"Latvia","name":"Pārgauja Municipality","isoCode":"070","lat":57.3648122,"lon":24.9822045,"geocoding":{},"distantMaxMiles":5,"cities":{"Stalbe":{"countryName":"Latvia","stateName":"Pārgauja Municipality","name":"Stalbe","lat":57.37065,"lon":25.03106,"geocoding":{},"distantMaxMiles":5}}},"Pāvilosta Municipality":{"countryName":"Latvia","name":"Pāvilosta Municipality","isoCode":"071","lat":56.8865424,"lon":21.1946849,"geocoding":{},"distantMaxMiles":5,"cities":{"Pāvilosta":{"countryName":"Latvia","stateName":"Pāvilosta Municipality","name":"Pāvilosta","lat":56.88791,"lon":21.18593,"geocoding":{},"distantMaxMiles":5}}},"Pļaviņas Municipality":{"countryName":"Latvia","name":"Pļaviņas Municipality","isoCode":"072","lat":56.6177313,"lon":25.7194043,"geocoding":{},"distantMaxMiles":5,"cities":{"Pļaviņas":{"countryName":"Latvia","stateName":"Pļaviņas Municipality","name":"Pļaviņas","lat":56.6178,"lon":25.72552,"geocoding":{},"distantMaxMiles":5}}},"Rauna Municipality":{"countryName":"Latvia","name":"Rauna Municipality","isoCode":"076","lat":57.331693,"lon":25.6100339,"geocoding":{},"distantMaxMiles":5,"cities":{"Rauna":{"countryName":"Latvia","stateName":"Rauna Municipality","name":"Rauna","lat":57.33173,"lon":25.60947,"geocoding":{},"distantMaxMiles":5}}},"Riebiņi Municipality":{"countryName":"Latvia","name":"Riebiņi Municipality","isoCode":"078","lat":56.343619,"lon":26.8018138,"geocoding":{},"distantMaxMiles":5,"cities":{"Riebiņi":{"countryName":"Latvia","stateName":"Riebiņi Municipality","name":"Riebiņi","lat":56.3428,"lon":26.79995,"geocoding":{},"distantMaxMiles":5}}},"Riga":{"countryName":"Latvia","name":"Riga","isoCode":"RIX","lat":56.9496487,"lon":24.1051865,"geocoding":{},"distantMaxMiles":5,"cities":{"Bolderaja":{"countryName":"Latvia","stateName":"Riga","name":"Bolderaja","lat":57.03132,"lon":24.05571,"geocoding":{},"distantMaxMiles":5},"Daugavgrīva":{"countryName":"Latvia","stateName":"Riga","name":"Daugavgrīva","lat":57.04315,"lon":24.03613,"geocoding":{},"distantMaxMiles":5},"Jaunciems":{"countryName":"Latvia","stateName":"Riga","name":"Jaunciems","lat":57.0391,"lon":24.17413,"geocoding":{},"distantMaxMiles":5},"Mežaparks":{"countryName":"Latvia","stateName":"Riga","name":"Mežaparks","lat":57.00008,"lon":24.15997,"geocoding":{},"distantMaxMiles":5},"Riga":{"countryName":"Latvia","stateName":"Riga","name":"Riga","lat":56.946,"lon":24.10589,"geocoding":{},"distantMaxMiles":5}}},"Roja Municipality":{"countryName":"Latvia","name":"Roja Municipality","isoCode":"079","lat":57.5046713,"lon":22.8012164,"geocoding":{},"distantMaxMiles":5,"cities":{"Roja":{"countryName":"Latvia","stateName":"Roja Municipality","name":"Roja","lat":57.50146,"lon":22.80881,"geocoding":{},"distantMaxMiles":5}}},"Ropaži Municipality":{"countryName":"Latvia","name":"Ropaži Municipality","isoCode":"080","lat":56.9615786,"lon":24.6010476,"geocoding":{},"distantMaxMiles":5,"cities":{"Ropaži":{"countryName":"Latvia","stateName":"Ropaži Municipality","name":"Ropaži","lat":56.9747,"lon":24.63295,"geocoding":{},"distantMaxMiles":5}}},"Rucava Municipality":{"countryName":"Latvia","name":"Rucava Municipality","isoCode":"081","lat":56.1593124,"lon":21.1618121,"geocoding":{},"distantMaxMiles":5,"cities":{"Rucava":{"countryName":"Latvia","stateName":"Rucava Municipality","name":"Rucava","lat":56.16314,"lon":21.16156,"geocoding":{},"distantMaxMiles":5}}},"Rugāji Municipality":{"countryName":"Latvia","name":"Rugāji Municipality","isoCode":"082","lat":57.0056023,"lon":27.1317203,"geocoding":{},"distantMaxMiles":5,"cities":{"Rugāji":{"countryName":"Latvia","stateName":"Rugāji Municipality","name":"Rugāji","lat":57.00325,"lon":27.13371,"geocoding":{},"distantMaxMiles":5}}},"Rundāle Municipality":{"countryName":"Latvia","name":"Rundāle Municipality","isoCode":"083","lat":56.409721,"lon":24.0124139,"geocoding":{},"distantMaxMiles":5,"cities":{"Pilsrundāle":{"countryName":"Latvia","stateName":"Rundāle Municipality","name":"Pilsrundāle","lat":56.41812,"lon":24.01625,"geocoding":{},"distantMaxMiles":5}}},"Rēzekne":{"countryName":"Latvia","name":"Rēzekne","isoCode":"REZ","lat":56.5099223,"lon":27.3331357,"geocoding":{},"distantMaxMiles":5,"cities":{"Rēzekne":{"countryName":"Latvia","stateName":"Rēzekne","name":"Rēzekne","lat":56.51028,"lon":27.34,"geocoding":{},"distantMaxMiles":5}}},"Rēzekne Municipality":{"countryName":"Latvia","name":"Rēzekne Municipality","isoCode":"077","lat":56.3273638,"lon":27.3284331,"geocoding":{},"distantMaxMiles":5,"cities":{}},"Rūjiena Municipality":{"countryName":"Latvia","name":"Rūjiena Municipality","isoCode":"084","lat":57.8937291,"lon":25.3391008,"geocoding":{},"distantMaxMiles":5,"cities":{"Rūjiena":{"countryName":"Latvia","stateName":"Rūjiena Municipality","name":"Rūjiena","lat":57.89752,"lon":25.33155,"geocoding":{},"distantMaxMiles":5}}},"Sala Municipality":{"countryName":"Latvia","name":"Sala Municipality","isoCode":"085","lat":59.9679613,"lon":16.4978217,"geocoding":{},"distantMaxMiles":5,"cities":{}},"Salacgrīva Municipality":{"countryName":"Latvia","name":"Salacgrīva Municipality","isoCode":"086","lat":57.7580883,"lon":24.3543181,"geocoding":{},"distantMaxMiles":5,"cities":{"Ainaži":{"countryName":"Latvia","stateName":"Salacgrīva Municipality","name":"Ainaži","lat":57.86348,"lon":24.35853,"geocoding":{},"distantMaxMiles":5},"Salacgrīva":{"countryName":"Latvia","stateName":"Salacgrīva Municipality","name":"Salacgrīva","lat":57.75312,"lon":24.35895,"geocoding":{},"distantMaxMiles":5}}},"Salaspils Municipality":{"countryName":"Latvia","name":"Salaspils Municipality","isoCode":"087","lat":56.8608152,"lon":24.3497881,"geocoding":{},"distantMaxMiles":5,"cities":{"Salaspils":{"countryName":"Latvia","stateName":"Salaspils Municipality","name":"Salaspils","lat":56.86014,"lon":24.36544,"geocoding":{},"distantMaxMiles":5}}},"Saldus Municipality":{"countryName":"Latvia","name":"Saldus Municipality","isoCode":"088","lat":56.6665088,"lon":22.4935493,"geocoding":{},"distantMaxMiles":5,"cities":{"Saldus":{"countryName":"Latvia","stateName":"Saldus Municipality","name":"Saldus","lat":56.66363,"lon":22.48807,"geocoding":{},"distantMaxMiles":5}}},"Saulkrasti Municipality":{"countryName":"Latvia","name":"Saulkrasti Municipality","isoCode":"089","lat":57.2579418,"lon":24.4183146,"geocoding":{},"distantMaxMiles":5,"cities":{"Saulkrasti":{"countryName":"Latvia","stateName":"Saulkrasti Municipality","name":"Saulkrasti","lat":57.26224,"lon":24.41471,"geocoding":{},"distantMaxMiles":5}}},"Sigulda Municipality":{"countryName":"Latvia","name":"Sigulda Municipality","isoCode":"091","lat":57.1055092,"lon":24.8314259,"geocoding":{},"distantMaxMiles":5,"cities":{"Sigulda":{"countryName":"Latvia","stateName":"Sigulda Municipality","name":"Sigulda","lat":57.15375,"lon":24.85953,"geocoding":{},"distantMaxMiles":5}}},"Skrunda Municipality":{"countryName":"Latvia","name":"Skrunda Municipality","isoCode":"093","lat":56.6643458,"lon":22.0045729,"geocoding":{},"distantMaxMiles":5,"cities":{"Skrunda":{"countryName":"Latvia","stateName":"Skrunda Municipality","name":"Skrunda","lat":56.67749,"lon":22.01649,"geocoding":{},"distantMaxMiles":5}}},"Skrīveri Municipality":{"countryName":"Latvia","name":"Skrīveri Municipality","isoCode":"092","lat":56.6761391,"lon":25.0978849,"geocoding":{},"distantMaxMiles":5,"cities":{"Skrīveri":{"countryName":"Latvia","stateName":"Skrīveri Municipality","name":"Skrīveri","lat":56.645,"lon":25.12058,"geocoding":{},"distantMaxMiles":5}}},"Smiltene Municipality":{"countryName":"Latvia","name":"Smiltene Municipality","isoCode":"094","lat":57.4230332,"lon":25.900278,"geocoding":{},"distantMaxMiles":5,"cities":{"Smiltene":{"countryName":"Latvia","stateName":"Smiltene Municipality","name":"Smiltene","lat":57.42444,"lon":25.90164,"geocoding":{},"distantMaxMiles":5}}},"Stopiņi Municipality":{"countryName":"Latvia","name":"Stopiņi Municipality","isoCode":"095","lat":56.936449,"lon":24.2872949,"geocoding":{},"distantMaxMiles":5,"cities":{"Ulbroka":{"countryName":"Latvia","stateName":"Stopiņi Municipality","name":"Ulbroka","lat":56.9363,"lon":24.30387,"geocoding":{},"distantMaxMiles":5}}},"Strenči Municipality":{"countryName":"Latvia","name":"Strenči Municipality","isoCode":"096","lat":57.6225471,"lon":25.8048086,"geocoding":{},"distantMaxMiles":5,"cities":{"Seda":{"countryName":"Latvia","stateName":"Strenči Municipality","name":"Seda","lat":57.65042,"lon":25.75089,"geocoding":{},"distantMaxMiles":5},"Strenči":{"countryName":"Latvia","stateName":"Strenči Municipality","name":"Strenči","lat":57.62574,"lon":25.68535,"geocoding":{},"distantMaxMiles":5}}},"Sēja Municipality":{"countryName":"Latvia","name":"Sēja Municipality","isoCode":"090","lat":57.2006995,"lon":24.5922821,"geocoding":{},"distantMaxMiles":5,"cities":{"Engure":{"countryName":"Latvia","stateName":"Sēja Municipality","name":"Engure","lat":57.16061,"lon":23.22527,"geocoding":{},"distantMaxMiles":5},"Tukums":{"countryName":"Latvia","stateName":"Sēja Municipality","name":"Tukums","lat":56.96764,"lon":23.15554,"geocoding":{},"distantMaxMiles":5}}},"Talsi Municipality":{"countryName":"Latvia","name":"Talsi Municipality","isoCode":"097","lat":57.3415208,"lon":22.5713125,"geocoding":{},"distantMaxMiles":5,"cities":{"Sabile":{"countryName":"Latvia","stateName":"Talsi Municipality","name":"Sabile","lat":57.04577,"lon":22.57261,"geocoding":{},"distantMaxMiles":5},"Stende":{"countryName":"Latvia","stateName":"Talsi Municipality","name":"Stende","lat":57.14497,"lon":22.53482,"geocoding":{},"distantMaxMiles":5},"Talsi":{"countryName":"Latvia","stateName":"Talsi Municipality","name":"Talsi","lat":57.24562,"lon":22.58137,"geocoding":{},"distantMaxMiles":5},"Valdemārpils":{"countryName":"Latvia","stateName":"Talsi Municipality","name":"Valdemārpils","lat":57.37068,"lon":22.59188,"geocoding":{},"distantMaxMiles":5}}},"Tukums Municipality":{"countryName":"Latvia","name":"Tukums Municipality","isoCode":"099","lat":56.9672868,"lon":23.1524379,"geocoding":{},"distantMaxMiles":5,"cities":{}},"Tērvete Municipality":{"countryName":"Latvia","name":"Tērvete Municipality","isoCode":"098","lat":56.4119201,"lon":23.3188332,"geocoding":{},"distantMaxMiles":5,"cities":{"Tērvete":{"countryName":"Latvia","stateName":"Tērvete Municipality","name":"Tērvete","lat":56.47989,"lon":23.38895,"geocoding":{},"distantMaxMiles":5},"Zelmeņi":{"countryName":"Latvia","stateName":"Tērvete Municipality","name":"Zelmeņi","lat":56.45167,"lon":23.35194,"geocoding":{},"distantMaxMiles":5}}},"Vaiņode Municipality":{"countryName":"Latvia","name":"Vaiņode Municipality","isoCode":"100","lat":56.4154271,"lon":21.8513984,"geocoding":{},"distantMaxMiles":5,"cities":{"Vaiņode":{"countryName":"Latvia","stateName":"Vaiņode Municipality","name":"Vaiņode","lat":56.41848,"lon":21.85405,"geocoding":{},"distantMaxMiles":5}}},"Valka Municipality":{"countryName":"Latvia","name":"Valka Municipality","isoCode":"101","lat":57.77439,"lon":26.017005,"geocoding":{},"distantMaxMiles":5,"cities":{"Valka":{"countryName":"Latvia","stateName":"Valka Municipality","name":"Valka","lat":57.7752,"lon":26.01013,"geocoding":{},"distantMaxMiles":5}}},"Valmiera":{"countryName":"Latvia","name":"Valmiera","isoCode":"VMR","lat":57.5384659,"lon":25.4263618,"geocoding":{},"distantMaxMiles":5,"cities":{"Valmiera":{"countryName":"Latvia","stateName":"Valmiera","name":"Valmiera","lat":57.54108,"lon":25.42751,"geocoding":{},"distantMaxMiles":5}}},"Varakļāni Municipality":{"countryName":"Latvia","name":"Varakļāni Municipality","isoCode":"102","lat":56.6688006,"lon":26.5636414,"geocoding":{},"distantMaxMiles":5,"cities":{"Varakļāni":{"countryName":"Latvia","stateName":"Varakļāni Municipality","name":"Varakļāni","lat":56.60826,"lon":26.75377,"geocoding":{},"distantMaxMiles":5}}},"Vecpiebalga Municipality":{"countryName":"Latvia","name":"Vecpiebalga Municipality","isoCode":"104","lat":57.0603356,"lon":25.8161592,"geocoding":{},"distantMaxMiles":5,"cities":{"Vecpiebalga":{"countryName":"Latvia","stateName":"Vecpiebalga Municipality","name":"Vecpiebalga","lat":57.0609,"lon":25.81624,"geocoding":{},"distantMaxMiles":5}}},"Vecumnieki Municipality":{"countryName":"Latvia","name":"Vecumnieki Municipality","isoCode":"105","lat":56.6062337,"lon":24.5221891,"geocoding":{},"distantMaxMiles":5,"cities":{"Vecumnieki":{"countryName":"Latvia","stateName":"Vecumnieki Municipality","name":"Vecumnieki","lat":56.60608,"lon":24.52232,"geocoding":{},"distantMaxMiles":5}}},"Ventspils":{"countryName":"Latvia","name":"Ventspils","isoCode":"VEN","lat":57.3937216,"lon":21.5647066,"geocoding":{},"distantMaxMiles":5,"cities":{"Ventspils":{"countryName":"Latvia","stateName":"Ventspils","name":"Ventspils","lat":57.38988,"lon":21.57288,"geocoding":{},"distantMaxMiles":5}}},"Ventspils Municipality":{"countryName":"Latvia","name":"Ventspils Municipality","isoCode":"106","lat":57.2833682,"lon":21.8587558,"geocoding":{},"distantMaxMiles":5,"cities":{"Piltene":{"countryName":"Latvia","stateName":"Ventspils Municipality","name":"Piltene","lat":57.22426,"lon":21.67439,"geocoding":{},"distantMaxMiles":5}}},"Viesīte Municipality":{"countryName":"Latvia","name":"Viesīte Municipality","isoCode":"107","lat":56.3113085,"lon":25.5070464,"geocoding":{},"distantMaxMiles":5,"cities":{"Viesīte":{"countryName":"Latvia","stateName":"Viesīte Municipality","name":"Viesīte","lat":56.34751,"lon":25.55514,"geocoding":{},"distantMaxMiles":5}}},"Viļaka Municipality":{"countryName":"Latvia","name":"Viļaka Municipality","isoCode":"108","lat":57.1722263,"lon":27.6673188,"geocoding":{},"distantMaxMiles":5,"cities":{"Viļaka":{"countryName":"Latvia","stateName":"Viļaka Municipality","name":"Viļaka","lat":57.18458,"lon":27.6722,"geocoding":{},"distantMaxMiles":5}}},"Viļāni Municipality":{"countryName":"Latvia","name":"Viļāni Municipality","isoCode":"109","lat":56.5456171,"lon":26.9167927,"geocoding":{},"distantMaxMiles":5,"cities":{"Viļāni":{"countryName":"Latvia","stateName":"Viļāni Municipality","name":"Viļāni","lat":56.55253,"lon":26.92449,"geocoding":{},"distantMaxMiles":5}}},"Vārkava Municipality":{"countryName":"Latvia","name":"Vārkava Municipality","isoCode":"103","lat":56.2465744,"lon":26.5664371,"geocoding":{},"distantMaxMiles":5,"cities":{"Vecvārkava":{"countryName":"Latvia","stateName":"Vārkava Municipality","name":"Vecvārkava","lat":56.19838,"lon":26.50811,"geocoding":{},"distantMaxMiles":5}}},"Zilupe Municipality":{"countryName":"Latvia","name":"Zilupe Municipality","isoCode":"110","lat":56.3018985,"lon":28.133959,"geocoding":{},"distantMaxMiles":5,"cities":{"Zilupe":{"countryName":"Latvia","stateName":"Zilupe Municipality","name":"Zilupe","lat":56.38616,"lon":28.12165,"geocoding":{},"distantMaxMiles":5}}},"Ērgļi Municipality":{"countryName":"Latvia","name":"Ērgļi Municipality","isoCode":"030","lat":56.9237065,"lon":25.6753852,"geocoding":{},"distantMaxMiles":5,"cities":{"Ērgļi":{"countryName":"Latvia","stateName":"Ērgļi Municipality","name":"Ērgļi","lat":56.89752,"lon":25.63668,"geocoding":{},"distantMaxMiles":5}}},"Ķegums Municipality":{"countryName":"Latvia","name":"Ķegums Municipality","isoCode":"051","lat":56.7475357,"lon":24.7173645,"geocoding":{},"distantMaxMiles":5,"cities":{"Ķegums":{"countryName":"Latvia","stateName":"Ķegums Municipality","name":"Ķegums","lat":56.7451,"lon":24.72439,"geocoding":{},"distantMaxMiles":5}}},"Ķekava Municipality":{"countryName":"Latvia","name":"Ķekava Municipality","isoCode":"052","lat":56.8064351,"lon":24.1939493,"geocoding":{},"distantMaxMiles":5,"cities":{"Baloži":{"countryName":"Latvia","stateName":"Ķekava Municipality","name":"Baloži","lat":56.87643,"lon":24.11825,"geocoding":{},"distantMaxMiles":5},"Ķekava":{"countryName":"Latvia","stateName":"Ķekava Municipality","name":"Ķekava","lat":56.82662,"lon":24.23,"geocoding":{},"distantMaxMiles":5}}}}}