{"name":"Democratic Republic of the Congo","isoCode":"CD","lat":0,"lon":25,"geocoding":{},"distantMaxMiles":5,"states":{"Bas-Uélé":{"countryName":"Democratic Republic of the Congo","name":"Bas-Uélé","isoCode":"BU","lat":3.9901009,"lon":24.9042208,"geocoding":{},"distantMaxMiles":5,"cities":{"Aketi":{"countryName":"Democratic Republic of the Congo","stateName":"Bas-Uélé","name":"Aketi","lat":2.73877,"lon":23.78326,"geocoding":{},"distantMaxMiles":5},"Bondo":{"countryName":"Democratic Republic of the Congo","stateName":"Bas-Uélé","name":"Bondo","lat":3.81461,"lon":23.68665,"geocoding":{},"distantMaxMiles":5},"Buta":{"countryName":"Democratic Republic of the Congo","stateName":"Bas-Uélé","name":"Buta","lat":2.78582,"lon":24.72997,"geocoding":{},"distantMaxMiles":5}}},"Haut-Katanga":{"countryName":"Democratic Republic of the Congo","name":"Haut-Katanga","isoCode":"HK","lat":-10.4102075,"lon":27.5495846,"geocoding":{},"distantMaxMiles":5,"cities":{"Haut Katanga":{"countryName":"Democratic Republic of the Congo","stateName":"Haut-Katanga","name":"Haut Katanga","lat":-10.46044,"lon":27.94322,"geocoding":{},"distantMaxMiles":5},"Kambove":{"countryName":"Democratic Republic of the Congo","stateName":"Haut-Katanga","name":"Kambove","lat":-10.87352,"lon":26.59746,"geocoding":{},"distantMaxMiles":5},"Kipushi":{"countryName":"Democratic Republic of the Congo","stateName":"Haut-Katanga","name":"Kipushi","lat":-11.76097,"lon":27.25135,"geocoding":{},"distantMaxMiles":5},"Likasi":{"countryName":"Democratic Republic of the Congo","stateName":"Haut-Katanga","name":"Likasi","lat":-10.98303,"lon":26.7384,"geocoding":{},"distantMaxMiles":5},"Lubumbashi":{"countryName":"Democratic Republic of the Congo","stateName":"Haut-Katanga","name":"Lubumbashi","lat":-11.66089,"lon":27.47938,"geocoding":{},"distantMaxMiles":5}}},"Haut-Lomami":{"countryName":"Democratic Republic of the Congo","name":"Haut-Lomami","isoCode":"HL","lat":-7.7052752,"lon":24.9042208,"geocoding":{},"distantMaxMiles":5,"cities":{"Bukama":{"countryName":"Democratic Republic of the Congo","stateName":"Haut-Lomami","name":"Bukama","lat":-9.20443,"lon":25.85475,"geocoding":{},"distantMaxMiles":5},"Kamina":{"countryName":"Democratic Republic of the Congo","stateName":"Haut-Lomami","name":"Kamina","lat":-8.73508,"lon":24.99798,"geocoding":{},"distantMaxMiles":5}}},"Haut-Uélé":{"countryName":"Democratic Republic of the Congo","name":"Haut-Uélé","isoCode":"HU","lat":3.5845154,"lon":28.299435,"geocoding":{},"distantMaxMiles":5,"cities":{"Isiro":{"countryName":"Democratic Republic of the Congo","stateName":"Haut-Uélé","name":"Isiro","lat":2.77391,"lon":27.61603,"geocoding":{},"distantMaxMiles":5},"Wamba":{"countryName":"Democratic Republic of the Congo","stateName":"Haut-Uélé","name":"Wamba","lat":2.14838,"lon":27.99466,"geocoding":{},"distantMaxMiles":5},"Watsa":{"countryName":"Democratic Republic of the Congo","stateName":"Haut-Uélé","name":"Watsa","lat":3.03716,"lon":29.53551,"geocoding":{},"distantMaxMiles":5}}},"Ituri":{"countryName":"Democratic Republic of the Congo","name":"Ituri","isoCode":"IT","lat":1.5957682,"lon":29.4179324,"geocoding":{},"distantMaxMiles":5,"cities":{"Bunia":{"countryName":"Democratic Republic of the Congo","stateName":"Ituri","name":"Bunia","lat":1.55941,"lon":30.25224,"geocoding":{},"distantMaxMiles":5}}},"Kasaï":{"countryName":"Democratic Republic of the Congo","name":"Kasaï","isoCode":"KS","lat":-5.0471979,"lon":20.7122465,"geocoding":{},"distantMaxMiles":5,"cities":{"Ilebo":{"countryName":"Democratic Republic of the Congo","stateName":"Kasaï","name":"Ilebo","lat":-4.33111,"lon":20.58638,"geocoding":{},"distantMaxMiles":5},"Luebo":{"countryName":"Democratic Republic of the Congo","stateName":"Kasaï","name":"Luebo","lat":-5.35218,"lon":21.42192,"geocoding":{},"distantMaxMiles":5},"Mweka":{"countryName":"Democratic Republic of the Congo","stateName":"Kasaï","name":"Mweka","lat":-4.85187,"lon":21.5595,"geocoding":{},"distantMaxMiles":5},"Tshikapa":{"countryName":"Democratic Republic of the Congo","stateName":"Kasaï","name":"Tshikapa","lat":-6.41621,"lon":20.79995,"geocoding":{},"distantMaxMiles":5}}},"Kasaï Central":{"countryName":"Democratic Republic of the Congo","name":"Kasaï Central","isoCode":"KC","lat":-8.4404591,"lon":20.4165934,"geocoding":{},"distantMaxMiles":5,"cities":{}},"Kasaï Oriental":{"countryName":"Democratic Republic of the Congo","name":"Kasaï Oriental","isoCode":"KE","lat":-6.033623,"lon":23.5728501,"geocoding":{},"distantMaxMiles":5,"cities":{"Gandajika":{"countryName":"Democratic Republic of the Congo","stateName":"Kasaï Oriental","name":"Gandajika","lat":-6.74504,"lon":23.95328,"geocoding":{},"distantMaxMiles":5},"Kabinda":{"countryName":"Democratic Republic of the Congo","stateName":"Kasaï Oriental","name":"Kabinda","lat":-6.13791,"lon":24.48179,"geocoding":{},"distantMaxMiles":5},"Mbuji-Mayi":{"countryName":"Democratic Republic of the Congo","stateName":"Kasaï Oriental","name":"Mbuji-Mayi","lat":-6.13603,"lon":23.58979,"geocoding":{},"distantMaxMiles":5}}},"Kinshasa":{"countryName":"Democratic Republic of the Congo","name":"Kinshasa","isoCode":"KN","lat":-4.4419311,"lon":15.2662931,"geocoding":{},"distantMaxMiles":5,"cities":{"Kinshasa":{"countryName":"Democratic Republic of the Congo","stateName":"Kinshasa","name":"Kinshasa","lat":-4.32758,"lon":15.31357,"geocoding":{},"distantMaxMiles":5},"Masina":{"countryName":"Democratic Republic of the Congo","stateName":"Kinshasa","name":"Masina","lat":-4.38361,"lon":15.39139,"geocoding":{},"distantMaxMiles":5}}},"Kongo Central":{"countryName":"Democratic Republic of the Congo","name":"Kongo Central","isoCode":"BC","lat":-5.2365685,"lon":13.914399,"geocoding":{},"distantMaxMiles":5,"cities":{"Boma":{"countryName":"Democratic Republic of the Congo","stateName":"Kongo Central","name":"Boma","lat":-5.85098,"lon":13.05364,"geocoding":{},"distantMaxMiles":5},"Kasangulu":{"countryName":"Democratic Republic of the Congo","stateName":"Kongo Central","name":"Kasangulu","lat":-4.5833,"lon":15.16554,"geocoding":{},"distantMaxMiles":5},"Matadi":{"countryName":"Democratic Republic of the Congo","stateName":"Kongo Central","name":"Matadi","lat":-5.83861,"lon":13.46306,"geocoding":{},"distantMaxMiles":5},"Mbanza-Ngungu":{"countryName":"Democratic Republic of the Congo","stateName":"Kongo Central","name":"Mbanza-Ngungu","lat":-5.25837,"lon":14.85838,"geocoding":{},"distantMaxMiles":5},"Moanda":{"countryName":"Democratic Republic of the Congo","stateName":"Kongo Central","name":"Moanda","lat":-5.92753,"lon":12.37148,"geocoding":{},"distantMaxMiles":5},"Tshela":{"countryName":"Democratic Republic of the Congo","stateName":"Kongo Central","name":"Tshela","lat":-4.99707,"lon":12.9484,"geocoding":{},"distantMaxMiles":5}}},"Kwango":{"countryName":"Democratic Republic of the Congo","name":"Kwango","isoCode":"KG","lat":-6.4337409,"lon":17.668887,"geocoding":{},"distantMaxMiles":5,"cities":{"Kasongo-Lunda":{"countryName":"Democratic Republic of the Congo","stateName":"Kwango","name":"Kasongo-Lunda","lat":-6.47833,"lon":16.81735,"geocoding":{},"distantMaxMiles":5}}},"Kwilu":{"countryName":"Democratic Republic of the Congo","name":"Kwilu","isoCode":"KL","lat":-5.1188825,"lon":18.4276047,"geocoding":{},"distantMaxMiles":5,"cities":{"Bandundu":{"countryName":"Democratic Republic of the Congo","stateName":"Kwilu","name":"Bandundu","lat":-3.31687,"lon":17.38063,"geocoding":{},"distantMaxMiles":5},"Bulungu":{"countryName":"Democratic Republic of the Congo","stateName":"Kwilu","name":"Bulungu","lat":-4.54437,"lon":18.60364,"geocoding":{},"distantMaxMiles":5},"Kikwit":{"countryName":"Democratic Republic of the Congo","stateName":"Kwilu","name":"Kikwit","lat":-5.04098,"lon":18.81619,"geocoding":{},"distantMaxMiles":5},"Mangai":{"countryName":"Democratic Republic of the Congo","stateName":"Kwilu","name":"Mangai","lat":-4.02328,"lon":19.53385,"geocoding":{},"distantMaxMiles":5}}},"Lomami":{"countryName":"Democratic Republic of the Congo","name":"Lomami","isoCode":"LO","lat":-6.1453931,"lon":24.524264,"geocoding":{},"distantMaxMiles":5,"cities":{"Lubao":{"countryName":"Democratic Republic of the Congo","stateName":"Lomami","name":"Lubao","lat":-5.38771,"lon":25.74885,"geocoding":{},"distantMaxMiles":5},"Mwene-Ditu":{"countryName":"Democratic Republic of the Congo","stateName":"Lomami","name":"Mwene-Ditu","lat":-7.00906,"lon":23.45278,"geocoding":{},"distantMaxMiles":5}}},"Lualaba":{"countryName":"Democratic Republic of the Congo","name":"Lualaba","isoCode":"LU","lat":-10.4808698,"lon":25.6297816,"geocoding":{},"distantMaxMiles":5,"cities":{}},"Mai-Ndombe":{"countryName":"Democratic Republic of the Congo","name":"Mai-Ndombe","isoCode":"MN","lat":-2.6357434,"lon":18.4276047,"geocoding":{},"distantMaxMiles":5,"cities":{"Bolobo":{"countryName":"Democratic Republic of the Congo","stateName":"Mai-Ndombe","name":"Bolobo","lat":-2.158,"lon":16.23249,"geocoding":{},"distantMaxMiles":5},"Inongo":{"countryName":"Democratic Republic of the Congo","stateName":"Mai-Ndombe","name":"Inongo","lat":-1.9275,"lon":18.2881,"geocoding":{},"distantMaxMiles":5},"Mushie":{"countryName":"Democratic Republic of the Congo","stateName":"Mai-Ndombe","name":"Mushie","lat":-3.01728,"lon":16.92238,"geocoding":{},"distantMaxMiles":5},"Nioki":{"countryName":"Democratic Republic of the Congo","stateName":"Mai-Ndombe","name":"Nioki","lat":-2.72037,"lon":17.69001,"geocoding":{},"distantMaxMiles":5}}},"Maniema":{"countryName":"Democratic Republic of the Congo","name":"Maniema","isoCode":"MA","lat":-3.0730929,"lon":26.0413889,"geocoding":{},"distantMaxMiles":5,"cities":{"Kampene":{"countryName":"Democratic Republic of the Congo","stateName":"Maniema","name":"Kampene","lat":-3.59678,"lon":26.66715,"geocoding":{},"distantMaxMiles":5},"Kasongo":{"countryName":"Democratic Republic of the Congo","stateName":"Maniema","name":"Kasongo","lat":-4.42741,"lon":26.66656,"geocoding":{},"distantMaxMiles":5},"Kindu":{"countryName":"Democratic Republic of the Congo","stateName":"Maniema","name":"Kindu","lat":-2.94373,"lon":25.92237,"geocoding":{},"distantMaxMiles":5}}},"Mongala":{"countryName":"Democratic Republic of the Congo","name":"Mongala","isoCode":"MO","lat":1.9962324,"lon":21.4752851,"geocoding":{},"distantMaxMiles":5,"cities":{"Bumba":{"countryName":"Democratic Republic of the Congo","stateName":"Mongala","name":"Bumba","lat":2.18771,"lon":22.46827,"geocoding":{},"distantMaxMiles":5}}},"Nord-Kivu":{"countryName":"Democratic Republic of the Congo","name":"Nord-Kivu","isoCode":"NK","lat":-0.7917729,"lon":29.0459927,"geocoding":{},"distantMaxMiles":5,"cities":{"Beni":{"countryName":"Democratic Republic of the Congo","stateName":"Nord-Kivu","name":"Beni","lat":0.49113,"lon":29.47306,"geocoding":{},"distantMaxMiles":5},"Butembo":{"countryName":"Democratic Republic of the Congo","stateName":"Nord-Kivu","name":"Butembo","lat":0.14164,"lon":29.29117,"geocoding":{},"distantMaxMiles":5},"Goma":{"countryName":"Democratic Republic of the Congo","stateName":"Nord-Kivu","name":"Goma","lat":-1.67409,"lon":29.22845,"geocoding":{},"distantMaxMiles":5},"Sake":{"countryName":"Democratic Republic of the Congo","stateName":"Nord-Kivu","name":"Sake","lat":-1.57386,"lon":29.04339,"geocoding":{},"distantMaxMiles":5}}},"Nord-Ubangi":{"countryName":"Democratic Republic of the Congo","name":"Nord-Ubangi","isoCode":"NU","lat":3.7878726,"lon":21.4752851,"geocoding":{},"distantMaxMiles":5,"cities":{"Bosobolo":{"countryName":"Democratic Republic of the Congo","stateName":"Nord-Ubangi","name":"Bosobolo","lat":4.1898,"lon":19.8833,"geocoding":{},"distantMaxMiles":5},"Businga":{"countryName":"Democratic Republic of the Congo","stateName":"Nord-Ubangi","name":"Businga","lat":3.33863,"lon":20.88577,"geocoding":{},"distantMaxMiles":5},"Gbadolite":{"countryName":"Democratic Republic of the Congo","stateName":"Nord-Ubangi","name":"Gbadolite","lat":4.279,"lon":21.00284,"geocoding":{},"distantMaxMiles":5}}},"Sankuru":{"countryName":"Democratic Republic of the Congo","name":"Sankuru","isoCode":"SA","lat":-2.8437453,"lon":23.3823545,"geocoding":{},"distantMaxMiles":5,"cities":{"Lodja":{"countryName":"Democratic Republic of the Congo","stateName":"Sankuru","name":"Lodja","lat":-3.52105,"lon":23.6005,"geocoding":{},"distantMaxMiles":5},"Lusambo":{"countryName":"Democratic Republic of the Congo","stateName":"Sankuru","name":"Lusambo","lat":-4.97503,"lon":23.44391,"geocoding":{},"distantMaxMiles":5}}},"Sud-Kivu":{"countryName":"Democratic Republic of the Congo","name":"Sud-Kivu","isoCode":"SK","lat":-3.011658,"lon":28.299435,"geocoding":{},"distantMaxMiles":5,"cities":{"Bukavu":{"countryName":"Democratic Republic of the Congo","stateName":"Sud-Kivu","name":"Bukavu","lat":-2.49077,"lon":28.84281,"geocoding":{},"distantMaxMiles":5},"Kabare":{"countryName":"Democratic Republic of the Congo","stateName":"Sud-Kivu","name":"Kabare","lat":-2.49682,"lon":28.79081,"geocoding":{},"distantMaxMiles":5},"Uvira":{"countryName":"Democratic Republic of the Congo","stateName":"Sud-Kivu","name":"Uvira","lat":-3.39534,"lon":29.13779,"geocoding":{},"distantMaxMiles":5}}},"Sud-Ubangi":{"countryName":"Democratic Republic of the Congo","name":"Sud-Ubangi","isoCode":"SU","lat":3.2299942,"lon":19.1880047,"geocoding":{},"distantMaxMiles":5,"cities":{"Bongandanga":{"countryName":"Democratic Republic of the Congo","stateName":"Sud-Ubangi","name":"Bongandanga","lat":1.50695,"lon":21.0726,"geocoding":{},"distantMaxMiles":5},"Libenge":{"countryName":"Democratic Republic of the Congo","stateName":"Sud-Ubangi","name":"Libenge","lat":3.65332,"lon":18.63566,"geocoding":{},"distantMaxMiles":5}}},"Tanganyika":{"countryName":"Democratic Republic of the Congo","name":"Tanganyika","isoCode":"TA","lat":-6.2740118,"lon":27.9249002,"geocoding":{},"distantMaxMiles":5,"cities":{"Kabalo":{"countryName":"Democratic Republic of the Congo","stateName":"Tanganyika","name":"Kabalo","lat":-6.05255,"lon":26.9143,"geocoding":{},"distantMaxMiles":5},"Kalemie":{"countryName":"Democratic Republic of the Congo","stateName":"Tanganyika","name":"Kalemie","lat":-5.94749,"lon":29.19471,"geocoding":{},"distantMaxMiles":5},"Kongolo":{"countryName":"Democratic Republic of the Congo","stateName":"Tanganyika","name":"Kongolo","lat":-5.38532,"lon":27.00029,"geocoding":{},"distantMaxMiles":5}}},"Tshopo":{"countryName":"Democratic Republic of the Congo","name":"Tshopo","isoCode":"TO","lat":0.5455462,"lon":24.9042208,"geocoding":{},"distantMaxMiles":5,"cities":{"Basoko":{"countryName":"Democratic Republic of the Congo","stateName":"Tshopo","name":"Basoko","lat":1.23909,"lon":23.61598,"geocoding":{},"distantMaxMiles":5},"Kisangani":{"countryName":"Democratic Republic of the Congo","stateName":"Tshopo","name":"Kisangani","lat":0.51528,"lon":25.19099,"geocoding":{},"distantMaxMiles":5},"Yangambi":{"countryName":"Democratic Republic of the Congo","stateName":"Tshopo","name":"Yangambi","lat":0.76755,"lon":24.43973,"geocoding":{},"distantMaxMiles":5}}},"Tshuapa":{"countryName":"Democratic Republic of the Congo","name":"Tshuapa","isoCode":"TU","lat":-0.9903023,"lon":23.0288844,"geocoding":{},"distantMaxMiles":5,"cities":{"Boende":{"countryName":"Democratic Republic of the Congo","stateName":"Tshuapa","name":"Boende","lat":-0.28163,"lon":20.88053,"geocoding":{},"distantMaxMiles":5}}},"Équateur":{"countryName":"Democratic Republic of the Congo","name":"Équateur","isoCode":"EQ","lat":-1.831239,"lon":-78.183406,"geocoding":{},"distantMaxMiles":5,"cities":{"Gemena":{"countryName":"Democratic Republic of the Congo","stateName":"Équateur","name":"Gemena","lat":3.25651,"lon":19.77234,"geocoding":{},"distantMaxMiles":5},"Lisala":{"countryName":"Democratic Republic of the Congo","stateName":"Équateur","name":"Lisala","lat":2.15127,"lon":21.51672,"geocoding":{},"distantMaxMiles":5},"Lukolela":{"countryName":"Democratic Republic of the Congo","stateName":"Équateur","name":"Lukolela","lat":-1.06046,"lon":17.1821,"geocoding":{},"distantMaxMiles":5},"Mbandaka":{"countryName":"Democratic Republic of the Congo","stateName":"Équateur","name":"Mbandaka","lat":0.04865,"lon":18.26034,"geocoding":{},"distantMaxMiles":5}}}}}