{"name":"Mozambique","isoCode":"MZ","lat":-18.25,"lon":35,"geocoding":{},"distantMaxMiles":5,"states":{"Cabo Delgado Province":{"countryName":"Mozambique","name":"Cabo Delgado Province","isoCode":"P","lat":-12.3335474,"lon":39.3206241,"geocoding":{},"distantMaxMiles":5,"cities":{"Chiure":{"countryName":"Mozambique","stateName":"Cabo Delgado Province","name":"Chiure","lat":-13.46665,"lon":39.70317,"geocoding":{},"distantMaxMiles":5},"Mocímboa":{"countryName":"Mozambique","stateName":"Cabo Delgado Province","name":"Mocímboa","lat":-11.31667,"lon":40.35,"geocoding":{},"distantMaxMiles":5},"Montepuez":{"countryName":"Mozambique","stateName":"Cabo Delgado Province","name":"Montepuez","lat":-13.12556,"lon":38.99972,"geocoding":{},"distantMaxMiles":5},"Pemba":{"countryName":"Mozambique","stateName":"Cabo Delgado Province","name":"Pemba","lat":-12.97395,"lon":40.51775,"geocoding":{},"distantMaxMiles":5}}},"Gaza Province":{"countryName":"Mozambique","name":"Gaza Province","isoCode":"G","lat":-23.0221928,"lon":32.7181375,"geocoding":{},"distantMaxMiles":5,"cities":{"Chibuto":{"countryName":"Mozambique","stateName":"Gaza Province","name":"Chibuto","lat":-24.68667,"lon":33.53056,"geocoding":{},"distantMaxMiles":5},"Chokwé":{"countryName":"Mozambique","stateName":"Gaza Province","name":"Chokwé","lat":-24.53333,"lon":32.98333,"geocoding":{},"distantMaxMiles":5},"Macia":{"countryName":"Mozambique","stateName":"Gaza Province","name":"Macia","lat":-25.02694,"lon":33.09889,"geocoding":{},"distantMaxMiles":5},"Xai-Xai":{"countryName":"Mozambique","stateName":"Gaza Province","name":"Xai-Xai","lat":-25.05194,"lon":33.64417,"geocoding":{},"distantMaxMiles":5}}},"Inhambane Province":{"countryName":"Mozambique","name":"Inhambane Province","isoCode":"I","lat":-22.8527997,"lon":34.5508758,"geocoding":{},"distantMaxMiles":5,"cities":{"Inhambane":{"countryName":"Mozambique","stateName":"Inhambane Province","name":"Inhambane","lat":-23.865,"lon":35.38333,"geocoding":{},"distantMaxMiles":5},"Maxixe":{"countryName":"Mozambique","stateName":"Inhambane Province","name":"Maxixe","lat":-23.85972,"lon":35.34722,"geocoding":{},"distantMaxMiles":5}}},"Manica Province":{"countryName":"Mozambique","name":"Manica Province","isoCode":"B","lat":-19.5059787,"lon":33.438353,"geocoding":{},"distantMaxMiles":5,"cities":{"Chimoio":{"countryName":"Mozambique","stateName":"Manica Province","name":"Chimoio","lat":-19.11639,"lon":33.48333,"geocoding":{},"distantMaxMiles":5}}},"Maputo":{"countryName":"Mozambique","name":"Maputo","isoCode":"MPM","lat":-25.969248,"lon":32.5731746,"geocoding":{},"distantMaxMiles":5,"cities":{"KaTembe":{"countryName":"Mozambique","stateName":"Maputo","name":"KaTembe","lat":-26.02985,"lon":32.53204,"geocoding":{},"distantMaxMiles":5},"Maputo":{"countryName":"Mozambique","stateName":"Maputo","name":"Maputo","lat":-25.96553,"lon":32.58322,"geocoding":{},"distantMaxMiles":5}}},"Maputo Province":{"countryName":"Mozambique","name":"Maputo Province","isoCode":"L","lat":-25.2569876,"lon":32.5372741,"geocoding":{},"distantMaxMiles":5,"cities":{"Boane District":{"countryName":"Mozambique","stateName":"Maputo Province","name":"Boane District","lat":-26.029,"lon":32.389,"geocoding":{},"distantMaxMiles":5},"Concelho de Matola":{"countryName":"Mozambique","stateName":"Maputo Province","name":"Concelho de Matola","lat":-25.83472,"lon":32.49516,"geocoding":{},"distantMaxMiles":5},"Magude District":{"countryName":"Mozambique","stateName":"Maputo Province","name":"Magude District","lat":-25.02389,"lon":32.6515,"geocoding":{},"distantMaxMiles":5},"Manhica":{"countryName":"Mozambique","stateName":"Maputo Province","name":"Manhica","lat":-25.34035,"lon":32.84234,"geocoding":{},"distantMaxMiles":5},"Marracuene District":{"countryName":"Mozambique","stateName":"Maputo Province","name":"Marracuene District","lat":-25.73938,"lon":32.67436,"geocoding":{},"distantMaxMiles":5},"Matola":{"countryName":"Mozambique","stateName":"Maputo Province","name":"Matola","lat":-25.96222,"lon":32.45889,"geocoding":{},"distantMaxMiles":5},"Matutiune District":{"countryName":"Mozambique","stateName":"Maputo Province","name":"Matutiune District","lat":-26.43418,"lon":32.5882,"geocoding":{},"distantMaxMiles":5},"Moamba District":{"countryName":"Mozambique","stateName":"Maputo Province","name":"Moamba District","lat":-25.60934,"lon":32.24321,"geocoding":{},"distantMaxMiles":5},"Namaacha District":{"countryName":"Mozambique","stateName":"Maputo Province","name":"Namaacha District","lat":-26.109,"lon":32.18,"geocoding":{},"distantMaxMiles":5},"Ressano Garcia":{"countryName":"Mozambique","stateName":"Maputo Province","name":"Ressano Garcia","lat":-25.44278,"lon":31.99528,"geocoding":{},"distantMaxMiles":5}}},"Nampula Province":{"countryName":"Mozambique","name":"Nampula Province","isoCode":"N","lat":-14.7604931,"lon":39.3206241,"geocoding":{},"distantMaxMiles":5,"cities":{"António Enes":{"countryName":"Mozambique","stateName":"Nampula Province","name":"António Enes","lat":-16.2325,"lon":39.90861,"geocoding":{},"distantMaxMiles":5},"Ilha de Moçambique":{"countryName":"Mozambique","stateName":"Nampula Province","name":"Ilha de Moçambique","lat":-15.03417,"lon":40.73583,"geocoding":{},"distantMaxMiles":5},"Mutuáli":{"countryName":"Mozambique","stateName":"Nampula Province","name":"Mutuáli","lat":-14.87056,"lon":37.00444,"geocoding":{},"distantMaxMiles":5},"Nacala":{"countryName":"Mozambique","stateName":"Nampula Province","name":"Nacala","lat":-14.56257,"lon":40.68538,"geocoding":{},"distantMaxMiles":5},"Nampula":{"countryName":"Mozambique","stateName":"Nampula Province","name":"Nampula","lat":-15.11646,"lon":39.2666,"geocoding":{},"distantMaxMiles":5}}},"Niassa Province":{"countryName":"Mozambique","name":"Niassa Province","isoCode":"A","lat":-12.7826202,"lon":36.6093926,"geocoding":{},"distantMaxMiles":5,"cities":{"Cuamba":{"countryName":"Mozambique","stateName":"Niassa Province","name":"Cuamba","lat":-14.80306,"lon":36.53722,"geocoding":{},"distantMaxMiles":5},"Lichinga":{"countryName":"Mozambique","stateName":"Niassa Province","name":"Lichinga","lat":-13.31278,"lon":35.24056,"geocoding":{},"distantMaxMiles":5},"Mandimba":{"countryName":"Mozambique","stateName":"Niassa Province","name":"Mandimba","lat":-14.3525,"lon":35.65056,"geocoding":{},"distantMaxMiles":5}}},"Sofala Province":{"countryName":"Mozambique","name":"Sofala Province","isoCode":"S","lat":-19.2039073,"lon":34.8624166,"geocoding":{},"distantMaxMiles":5,"cities":{"Beira":{"countryName":"Mozambique","stateName":"Sofala Province","name":"Beira","lat":-19.84361,"lon":34.83889,"geocoding":{},"distantMaxMiles":5},"Dondo":{"countryName":"Mozambique","stateName":"Sofala Province","name":"Dondo","lat":-19.60944,"lon":34.74306,"geocoding":{},"distantMaxMiles":5},"Nhamatanda District":{"countryName":"Mozambique","stateName":"Sofala Province","name":"Nhamatanda District","lat":-19.349,"lon":34.268,"geocoding":{},"distantMaxMiles":5}}},"Tete Province":{"countryName":"Mozambique","name":"Tete Province","isoCode":"T","lat":-15.6596056,"lon":32.7181375,"geocoding":{},"distantMaxMiles":5,"cities":{"Tete":{"countryName":"Mozambique","stateName":"Tete Province","name":"Tete","lat":-16.15639,"lon":33.58667,"geocoding":{},"distantMaxMiles":5}}},"Zambezia Province":{"countryName":"Mozambique","name":"Zambezia Province","isoCode":"Q","lat":-16.5638987,"lon":36.6093926,"geocoding":{},"distantMaxMiles":5,"cities":{"Alto Molócuè":{"countryName":"Mozambique","stateName":"Zambezia Province","name":"Alto Molócuè","lat":-15.64932,"lon":37.66384,"geocoding":{},"distantMaxMiles":5},"Chinde":{"countryName":"Mozambique","stateName":"Zambezia Province","name":"Chinde","lat":-18.58111,"lon":36.45861,"geocoding":{},"distantMaxMiles":5},"Quelimane":{"countryName":"Mozambique","stateName":"Zambezia Province","name":"Quelimane","lat":-17.87861,"lon":36.88833,"geocoding":{},"distantMaxMiles":5}}}}}