{"name":"Nicaragua","isoCode":"NI","lat":13,"lon":-85,"geocoding":{},"distantMaxMiles":5,"states":{"Boaco":{"countryName":"Nicaragua","name":"Boaco","isoCode":"BO","lat":12.469284,"lon":-85.6614682,"geocoding":{},"distantMaxMiles":5,"cities":{"Boaco":{"countryName":"Nicaragua","stateName":"Boaco","name":"Boaco","lat":12.47224,"lon":-85.6586,"geocoding":{},"distantMaxMiles":5},"Camoapa":{"countryName":"Nicaragua","stateName":"Boaco","name":"Camoapa","lat":12.38383,"lon":-85.51277,"geocoding":{},"distantMaxMiles":5},"San José de los Remates":{"countryName":"Nicaragua","stateName":"Boaco","name":"San José de los Remates","lat":12.5975,"lon":-85.76174,"geocoding":{},"distantMaxMiles":5},"San Lorenzo":{"countryName":"Nicaragua","stateName":"Boaco","name":"San Lorenzo","lat":12.3783,"lon":-85.66646,"geocoding":{},"distantMaxMiles":5},"Santa Lucía":{"countryName":"Nicaragua","stateName":"Boaco","name":"Santa Lucía","lat":12.53262,"lon":-85.71074,"geocoding":{},"distantMaxMiles":5},"Teustepe":{"countryName":"Nicaragua","stateName":"Boaco","name":"Teustepe","lat":12.4203,"lon":-85.79798,"geocoding":{},"distantMaxMiles":5}}},"Carazo":{"countryName":"Nicaragua","name":"Carazo","isoCode":"CA","lat":11.7274729,"lon":-86.2158497,"geocoding":{},"distantMaxMiles":5,"cities":{"Diriamba":{"countryName":"Nicaragua","stateName":"Carazo","name":"Diriamba","lat":11.85812,"lon":-86.23922,"geocoding":{},"distantMaxMiles":5},"Dolores":{"countryName":"Nicaragua","stateName":"Carazo","name":"Dolores","lat":11.85672,"lon":-86.21552,"geocoding":{},"distantMaxMiles":5},"El Rosario":{"countryName":"Nicaragua","stateName":"Carazo","name":"El Rosario","lat":11.77756,"lon":-86.37374,"geocoding":{},"distantMaxMiles":5},"Jinotepe":{"countryName":"Nicaragua","stateName":"Carazo","name":"Jinotepe","lat":11.84962,"lon":-86.19903,"geocoding":{},"distantMaxMiles":5},"La Conquista":{"countryName":"Nicaragua","stateName":"Carazo","name":"La Conquista","lat":11.73426,"lon":-86.19279,"geocoding":{},"distantMaxMiles":5},"La Paz de Carazo":{"countryName":"Nicaragua","stateName":"Carazo","name":"La Paz de Carazo","lat":11.82311,"lon":-86.12781,"geocoding":{},"distantMaxMiles":5},"Municipio de San Marcos":{"countryName":"Nicaragua","stateName":"Carazo","name":"Municipio de San Marcos","lat":11.91784,"lon":-86.27474,"geocoding":{},"distantMaxMiles":5},"San Marcos":{"countryName":"Nicaragua","stateName":"Carazo","name":"San Marcos","lat":11.90949,"lon":-86.20351,"geocoding":{},"distantMaxMiles":5},"Santa Teresa":{"countryName":"Nicaragua","stateName":"Carazo","name":"Santa Teresa","lat":11.74321,"lon":-86.21413,"geocoding":{},"distantMaxMiles":5}}},"Chinandega":{"countryName":"Nicaragua","name":"Chinandega","isoCode":"CI","lat":12.8820062,"lon":-87.1422895,"geocoding":{},"distantMaxMiles":5,"cities":{"Chichigalpa":{"countryName":"Nicaragua","stateName":"Chinandega","name":"Chichigalpa","lat":12.57758,"lon":-87.02705,"geocoding":{},"distantMaxMiles":5},"Chinandega":{"countryName":"Nicaragua","stateName":"Chinandega","name":"Chinandega","lat":12.62937,"lon":-87.13105,"geocoding":{},"distantMaxMiles":5},"Cinco Pinos":{"countryName":"Nicaragua","stateName":"Chinandega","name":"Cinco Pinos","lat":13.22956,"lon":-86.86808,"geocoding":{},"distantMaxMiles":5},"Corinto":{"countryName":"Nicaragua","stateName":"Chinandega","name":"Corinto","lat":12.4825,"lon":-87.17304,"geocoding":{},"distantMaxMiles":5},"El Realejo":{"countryName":"Nicaragua","stateName":"Chinandega","name":"El Realejo","lat":12.54333,"lon":-87.16517,"geocoding":{},"distantMaxMiles":5},"El Viejo":{"countryName":"Nicaragua","stateName":"Chinandega","name":"El Viejo","lat":12.66348,"lon":-87.16663,"geocoding":{},"distantMaxMiles":5},"Jiquilillo":{"countryName":"Nicaragua","stateName":"Chinandega","name":"Jiquilillo","lat":12.74593,"lon":-87.4516,"geocoding":{},"distantMaxMiles":5},"Municipio de San Francisco del Norte":{"countryName":"Nicaragua","stateName":"Chinandega","name":"Municipio de San Francisco del Norte","lat":13.21187,"lon":-86.77107,"geocoding":{},"distantMaxMiles":5},"Posoltega":{"countryName":"Nicaragua","stateName":"Chinandega","name":"Posoltega","lat":12.54422,"lon":-86.97982,"geocoding":{},"distantMaxMiles":5},"Puerto Morazán":{"countryName":"Nicaragua","stateName":"Chinandega","name":"Puerto Morazán","lat":12.85042,"lon":-87.17167,"geocoding":{},"distantMaxMiles":5},"Santo Tomás del Norte":{"countryName":"Nicaragua","stateName":"Chinandega","name":"Santo Tomás del Norte","lat":13.1861,"lon":-86.92267,"geocoding":{},"distantMaxMiles":5},"Somotillo":{"countryName":"Nicaragua","stateName":"Chinandega","name":"Somotillo","lat":13.04387,"lon":-86.90506,"geocoding":{},"distantMaxMiles":5}}},"Chontales":{"countryName":"Nicaragua","name":"Chontales","isoCode":"CO","lat":11.9394717,"lon":-85.1894045,"geocoding":{},"distantMaxMiles":5,"cities":{"Acoyapa":{"countryName":"Nicaragua","stateName":"Chontales","name":"Acoyapa","lat":11.97028,"lon":-85.17113,"geocoding":{},"distantMaxMiles":5},"Comalapa":{"countryName":"Nicaragua","stateName":"Chontales","name":"Comalapa","lat":12.28345,"lon":-85.51081,"geocoding":{},"distantMaxMiles":5},"Cuapa":{"countryName":"Nicaragua","stateName":"Chontales","name":"Cuapa","lat":12.26875,"lon":-85.38205,"geocoding":{},"distantMaxMiles":5},"El Ayote":{"countryName":"Nicaragua","stateName":"Chontales","name":"El Ayote","lat":12.19046,"lon":-85.28737,"geocoding":{},"distantMaxMiles":5},"Juigalpa":{"countryName":"Nicaragua","stateName":"Chontales","name":"Juigalpa","lat":12.10629,"lon":-85.36452,"geocoding":{},"distantMaxMiles":5},"La Libertad":{"countryName":"Nicaragua","stateName":"Chontales","name":"La Libertad","lat":12.21635,"lon":-85.16595,"geocoding":{},"distantMaxMiles":5},"Santo Domingo":{"countryName":"Nicaragua","stateName":"Chontales","name":"Santo Domingo","lat":12.26438,"lon":-85.08235,"geocoding":{},"distantMaxMiles":5},"Santo Tomás":{"countryName":"Nicaragua","stateName":"Chontales","name":"Santo Tomás","lat":12.06938,"lon":-85.09059,"geocoding":{},"distantMaxMiles":5},"Villa Sandino":{"countryName":"Nicaragua","stateName":"Chontales","name":"Villa Sandino","lat":12.0483,"lon":-84.99362,"geocoding":{},"distantMaxMiles":5}}},"Estelí":{"countryName":"Nicaragua","name":"Estelí","isoCode":"ES","lat":13.0851139,"lon":-86.3630197,"geocoding":{},"distantMaxMiles":5,"cities":{"Condega":{"countryName":"Nicaragua","stateName":"Estelí","name":"Condega","lat":13.36502,"lon":-86.39846,"geocoding":{},"distantMaxMiles":5},"Estelí":{"countryName":"Nicaragua","stateName":"Estelí","name":"Estelí","lat":13.09185,"lon":-86.35384,"geocoding":{},"distantMaxMiles":5},"La Trinidad":{"countryName":"Nicaragua","stateName":"Estelí","name":"La Trinidad","lat":12.96881,"lon":-86.23534,"geocoding":{},"distantMaxMiles":5},"Pueblo Nuevo":{"countryName":"Nicaragua","stateName":"Estelí","name":"Pueblo Nuevo","lat":13.37984,"lon":-86.48075,"geocoding":{},"distantMaxMiles":5},"San Juan de Limay":{"countryName":"Nicaragua","stateName":"Estelí","name":"San Juan de Limay","lat":13.17603,"lon":-86.61234,"geocoding":{},"distantMaxMiles":5}}},"Granada":{"countryName":"Nicaragua","name":"Granada","isoCode":"GR","lat":11.9344073,"lon":-85.9560005,"geocoding":{},"distantMaxMiles":5,"cities":{"Diriomo":{"countryName":"Nicaragua","stateName":"Granada","name":"Diriomo","lat":11.87631,"lon":-86.05184,"geocoding":{},"distantMaxMiles":5},"Diriá":{"countryName":"Nicaragua","stateName":"Granada","name":"Diriá","lat":11.8842,"lon":-86.05508,"geocoding":{},"distantMaxMiles":5},"Granada":{"countryName":"Nicaragua","stateName":"Granada","name":"Granada","lat":11.92988,"lon":-85.95602,"geocoding":{},"distantMaxMiles":5},"Nandaime":{"countryName":"Nicaragua","stateName":"Granada","name":"Nandaime","lat":11.75696,"lon":-86.05286,"geocoding":{},"distantMaxMiles":5}}},"Jinotega":{"countryName":"Nicaragua","name":"Jinotega","isoCode":"JI","lat":13.0883907,"lon":-85.9993997,"geocoding":{},"distantMaxMiles":5,"cities":{"El Cuá":{"countryName":"Nicaragua","stateName":"Jinotega","name":"El Cuá","lat":13.41667,"lon":-85.75,"geocoding":{},"distantMaxMiles":5},"Jinotega":{"countryName":"Nicaragua","stateName":"Jinotega","name":"Jinotega","lat":13.09103,"lon":-86.00234,"geocoding":{},"distantMaxMiles":5},"LLano de La Cruz":{"countryName":"Nicaragua","stateName":"Jinotega","name":"LLano de La Cruz","lat":13.12449,"lon":-86.00833,"geocoding":{},"distantMaxMiles":5},"La Concordia":{"countryName":"Nicaragua","stateName":"Jinotega","name":"La Concordia","lat":13.19528,"lon":-86.16659,"geocoding":{},"distantMaxMiles":5},"Las Praderas":{"countryName":"Nicaragua","stateName":"Jinotega","name":"Las Praderas","lat":13.17,"lon":-85.85,"geocoding":{},"distantMaxMiles":5},"San José de Bocay":{"countryName":"Nicaragua","stateName":"Jinotega","name":"San José de Bocay","lat":13.54204,"lon":-85.53942,"geocoding":{},"distantMaxMiles":5},"San Rafael del Norte":{"countryName":"Nicaragua","stateName":"Jinotega","name":"San Rafael del Norte","lat":13.21248,"lon":-86.11089,"geocoding":{},"distantMaxMiles":5},"San Sebastián de Yalí":{"countryName":"Nicaragua","stateName":"Jinotega","name":"San Sebastián de Yalí","lat":13.3054,"lon":-86.18641,"geocoding":{},"distantMaxMiles":5}}},"León":{"countryName":"Nicaragua","name":"León","isoCode":"LE","lat":12.5092037,"lon":-86.6611083,"geocoding":{},"distantMaxMiles":5,"cities":{"Achuapa":{"countryName":"Nicaragua","stateName":"León","name":"Achuapa","lat":13.0537,"lon":-86.59004,"geocoding":{},"distantMaxMiles":5},"El Jicaral":{"countryName":"Nicaragua","stateName":"León","name":"El Jicaral","lat":12.72676,"lon":-86.38057,"geocoding":{},"distantMaxMiles":5},"El Sauce":{"countryName":"Nicaragua","stateName":"León","name":"El Sauce","lat":12.88687,"lon":-86.53903,"geocoding":{},"distantMaxMiles":5},"La Paz Centro":{"countryName":"Nicaragua","stateName":"León","name":"La Paz Centro","lat":12.34,"lon":-86.67528,"geocoding":{},"distantMaxMiles":5},"Larreynaga":{"countryName":"Nicaragua","stateName":"León","name":"Larreynaga","lat":12.67692,"lon":-86.57193,"geocoding":{},"distantMaxMiles":5},"León":{"countryName":"Nicaragua","stateName":"León","name":"León","lat":12.43787,"lon":-86.87804,"geocoding":{},"distantMaxMiles":5},"Nagarote":{"countryName":"Nicaragua","stateName":"León","name":"Nagarote","lat":12.26593,"lon":-86.56474,"geocoding":{},"distantMaxMiles":5},"Quezalguaque":{"countryName":"Nicaragua","stateName":"León","name":"Quezalguaque","lat":12.50683,"lon":-86.90292,"geocoding":{},"distantMaxMiles":5},"Santa Rosa del Peñón":{"countryName":"Nicaragua","stateName":"León","name":"Santa Rosa del Peñón","lat":12.80116,"lon":-86.36994,"geocoding":{},"distantMaxMiles":5},"Telica":{"countryName":"Nicaragua","stateName":"León","name":"Telica","lat":12.522,"lon":-86.85938,"geocoding":{},"distantMaxMiles":5}}},"Madriz":{"countryName":"Nicaragua","name":"Madriz","isoCode":"MD","lat":13.4726005,"lon":-86.4592091,"geocoding":{},"distantMaxMiles":5,"cities":{"Las Sabanas":{"countryName":"Nicaragua","stateName":"Madriz","name":"Las Sabanas","lat":13.34302,"lon":-86.62184,"geocoding":{},"distantMaxMiles":5},"Palacagüina":{"countryName":"Nicaragua","stateName":"Madriz","name":"Palacagüina","lat":13.45566,"lon":-86.40622,"geocoding":{},"distantMaxMiles":5},"San José de Cusmapa":{"countryName":"Nicaragua","stateName":"Madriz","name":"San José de Cusmapa","lat":13.28841,"lon":-86.65539,"geocoding":{},"distantMaxMiles":5},"San Juan de Río Coco":{"countryName":"Nicaragua","stateName":"Madriz","name":"San Juan de Río Coco","lat":13.54476,"lon":-86.16499,"geocoding":{},"distantMaxMiles":5},"San Lucas":{"countryName":"Nicaragua","stateName":"Madriz","name":"San Lucas","lat":13.4138,"lon":-86.6111,"geocoding":{},"distantMaxMiles":5},"Somoto":{"countryName":"Nicaragua","stateName":"Madriz","name":"Somoto","lat":13.48082,"lon":-86.58208,"geocoding":{},"distantMaxMiles":5},"Telpaneca":{"countryName":"Nicaragua","stateName":"Madriz","name":"Telpaneca","lat":13.53151,"lon":-86.2871,"geocoding":{},"distantMaxMiles":5},"Totogalpa":{"countryName":"Nicaragua","stateName":"Madriz","name":"Totogalpa","lat":13.56284,"lon":-86.49254,"geocoding":{},"distantMaxMiles":5},"Yalagüina":{"countryName":"Nicaragua","stateName":"Madriz","name":"Yalagüina","lat":13.48383,"lon":-86.49305,"geocoding":{},"distantMaxMiles":5}}},"Managua":{"countryName":"Nicaragua","name":"Managua","isoCode":"MN","lat":12.1391699,"lon":-86.3376761,"geocoding":{},"distantMaxMiles":5,"cities":{"Ciudad Sandino":{"countryName":"Nicaragua","stateName":"Managua","name":"Ciudad Sandino","lat":12.15889,"lon":-86.34417,"geocoding":{},"distantMaxMiles":5},"El Crucero":{"countryName":"Nicaragua","stateName":"Managua","name":"El Crucero","lat":11.99008,"lon":-86.30954,"geocoding":{},"distantMaxMiles":5},"Managua":{"countryName":"Nicaragua","stateName":"Managua","name":"Managua","lat":12.13282,"lon":-86.2504,"geocoding":{},"distantMaxMiles":5},"Masachapa":{"countryName":"Nicaragua","stateName":"Managua","name":"Masachapa","lat":11.78687,"lon":-86.51416,"geocoding":{},"distantMaxMiles":5},"San Rafael del Sur":{"countryName":"Nicaragua","stateName":"Managua","name":"San Rafael del Sur","lat":11.84854,"lon":-86.43839,"geocoding":{},"distantMaxMiles":5},"Ticuantepe":{"countryName":"Nicaragua","stateName":"Managua","name":"Ticuantepe","lat":12.02263,"lon":-86.20493,"geocoding":{},"distantMaxMiles":5},"Tipitapa":{"countryName":"Nicaragua","stateName":"Managua","name":"Tipitapa","lat":12.19732,"lon":-86.09706,"geocoding":{},"distantMaxMiles":5},"Valle San Francisco":{"countryName":"Nicaragua","stateName":"Managua","name":"Valle San Francisco","lat":12.51667,"lon":-86.28333,"geocoding":{},"distantMaxMiles":5},"Villa El Carmen":{"countryName":"Nicaragua","stateName":"Managua","name":"Villa El Carmen","lat":11.98009,"lon":-86.50571,"geocoding":{},"distantMaxMiles":5}}},"Masaya":{"countryName":"Nicaragua","name":"Masaya","isoCode":"MS","lat":11.9759328,"lon":-86.0733498,"geocoding":{},"distantMaxMiles":5,"cities":{"Catarina":{"countryName":"Nicaragua","stateName":"Masaya","name":"Catarina","lat":11.91197,"lon":-86.07383,"geocoding":{},"distantMaxMiles":5},"La Concepción":{"countryName":"Nicaragua","stateName":"Masaya","name":"La Concepción","lat":11.93711,"lon":-86.18976,"geocoding":{},"distantMaxMiles":5},"Masatepe":{"countryName":"Nicaragua","stateName":"Masaya","name":"Masatepe","lat":11.91445,"lon":-86.14458,"geocoding":{},"distantMaxMiles":5},"Masaya":{"countryName":"Nicaragua","stateName":"Masaya","name":"Masaya","lat":11.97444,"lon":-86.09417,"geocoding":{},"distantMaxMiles":5},"Municipio de Masatepe":{"countryName":"Nicaragua","stateName":"Masaya","name":"Municipio de Masatepe","lat":11.90567,"lon":-86.14946,"geocoding":{},"distantMaxMiles":5},"Municipio de Nandasmo":{"countryName":"Nicaragua","stateName":"Masaya","name":"Municipio de Nandasmo","lat":11.93333,"lon":-86.11667,"geocoding":{},"distantMaxMiles":5},"Municipio de Niquinohomo":{"countryName":"Nicaragua","stateName":"Masaya","name":"Municipio de Niquinohomo","lat":11.88228,"lon":-86.10035,"geocoding":{},"distantMaxMiles":5},"Municipio de San Juan de Oriente":{"countryName":"Nicaragua","stateName":"Masaya","name":"Municipio de San Juan de Oriente","lat":11.90517,"lon":-86.0746,"geocoding":{},"distantMaxMiles":5},"Nandasmo":{"countryName":"Nicaragua","stateName":"Masaya","name":"Nandasmo","lat":11.92411,"lon":-86.12072,"geocoding":{},"distantMaxMiles":5},"Nindirí":{"countryName":"Nicaragua","stateName":"Masaya","name":"Nindirí","lat":12.00386,"lon":-86.12128,"geocoding":{},"distantMaxMiles":5},"Niquinohomo":{"countryName":"Nicaragua","stateName":"Masaya","name":"Niquinohomo","lat":11.90518,"lon":-86.09446,"geocoding":{},"distantMaxMiles":5},"San Juan de Oriente":{"countryName":"Nicaragua","stateName":"Masaya","name":"San Juan de Oriente","lat":11.90624,"lon":-86.07343,"geocoding":{},"distantMaxMiles":5},"Tisma":{"countryName":"Nicaragua","stateName":"Masaya","name":"Tisma","lat":12.08194,"lon":-86.01739,"geocoding":{},"distantMaxMiles":5}}},"Matagalpa":{"countryName":"Nicaragua","name":"Matagalpa","isoCode":"MT","lat":12.9498436,"lon":-85.4375574,"geocoding":{},"distantMaxMiles":5,"cities":{"Ciudad Darío":{"countryName":"Nicaragua","stateName":"Matagalpa","name":"Ciudad Darío","lat":12.73143,"lon":-86.12402,"geocoding":{},"distantMaxMiles":5},"Matagalpa":{"countryName":"Nicaragua","stateName":"Matagalpa","name":"Matagalpa","lat":12.92559,"lon":-85.91747,"geocoding":{},"distantMaxMiles":5},"Matiguás":{"countryName":"Nicaragua","stateName":"Matagalpa","name":"Matiguás","lat":12.83734,"lon":-85.46218,"geocoding":{},"distantMaxMiles":5},"Muy Muy":{"countryName":"Nicaragua","stateName":"Matagalpa","name":"Muy Muy","lat":12.76224,"lon":-85.62915,"geocoding":{},"distantMaxMiles":5},"Río Blanco":{"countryName":"Nicaragua","stateName":"Matagalpa","name":"Río Blanco","lat":12.93435,"lon":-85.22354,"geocoding":{},"distantMaxMiles":5},"San Dionisio":{"countryName":"Nicaragua","stateName":"Matagalpa","name":"San Dionisio","lat":12.76023,"lon":-85.85018,"geocoding":{},"distantMaxMiles":5},"San Ramón":{"countryName":"Nicaragua","stateName":"Matagalpa","name":"San Ramón","lat":12.92344,"lon":-85.83898,"geocoding":{},"distantMaxMiles":5},"Terrabona":{"countryName":"Nicaragua","stateName":"Matagalpa","name":"Terrabona","lat":12.73028,"lon":-85.96474,"geocoding":{},"distantMaxMiles":5}}},"North Caribbean Coast":{"countryName":"Nicaragua","name":"North Caribbean Coast","isoCode":"AN","lat":13.8394456,"lon":-83.9320806,"geocoding":{},"distantMaxMiles":5,"cities":{"Bonanza":{"countryName":"Nicaragua","stateName":"North Caribbean Coast","name":"Bonanza","lat":14.02885,"lon":-84.59103,"geocoding":{},"distantMaxMiles":5},"Prinzapolka":{"countryName":"Nicaragua","stateName":"North Caribbean Coast","name":"Prinzapolka","lat":13.40708,"lon":-83.56452,"geocoding":{},"distantMaxMiles":5},"Puerto Cabezas":{"countryName":"Nicaragua","stateName":"North Caribbean Coast","name":"Puerto Cabezas","lat":14.03507,"lon":-83.38882,"geocoding":{},"distantMaxMiles":5},"Siuna":{"countryName":"Nicaragua","stateName":"North Caribbean Coast","name":"Siuna","lat":13.73321,"lon":-84.77725,"geocoding":{},"distantMaxMiles":5},"Waslala":{"countryName":"Nicaragua","stateName":"North Caribbean Coast","name":"Waslala","lat":13.23333,"lon":-85.38333,"geocoding":{},"distantMaxMiles":5},"Waspán":{"countryName":"Nicaragua","stateName":"North Caribbean Coast","name":"Waspán","lat":14.74189,"lon":-83.9717,"geocoding":{},"distantMaxMiles":5}}},"Nueva Segovia":{"countryName":"Nicaragua","name":"Nueva Segovia","isoCode":"NS","lat":13.7657061,"lon":-86.5370039,"geocoding":{},"distantMaxMiles":5,"cities":{"Ciudad Antigua":{"countryName":"Nicaragua","stateName":"Nueva Segovia","name":"Ciudad Antigua","lat":13.6392903,"lon":-86.3118983,"geocoding":{},"distantMaxMiles":5},"Dipilto":{"countryName":"Nicaragua","stateName":"Nueva Segovia","name":"Dipilto","lat":13.7222552,"lon":-86.5136606,"geocoding":{},"distantMaxMiles":5},"El Jícaro":{"countryName":"Nicaragua","stateName":"Nueva Segovia","name":"El Jícaro","lat":13.7222248,"lon":-86.1411542,"geocoding":{},"distantMaxMiles":5},"Jalapa":{"countryName":"Nicaragua","stateName":"Nueva Segovia","name":"Jalapa","lat":13.9207142,"lon":-86.1421233,"geocoding":{},"distantMaxMiles":5},"Macuelizo":{"countryName":"Nicaragua","stateName":"Nueva Segovia","name":"Macuelizo","lat":13.6519296,"lon":-86.6142717,"geocoding":{},"distantMaxMiles":5},"Mozonte":{"countryName":"Nicaragua","stateName":"Nueva Segovia","name":"Mozonte","lat":13.6595684,"lon":-86.4453649,"geocoding":{},"distantMaxMiles":5},"Murra":{"countryName":"Nicaragua","stateName":"Nueva Segovia","name":"Murra","lat":13.7592755,"lon":-86.0219684,"geocoding":{},"distantMaxMiles":5},"Ocotal":{"countryName":"Nicaragua","stateName":"Nueva Segovia","name":"Ocotal","lat":13.6341138,"lon":-86.5010747,"geocoding":{},"distantMaxMiles":5},"Quilalí":{"countryName":"Nicaragua","stateName":"Nueva Segovia","name":"Quilalí","lat":13.5649108,"lon":-86.0292148,"geocoding":{},"distantMaxMiles":5},"San Fernando":{"countryName":"Nicaragua","stateName":"Nueva Segovia","name":"San Fernando","lat":13.6787343,"lon":-86.3207975,"geocoding":{},"distantMaxMiles":5},"Santa María":{"countryName":"Nicaragua","stateName":"Nueva Segovia","name":"Santa María","lat":13.7466548,"lon":-86.7112407,"geocoding":{},"distantMaxMiles":5},"Wiwilí":{"countryName":"Nicaragua","stateName":"Nueva Segovia","name":"Wiwilí","lat":13.6207645,"lon":-85.831697,"geocoding":{},"distantMaxMiles":5}}},"Rivas":{"countryName":"Nicaragua","name":"Rivas","isoCode":"RI","lat":11.402349,"lon":-85.684578,"geocoding":{},"distantMaxMiles":5,"cities":{"Altagracia":{"countryName":"Nicaragua","stateName":"Rivas","name":"Altagracia","lat":11.56615,"lon":-85.5784,"geocoding":{},"distantMaxMiles":5},"Belén":{"countryName":"Nicaragua","stateName":"Rivas","name":"Belén","lat":11.50299,"lon":-85.88935,"geocoding":{},"distantMaxMiles":5},"Buenos Aires":{"countryName":"Nicaragua","stateName":"Rivas","name":"Buenos Aires","lat":11.46916,"lon":-85.81661,"geocoding":{},"distantMaxMiles":5},"Cárdenas":{"countryName":"Nicaragua","stateName":"Rivas","name":"Cárdenas","lat":11.19639,"lon":-85.5089,"geocoding":{},"distantMaxMiles":5},"Moyogalpa":{"countryName":"Nicaragua","stateName":"Rivas","name":"Moyogalpa","lat":11.54006,"lon":-85.69795,"geocoding":{},"distantMaxMiles":5},"Municipio de Altagracia":{"countryName":"Nicaragua","stateName":"Rivas","name":"Municipio de Altagracia","lat":11.47983,"lon":-85.54166,"geocoding":{},"distantMaxMiles":5},"Municipio de Belén":{"countryName":"Nicaragua","stateName":"Rivas","name":"Municipio de Belén","lat":11.57193,"lon":-85.96316,"geocoding":{},"distantMaxMiles":5},"Municipio de Buenos Aires":{"countryName":"Nicaragua","stateName":"Rivas","name":"Municipio de Buenos Aires","lat":11.5176,"lon":-85.78333,"geocoding":{},"distantMaxMiles":5},"Municipio de Cárdenas":{"countryName":"Nicaragua","stateName":"Rivas","name":"Municipio de Cárdenas","lat":11.14912,"lon":-85.42323,"geocoding":{},"distantMaxMiles":5},"Municipio de Moyogalpa":{"countryName":"Nicaragua","stateName":"Rivas","name":"Municipio de Moyogalpa","lat":11.52632,"lon":-85.67329,"geocoding":{},"distantMaxMiles":5},"Municipio de Potosí":{"countryName":"Nicaragua","stateName":"Rivas","name":"Municipio de Potosí","lat":11.57854,"lon":-85.87764,"geocoding":{},"distantMaxMiles":5},"Municipio de Rivas":{"countryName":"Nicaragua","stateName":"Rivas","name":"Municipio de Rivas","lat":11.43931,"lon":-85.827,"geocoding":{},"distantMaxMiles":5},"Municipio de San Jorge":{"countryName":"Nicaragua","stateName":"Rivas","name":"Municipio de San Jorge","lat":11.42703,"lon":-85.78904,"geocoding":{},"distantMaxMiles":5},"Municipio de San Juan del Sur":{"countryName":"Nicaragua","stateName":"Rivas","name":"Municipio de San Juan del Sur","lat":11.22368,"lon":-85.78289,"geocoding":{},"distantMaxMiles":5},"Municipio de Tola":{"countryName":"Nicaragua","stateName":"Rivas","name":"Municipio de Tola","lat":11.46009,"lon":-86.00789,"geocoding":{},"distantMaxMiles":5},"Potosí":{"countryName":"Nicaragua","stateName":"Rivas","name":"Potosí","lat":11.49416,"lon":-85.8568,"geocoding":{},"distantMaxMiles":5},"Rivas":{"countryName":"Nicaragua","stateName":"Rivas","name":"Rivas","lat":11.43716,"lon":-85.82632,"geocoding":{},"distantMaxMiles":5},"San Jorge":{"countryName":"Nicaragua","stateName":"Rivas","name":"San Jorge","lat":11.45584,"lon":-85.80308,"geocoding":{},"distantMaxMiles":5},"San Juan del Sur":{"countryName":"Nicaragua","stateName":"Rivas","name":"San Juan del Sur","lat":11.25292,"lon":-85.87049,"geocoding":{},"distantMaxMiles":5},"Tola":{"countryName":"Nicaragua","stateName":"Rivas","name":"Tola","lat":11.43927,"lon":-85.93891,"geocoding":{},"distantMaxMiles":5}}},"Río San Juan":{"countryName":"Nicaragua","name":"Río San Juan","isoCode":"SJ","lat":11.478161,"lon":-84.7733325,"geocoding":{},"distantMaxMiles":5,"cities":{"El Almendro":{"countryName":"Nicaragua","stateName":"Río San Juan","name":"El Almendro","lat":11.67859,"lon":-84.70269,"geocoding":{},"distantMaxMiles":5},"Greytown":{"countryName":"Nicaragua","stateName":"Río San Juan","name":"Greytown","lat":10.94684,"lon":-83.73467,"geocoding":{},"distantMaxMiles":5},"Morrito":{"countryName":"Nicaragua","stateName":"Río San Juan","name":"Morrito","lat":11.62118,"lon":-85.08052,"geocoding":{},"distantMaxMiles":5},"San Carlos":{"countryName":"Nicaragua","stateName":"Río San Juan","name":"San Carlos","lat":11.1236,"lon":-84.77795,"geocoding":{},"distantMaxMiles":5},"San Miguelito":{"countryName":"Nicaragua","stateName":"Río San Juan","name":"San Miguelito","lat":11.40255,"lon":-84.89991,"geocoding":{},"distantMaxMiles":5}}},"South Caribbean Coast":{"countryName":"Nicaragua","name":"South Caribbean Coast","isoCode":"AS","lat":12.1918502,"lon":-84.1012861,"geocoding":{},"distantMaxMiles":5,"cities":{"Bluefields":{"countryName":"Nicaragua","stateName":"South Caribbean Coast","name":"Bluefields","lat":12.01366,"lon":-83.76353,"geocoding":{},"distantMaxMiles":5},"Bocana de Paiwas":{"countryName":"Nicaragua","stateName":"South Caribbean Coast","name":"Bocana de Paiwas","lat":12.78571,"lon":-85.12269,"geocoding":{},"distantMaxMiles":5},"Corn Island":{"countryName":"Nicaragua","stateName":"South Caribbean Coast","name":"Corn Island","lat":12.17575,"lon":-83.06145,"geocoding":{},"distantMaxMiles":5},"El Rama":{"countryName":"Nicaragua","stateName":"South Caribbean Coast","name":"El Rama","lat":12.15965,"lon":-84.21952,"geocoding":{},"distantMaxMiles":5},"El Tortuguero":{"countryName":"Nicaragua","stateName":"South Caribbean Coast","name":"El Tortuguero","lat":12.82247,"lon":-84.19629,"geocoding":{},"distantMaxMiles":5},"Kukrahill":{"countryName":"Nicaragua","stateName":"South Caribbean Coast","name":"Kukrahill","lat":12.24096,"lon":-83.74517,"geocoding":{},"distantMaxMiles":5},"La Cruz de Río Grande":{"countryName":"Nicaragua","stateName":"South Caribbean Coast","name":"La Cruz de Río Grande","lat":13.1129,"lon":-84.18588,"geocoding":{},"distantMaxMiles":5},"Laguna de Perlas":{"countryName":"Nicaragua","stateName":"South Caribbean Coast","name":"Laguna de Perlas","lat":12.34294,"lon":-83.67123,"geocoding":{},"distantMaxMiles":5},"Muelle de los Bueyes":{"countryName":"Nicaragua","stateName":"South Caribbean Coast","name":"Muelle de los Bueyes","lat":12.06999,"lon":-84.53503,"geocoding":{},"distantMaxMiles":5},"Nueva Guinea":{"countryName":"Nicaragua","stateName":"South Caribbean Coast","name":"Nueva Guinea","lat":11.68758,"lon":-84.45616,"geocoding":{},"distantMaxMiles":5}}}}}