{"name":"Cuba","isoCode":"CU","lat":21.5,"lon":-80,"geocoding":{},"distantMaxMiles":5,"states":{"Artemisa Province":{"countryName":"Cuba","name":"Artemisa Province","isoCode":"15","lat":22.7522903,"lon":-82.9931607,"geocoding":{},"distantMaxMiles":5,"cities":{"Alquízar":{"countryName":"Cuba","stateName":"Artemisa Province","name":"Alquízar","lat":22.80517,"lon":-82.58392,"geocoding":{},"distantMaxMiles":5},"Artemisa":{"countryName":"Cuba","stateName":"Artemisa Province","name":"Artemisa","lat":22.81667,"lon":-82.75944,"geocoding":{},"distantMaxMiles":5},"Bahía Honda":{"countryName":"Cuba","stateName":"Artemisa Province","name":"Bahía Honda","lat":22.90332,"lon":-83.15994,"geocoding":{},"distantMaxMiles":5},"Bauta":{"countryName":"Cuba","stateName":"Artemisa Province","name":"Bauta","lat":22.98226,"lon":-82.54719,"geocoding":{},"distantMaxMiles":5},"Cabañas":{"countryName":"Cuba","stateName":"Artemisa Province","name":"Cabañas","lat":22.97944,"lon":-82.92214,"geocoding":{},"distantMaxMiles":5},"Candelaria":{"countryName":"Cuba","stateName":"Artemisa Province","name":"Candelaria","lat":22.74057,"lon":-82.95912,"geocoding":{},"distantMaxMiles":5},"Guanajay":{"countryName":"Cuba","stateName":"Artemisa Province","name":"Guanajay","lat":22.92639,"lon":-82.6875,"geocoding":{},"distantMaxMiles":5},"Güira de Melena":{"countryName":"Cuba","stateName":"Artemisa Province","name":"Güira de Melena","lat":22.79613,"lon":-82.50667,"geocoding":{},"distantMaxMiles":5},"Mariel":{"countryName":"Cuba","stateName":"Artemisa Province","name":"Mariel","lat":22.98931,"lon":-82.75376,"geocoding":{},"distantMaxMiles":5},"Municipio de Artemisa":{"countryName":"Cuba","stateName":"Artemisa Province","name":"Municipio de Artemisa","lat":22.77383,"lon":-82.80419,"geocoding":{},"distantMaxMiles":5},"Municipio de Bauta":{"countryName":"Cuba","stateName":"Artemisa Province","name":"Municipio de Bauta","lat":22.96957,"lon":-82.49997,"geocoding":{},"distantMaxMiles":5},"Municipio de Guanajay":{"countryName":"Cuba","stateName":"Artemisa Province","name":"Municipio de Guanajay","lat":22.89215,"lon":-82.70873,"geocoding":{},"distantMaxMiles":5},"Municipio de Mariel":{"countryName":"Cuba","stateName":"Artemisa Province","name":"Municipio de Mariel","lat":22.96515,"lon":-82.80324,"geocoding":{},"distantMaxMiles":5},"Municipio de San Cristóbal":{"countryName":"Cuba","stateName":"Artemisa Province","name":"Municipio de San Cristóbal","lat":22.71446,"lon":-83.04561,"geocoding":{},"distantMaxMiles":5},"San Antonio de los Baños":{"countryName":"Cuba","stateName":"Artemisa Province","name":"San Antonio de los Baños","lat":22.89018,"lon":-82.50099,"geocoding":{},"distantMaxMiles":5},"San Cristobal":{"countryName":"Cuba","stateName":"Artemisa Province","name":"San Cristobal","lat":22.71658,"lon":-83.05647,"geocoding":{},"distantMaxMiles":5},"Soroa":{"countryName":"Cuba","stateName":"Artemisa Province","name":"Soroa","lat":22.8,"lon":-83.01667,"geocoding":{},"distantMaxMiles":5}}},"Camagüey Province":{"countryName":"Cuba","name":"Camagüey Province","isoCode":"09","lat":21.2167247,"lon":-77.7452081,"geocoding":{},"distantMaxMiles":5,"cities":{"Camagüey":{"countryName":"Cuba","stateName":"Camagüey Province","name":"Camagüey","lat":21.38083,"lon":-77.91694,"geocoding":{},"distantMaxMiles":5},"El Caney":{"countryName":"Cuba","stateName":"Camagüey Province","name":"El Caney","lat":21.3,"lon":-78.48333,"geocoding":{},"distantMaxMiles":5},"Esmeralda":{"countryName":"Cuba","stateName":"Camagüey Province","name":"Esmeralda","lat":21.85139,"lon":-78.11725,"geocoding":{},"distantMaxMiles":5},"Florida":{"countryName":"Cuba","stateName":"Camagüey Province","name":"Florida","lat":21.52536,"lon":-78.22579,"geocoding":{},"distantMaxMiles":5},"Guáimaro":{"countryName":"Cuba","stateName":"Camagüey Province","name":"Guáimaro","lat":21.05222,"lon":-77.3499,"geocoding":{},"distantMaxMiles":5},"Jimaguayú":{"countryName":"Cuba","stateName":"Camagüey Province","name":"Jimaguayú","lat":21.24224,"lon":-77.82625,"geocoding":{},"distantMaxMiles":5},"Minas":{"countryName":"Cuba","stateName":"Camagüey Province","name":"Minas","lat":21.48802,"lon":-77.61033,"geocoding":{},"distantMaxMiles":5},"Municipio de Florida":{"countryName":"Cuba","stateName":"Camagüey Province","name":"Municipio de Florida","lat":21.46582,"lon":-78.34848,"geocoding":{},"distantMaxMiles":5},"Municipio de Nuevitas":{"countryName":"Cuba","stateName":"Camagüey Province","name":"Municipio de Nuevitas","lat":21.55,"lon":-77.26667,"geocoding":{},"distantMaxMiles":5},"Nuevitas":{"countryName":"Cuba","stateName":"Camagüey Province","name":"Nuevitas","lat":21.54585,"lon":-77.26504,"geocoding":{},"distantMaxMiles":5},"Santa Cruz del Sur":{"countryName":"Cuba","stateName":"Camagüey Province","name":"Santa Cruz del Sur","lat":20.71633,"lon":-77.99816,"geocoding":{},"distantMaxMiles":5},"Sibanicú":{"countryName":"Cuba","stateName":"Camagüey Province","name":"Sibanicú","lat":21.23631,"lon":-77.52561,"geocoding":{},"distantMaxMiles":5},"Vertientes":{"countryName":"Cuba","stateName":"Camagüey Province","name":"Vertientes","lat":21.25817,"lon":-78.14979,"geocoding":{},"distantMaxMiles":5}}},"Ciego de Ávila Province":{"countryName":"Cuba","name":"Ciego de Ávila Province","isoCode":"08","lat":21.9329515,"lon":-78.5660852,"geocoding":{},"distantMaxMiles":5,"cities":{"Baraguá":{"countryName":"Cuba","stateName":"Ciego de Ávila Province","name":"Baraguá","lat":21.68216,"lon":-78.62567,"geocoding":{},"distantMaxMiles":5},"Chambas":{"countryName":"Cuba","stateName":"Ciego de Ávila Province","name":"Chambas","lat":22.19534,"lon":-78.9123,"geocoding":{},"distantMaxMiles":5},"Ciego de Ávila":{"countryName":"Cuba","stateName":"Ciego de Ávila Province","name":"Ciego de Ávila","lat":21.84,"lon":-78.76194,"geocoding":{},"distantMaxMiles":5},"Ciro Redondo":{"countryName":"Cuba","stateName":"Ciego de Ávila Province","name":"Ciro Redondo","lat":22.01921,"lon":-78.70365,"geocoding":{},"distantMaxMiles":5},"Florencia":{"countryName":"Cuba","stateName":"Ciego de Ávila Province","name":"Florencia","lat":22.1461,"lon":-78.97328,"geocoding":{},"distantMaxMiles":5},"Morón":{"countryName":"Cuba","stateName":"Ciego de Ávila Province","name":"Morón","lat":22.10774,"lon":-78.62667,"geocoding":{},"distantMaxMiles":5},"Municipio de Ciego de Ávila":{"countryName":"Cuba","stateName":"Ciego de Ávila Province","name":"Municipio de Ciego de Ávila","lat":21.85,"lon":-78.76667,"geocoding":{},"distantMaxMiles":5},"Municipio de Morón":{"countryName":"Cuba","stateName":"Ciego de Ávila Province","name":"Municipio de Morón","lat":22.2998,"lon":-78.56875,"geocoding":{},"distantMaxMiles":5},"Primero de Enero":{"countryName":"Cuba","stateName":"Ciego de Ávila Province","name":"Primero de Enero","lat":21.94501,"lon":-78.4313,"geocoding":{},"distantMaxMiles":5},"Venezuela":{"countryName":"Cuba","stateName":"Ciego de Ávila Province","name":"Venezuela","lat":21.73748,"lon":-78.79336,"geocoding":{},"distantMaxMiles":5}}},"Cienfuegos Province":{"countryName":"Cuba","name":"Cienfuegos Province","isoCode":"06","lat":22.2379783,"lon":-80.365865,"geocoding":{},"distantMaxMiles":5,"cities":{"Abreus":{"countryName":"Cuba","stateName":"Cienfuegos Province","name":"Abreus","lat":22.27797,"lon":-80.56931,"geocoding":{},"distantMaxMiles":5},"Aguada de Pasajeros":{"countryName":"Cuba","stateName":"Cienfuegos Province","name":"Aguada de Pasajeros","lat":22.3852,"lon":-80.84792,"geocoding":{},"distantMaxMiles":5},"Cienfuegos":{"countryName":"Cuba","stateName":"Cienfuegos Province","name":"Cienfuegos","lat":22.14957,"lon":-80.44662,"geocoding":{},"distantMaxMiles":5},"Cruces":{"countryName":"Cuba","stateName":"Cienfuegos Province","name":"Cruces","lat":22.34203,"lon":-80.27021,"geocoding":{},"distantMaxMiles":5},"Cumanayagua":{"countryName":"Cuba","stateName":"Cienfuegos Province","name":"Cumanayagua","lat":22.15247,"lon":-80.20354,"geocoding":{},"distantMaxMiles":5},"Lajas":{"countryName":"Cuba","stateName":"Cienfuegos Province","name":"Lajas","lat":22.41479,"lon":-80.2931,"geocoding":{},"distantMaxMiles":5},"Municipio de Abreus":{"countryName":"Cuba","stateName":"Cienfuegos Province","name":"Municipio de Abreus","lat":22.19229,"lon":-80.71465,"geocoding":{},"distantMaxMiles":5},"Municipio de Cienfuegos":{"countryName":"Cuba","stateName":"Cienfuegos Province","name":"Municipio de Cienfuegos","lat":22.15,"lon":-80.45,"geocoding":{},"distantMaxMiles":5},"Palmira":{"countryName":"Cuba","stateName":"Cienfuegos Province","name":"Palmira","lat":22.24126,"lon":-80.3911,"geocoding":{},"distantMaxMiles":5},"Rodas":{"countryName":"Cuba","stateName":"Cienfuegos Province","name":"Rodas","lat":22.34184,"lon":-80.55596,"geocoding":{},"distantMaxMiles":5}}},"Granma Province":{"countryName":"Cuba","name":"Granma Province","isoCode":"12","lat":20.3844902,"lon":-76.6412712,"geocoding":{},"distantMaxMiles":5,"cities":{"Bartolomé Masó":{"countryName":"Cuba","stateName":"Granma Province","name":"Bartolomé Masó","lat":20.16635,"lon":-76.94291,"geocoding":{},"distantMaxMiles":5},"Bayamo":{"countryName":"Cuba","stateName":"Granma Province","name":"Bayamo","lat":20.37417,"lon":-76.64361,"geocoding":{},"distantMaxMiles":5},"Campechuela":{"countryName":"Cuba","stateName":"Granma Province","name":"Campechuela","lat":20.23329,"lon":-77.2799,"geocoding":{},"distantMaxMiles":5},"Cauto Cristo":{"countryName":"Cuba","stateName":"Granma Province","name":"Cauto Cristo","lat":20.55709,"lon":-76.4727,"geocoding":{},"distantMaxMiles":5},"Guisa":{"countryName":"Cuba","stateName":"Granma Province","name":"Guisa","lat":20.25494,"lon":-76.5393,"geocoding":{},"distantMaxMiles":5},"Jiguaní":{"countryName":"Cuba","stateName":"Granma Province","name":"Jiguaní","lat":20.36785,"lon":-76.42741,"geocoding":{},"distantMaxMiles":5},"Manzanillo":{"countryName":"Cuba","stateName":"Granma Province","name":"Manzanillo","lat":20.34173,"lon":-77.12126,"geocoding":{},"distantMaxMiles":5},"Media Luna":{"countryName":"Cuba","stateName":"Granma Province","name":"Media Luna","lat":20.14298,"lon":-77.43532,"geocoding":{},"distantMaxMiles":5},"Municipio de Bayamo":{"countryName":"Cuba","stateName":"Granma Province","name":"Municipio de Bayamo","lat":20.42511,"lon":-76.68614,"geocoding":{},"distantMaxMiles":5},"Municipio de Manzanillo":{"countryName":"Cuba","stateName":"Granma Province","name":"Municipio de Manzanillo","lat":20.24732,"lon":-77.10273,"geocoding":{},"distantMaxMiles":5},"Municipio de Niquero":{"countryName":"Cuba","stateName":"Granma Province","name":"Municipio de Niquero","lat":19.93912,"lon":-77.57085,"geocoding":{},"distantMaxMiles":5},"Niquero":{"countryName":"Cuba","stateName":"Granma Province","name":"Niquero","lat":20.04698,"lon":-77.58089,"geocoding":{},"distantMaxMiles":5},"Río Cauto":{"countryName":"Cuba","stateName":"Granma Province","name":"Río Cauto","lat":20.55971,"lon":-76.91673,"geocoding":{},"distantMaxMiles":5},"Yara":{"countryName":"Cuba","stateName":"Granma Province","name":"Yara","lat":20.27465,"lon":-76.95132,"geocoding":{},"distantMaxMiles":5}}},"Guantánamo Province":{"countryName":"Cuba","name":"Guantánamo Province","isoCode":"14","lat":20.1455917,"lon":-74.8741045,"geocoding":{},"distantMaxMiles":5,"cities":{"Baracoa":{"countryName":"Cuba","stateName":"Guantánamo Province","name":"Baracoa","lat":20.34711,"lon":-74.49624,"geocoding":{},"distantMaxMiles":5},"Guantánamo":{"countryName":"Cuba","stateName":"Guantánamo Province","name":"Guantánamo","lat":20.14444,"lon":-75.20917,"geocoding":{},"distantMaxMiles":5},"Maisí":{"countryName":"Cuba","stateName":"Guantánamo Province","name":"Maisí","lat":20.24673,"lon":-74.15181,"geocoding":{},"distantMaxMiles":5},"Municipio de Guantánamo":{"countryName":"Cuba","stateName":"Guantánamo Province","name":"Municipio de Guantánamo","lat":20.26723,"lon":-75.15546,"geocoding":{},"distantMaxMiles":5},"Río Guayabal de Yateras":{"countryName":"Cuba","stateName":"Guantánamo Province","name":"Río Guayabal de Yateras","lat":20.36667,"lon":-75.01667,"geocoding":{},"distantMaxMiles":5},"San Antonio del Sur":{"countryName":"Cuba","stateName":"Guantánamo Province","name":"San Antonio del Sur","lat":20.05564,"lon":-74.8075,"geocoding":{},"distantMaxMiles":5}}},"Havana Province":{"countryName":"Cuba","name":"Havana Province","isoCode":"03","lat":23.0540698,"lon":-82.345189,"geocoding":{},"distantMaxMiles":5,"cities":{"Alamar":{"countryName":"Cuba","stateName":"Havana Province","name":"Alamar","lat":23.15794,"lon":-82.27837,"geocoding":{},"distantMaxMiles":5},"Arroyo Naranjo":{"countryName":"Cuba","stateName":"Havana Province","name":"Arroyo Naranjo","lat":23.03677,"lon":-82.36937,"geocoding":{},"distantMaxMiles":5},"Boyeros":{"countryName":"Cuba","stateName":"Havana Province","name":"Boyeros","lat":23.0072,"lon":-82.4017,"geocoding":{},"distantMaxMiles":5},"Centro Habana":{"countryName":"Cuba","stateName":"Havana Province","name":"Centro Habana","lat":23.13833,"lon":-82.36417,"geocoding":{},"distantMaxMiles":5},"Cerro":{"countryName":"Cuba","stateName":"Havana Province","name":"Cerro","lat":23.10861,"lon":-82.37778,"geocoding":{},"distantMaxMiles":5},"Diez de Octubre":{"countryName":"Cuba","stateName":"Havana Province","name":"Diez de Octubre","lat":23.0881,"lon":-82.3597,"geocoding":{},"distantMaxMiles":5},"Guanabacoa":{"countryName":"Cuba","stateName":"Havana Province","name":"Guanabacoa","lat":23.1236,"lon":-82.30082,"geocoding":{},"distantMaxMiles":5},"Habana del Este":{"countryName":"Cuba","stateName":"Havana Province","name":"Habana del Este","lat":23.15917,"lon":-82.33056,"geocoding":{},"distantMaxMiles":5},"Havana":{"countryName":"Cuba","stateName":"Havana Province","name":"Havana","lat":23.13302,"lon":-82.38304,"geocoding":{},"distantMaxMiles":5},"La Habana Vieja":{"countryName":"Cuba","stateName":"Havana Province","name":"La Habana Vieja","lat":23.13028,"lon":-82.35306,"geocoding":{},"distantMaxMiles":5},"Regla":{"countryName":"Cuba","stateName":"Havana Province","name":"Regla","lat":23.125,"lon":-82.33194,"geocoding":{},"distantMaxMiles":5},"San Miguel del Padrón":{"countryName":"Cuba","stateName":"Havana Province","name":"San Miguel del Padrón","lat":23.06639,"lon":-82.29472,"geocoding":{},"distantMaxMiles":5},"Santiago de las Vegas":{"countryName":"Cuba","stateName":"Havana Province","name":"Santiago de las Vegas","lat":22.97,"lon":-82.38694,"geocoding":{},"distantMaxMiles":5}}},"Holguín Province":{"countryName":"Cuba","name":"Holguín Province","isoCode":"11","lat":20.7837893,"lon":-75.8069082,"geocoding":{},"distantMaxMiles":5,"cities":{"Banes":{"countryName":"Cuba","stateName":"Holguín Province","name":"Banes","lat":20.96116,"lon":-75.722,"geocoding":{},"distantMaxMiles":5},"Cacocum":{"countryName":"Cuba","stateName":"Holguín Province","name":"Cacocum","lat":20.73775,"lon":-76.32574,"geocoding":{},"distantMaxMiles":5},"Cueto":{"countryName":"Cuba","stateName":"Holguín Province","name":"Cueto","lat":20.64855,"lon":-75.92967,"geocoding":{},"distantMaxMiles":5},"Gibara":{"countryName":"Cuba","stateName":"Holguín Province","name":"Gibara","lat":21.10988,"lon":-76.13145,"geocoding":{},"distantMaxMiles":5},"Holguín":{"countryName":"Cuba","stateName":"Holguín Province","name":"Holguín","lat":20.88722,"lon":-76.26306,"geocoding":{},"distantMaxMiles":5},"Jobabo":{"countryName":"Cuba","stateName":"Holguín Province","name":"Jobabo","lat":20.96917,"lon":-76.29944,"geocoding":{},"distantMaxMiles":5},"Moa":{"countryName":"Cuba","stateName":"Holguín Province","name":"Moa","lat":20.65776,"lon":-74.95075,"geocoding":{},"distantMaxMiles":5},"Municipio de Banes":{"countryName":"Cuba","stateName":"Holguín Province","name":"Municipio de Banes","lat":20.98008,"lon":-75.74933,"geocoding":{},"distantMaxMiles":5},"Municipio de Holguín":{"countryName":"Cuba","stateName":"Holguín Province","name":"Municipio de Holguín","lat":20.91192,"lon":-76.27057,"geocoding":{},"distantMaxMiles":5},"Sagua de Tánamo":{"countryName":"Cuba","stateName":"Holguín Province","name":"Sagua de Tánamo","lat":20.58269,"lon":-75.24116,"geocoding":{},"distantMaxMiles":5},"San Germán":{"countryName":"Cuba","stateName":"Holguín Province","name":"San Germán","lat":20.60009,"lon":-76.13364,"geocoding":{},"distantMaxMiles":5}}},"Isla de la Juventud":{"countryName":"Cuba","name":"Isla de la Juventud","isoCode":"99","lat":21.7084737,"lon":-82.8220232,"geocoding":{},"distantMaxMiles":5,"cities":{"Nueva Gerona":{"countryName":"Cuba","stateName":"Isla de la Juventud","name":"Nueva Gerona","lat":21.88667,"lon":-82.80556,"geocoding":{},"distantMaxMiles":5}}},"Las Tunas Province":{"countryName":"Cuba","name":"Las Tunas Province","isoCode":"10","lat":21.0605162,"lon":-76.9182097,"geocoding":{},"distantMaxMiles":5,"cities":{"Amancio":{"countryName":"Cuba","stateName":"Las Tunas Province","name":"Amancio","lat":20.81914,"lon":-77.57958,"geocoding":{},"distantMaxMiles":5},"Colombia":{"countryName":"Cuba","stateName":"Las Tunas Province","name":"Colombia","lat":20.98812,"lon":-77.42598,"geocoding":{},"distantMaxMiles":5},"Jesús Menéndez":{"countryName":"Cuba","stateName":"Las Tunas Province","name":"Jesús Menéndez","lat":21.16139,"lon":-76.47919,"geocoding":{},"distantMaxMiles":5},"Jobabo":{"countryName":"Cuba","stateName":"Las Tunas Province","name":"Jobabo","lat":20.90748,"lon":-77.28194,"geocoding":{},"distantMaxMiles":5},"Las Tunas":{"countryName":"Cuba","stateName":"Las Tunas Province","name":"Las Tunas","lat":20.96167,"lon":-76.95111,"geocoding":{},"distantMaxMiles":5},"Manatí":{"countryName":"Cuba","stateName":"Las Tunas Province","name":"Manatí","lat":21.3107,"lon":-76.93403,"geocoding":{},"distantMaxMiles":5},"Puerto Padre":{"countryName":"Cuba","stateName":"Las Tunas Province","name":"Puerto Padre","lat":21.19517,"lon":-76.60358,"geocoding":{},"distantMaxMiles":5}}},"Matanzas Province":{"countryName":"Cuba","name":"Matanzas Province","isoCode":"04","lat":22.5767123,"lon":-81.3399414,"geocoding":{},"distantMaxMiles":5,"cities":{"Alacranes":{"countryName":"Cuba","stateName":"Matanzas Province","name":"Alacranes","lat":22.76719,"lon":-81.56803,"geocoding":{},"distantMaxMiles":5},"Bolondrón":{"countryName":"Cuba","stateName":"Matanzas Province","name":"Bolondrón","lat":22.76307,"lon":-81.4478,"geocoding":{},"distantMaxMiles":5},"Calimete":{"countryName":"Cuba","stateName":"Matanzas Province","name":"Calimete","lat":22.5342,"lon":-80.91105,"geocoding":{},"distantMaxMiles":5},"Colón":{"countryName":"Cuba","stateName":"Matanzas Province","name":"Colón","lat":22.72064,"lon":-80.90492,"geocoding":{},"distantMaxMiles":5},"Cárdenas":{"countryName":"Cuba","stateName":"Matanzas Province","name":"Cárdenas","lat":23.03661,"lon":-81.20596,"geocoding":{},"distantMaxMiles":5},"Jagüey Grande":{"countryName":"Cuba","stateName":"Matanzas Province","name":"Jagüey Grande","lat":22.52694,"lon":-81.12861,"geocoding":{},"distantMaxMiles":5},"Jovellanos":{"countryName":"Cuba","stateName":"Matanzas Province","name":"Jovellanos","lat":22.80375,"lon":-81.19127,"geocoding":{},"distantMaxMiles":5},"Limonar":{"countryName":"Cuba","stateName":"Matanzas Province","name":"Limonar","lat":22.95035,"lon":-81.41059,"geocoding":{},"distantMaxMiles":5},"Los Arabos":{"countryName":"Cuba","stateName":"Matanzas Province","name":"Los Arabos","lat":22.72969,"lon":-80.72081,"geocoding":{},"distantMaxMiles":5},"Manguito":{"countryName":"Cuba","stateName":"Matanzas Province","name":"Manguito","lat":22.58733,"lon":-80.91451,"geocoding":{},"distantMaxMiles":5},"Martí":{"countryName":"Cuba","stateName":"Matanzas Province","name":"Martí","lat":22.94714,"lon":-80.91902,"geocoding":{},"distantMaxMiles":5},"Matanzas":{"countryName":"Cuba","stateName":"Matanzas Province","name":"Matanzas","lat":23.04111,"lon":-81.5775,"geocoding":{},"distantMaxMiles":5},"Municipio de Cárdenas":{"countryName":"Cuba","stateName":"Matanzas Province","name":"Municipio de Cárdenas","lat":22.98978,"lon":-81.2352,"geocoding":{},"distantMaxMiles":5},"Municipio de Matanzas":{"countryName":"Cuba","stateName":"Matanzas Province","name":"Municipio de Matanzas","lat":23.05,"lon":-81.58333,"geocoding":{},"distantMaxMiles":5},"Pedro Betancourt":{"countryName":"Cuba","stateName":"Matanzas Province","name":"Pedro Betancourt","lat":22.72709,"lon":-81.28963,"geocoding":{},"distantMaxMiles":5},"Perico":{"countryName":"Cuba","stateName":"Matanzas Province","name":"Perico","lat":22.76987,"lon":-81.0183,"geocoding":{},"distantMaxMiles":5},"Unión de Reyes":{"countryName":"Cuba","stateName":"Matanzas Province","name":"Unión de Reyes","lat":22.79505,"lon":-81.53617,"geocoding":{},"distantMaxMiles":5},"Varadero":{"countryName":"Cuba","stateName":"Matanzas Province","name":"Varadero","lat":23.15678,"lon":-81.24441,"geocoding":{},"distantMaxMiles":5}}},"Mayabeque Province":{"countryName":"Cuba","name":"Mayabeque Province","isoCode":"16","lat":22.8926529,"lon":-81.9534815,"geocoding":{},"distantMaxMiles":5,"cities":{"Batabanó":{"countryName":"Cuba","stateName":"Mayabeque Province","name":"Batabanó","lat":22.71794,"lon":-82.28965,"geocoding":{},"distantMaxMiles":5},"Bejucal":{"countryName":"Cuba","stateName":"Mayabeque Province","name":"Bejucal","lat":22.92861,"lon":-82.38861,"geocoding":{},"distantMaxMiles":5},"Güines":{"countryName":"Cuba","stateName":"Mayabeque Province","name":"Güines","lat":22.83727,"lon":-82.02641,"geocoding":{},"distantMaxMiles":5},"Jamaica":{"countryName":"Cuba","stateName":"Mayabeque Province","name":"Jamaica","lat":22.97559,"lon":-82.16852,"geocoding":{},"distantMaxMiles":5},"Jaruco":{"countryName":"Cuba","stateName":"Mayabeque Province","name":"Jaruco","lat":23.04419,"lon":-82.00919,"geocoding":{},"distantMaxMiles":5},"La Salud":{"countryName":"Cuba","stateName":"Mayabeque Province","name":"La Salud","lat":22.87199,"lon":-82.42328,"geocoding":{},"distantMaxMiles":5},"Madruga":{"countryName":"Cuba","stateName":"Mayabeque Province","name":"Madruga","lat":22.91,"lon":-81.85639,"geocoding":{},"distantMaxMiles":5},"Municipio de Güines":{"countryName":"Cuba","stateName":"Mayabeque Province","name":"Municipio de Güines","lat":22.78712,"lon":-82.01602,"geocoding":{},"distantMaxMiles":5},"Municipio de Melena del Sur":{"countryName":"Cuba","stateName":"Mayabeque Province","name":"Municipio de Melena del Sur","lat":22.78821,"lon":-82.15113,"geocoding":{},"distantMaxMiles":5},"Quivicán":{"countryName":"Cuba","stateName":"Mayabeque Province","name":"Quivicán","lat":22.82313,"lon":-82.35558,"geocoding":{},"distantMaxMiles":5},"San José de las Lajas":{"countryName":"Cuba","stateName":"Mayabeque Province","name":"San José de las Lajas","lat":22.96139,"lon":-82.15111,"geocoding":{},"distantMaxMiles":5},"San Nicolás de Bari":{"countryName":"Cuba","stateName":"Mayabeque Province","name":"San Nicolás de Bari","lat":22.78444,"lon":-81.91333,"geocoding":{},"distantMaxMiles":5},"Santa Cruz del Norte":{"countryName":"Cuba","stateName":"Mayabeque Province","name":"Santa Cruz del Norte","lat":23.15424,"lon":-81.92556,"geocoding":{},"distantMaxMiles":5}}},"Pinar del Río Province":{"countryName":"Cuba","name":"Pinar del Río Province","isoCode":"01","lat":22.4076256,"lon":-83.8473015,"geocoding":{},"distantMaxMiles":5,"cities":{"Consolación del Sur":{"countryName":"Cuba","stateName":"Pinar del Río Province","name":"Consolación del Sur","lat":22.50419,"lon":-83.51442,"geocoding":{},"distantMaxMiles":5},"Guane":{"countryName":"Cuba","stateName":"Pinar del Río Province","name":"Guane","lat":22.20179,"lon":-84.08484,"geocoding":{},"distantMaxMiles":5},"Los Palacios":{"countryName":"Cuba","stateName":"Pinar del Río Province","name":"Los Palacios","lat":22.58882,"lon":-83.24671,"geocoding":{},"distantMaxMiles":5},"Mantua":{"countryName":"Cuba","stateName":"Pinar del Río Province","name":"Mantua","lat":22.29058,"lon":-84.28599,"geocoding":{},"distantMaxMiles":5},"Minas de Matahambre":{"countryName":"Cuba","stateName":"Pinar del Río Province","name":"Minas de Matahambre","lat":22.58691,"lon":-83.94551,"geocoding":{},"distantMaxMiles":5},"Municipio de Consolación del Sur":{"countryName":"Cuba","stateName":"Pinar del Río Province","name":"Municipio de Consolación del Sur","lat":22.44095,"lon":-83.41985,"geocoding":{},"distantMaxMiles":5},"Municipio de Guane":{"countryName":"Cuba","stateName":"Pinar del Río Province","name":"Municipio de Guane","lat":22.24591,"lon":-84.0366,"geocoding":{},"distantMaxMiles":5},"Municipio de La Palma":{"countryName":"Cuba","stateName":"Pinar del Río Province","name":"Municipio de La Palma","lat":22.75,"lon":-83.55,"geocoding":{},"distantMaxMiles":5},"Municipio de Los Palacios":{"countryName":"Cuba","stateName":"Pinar del Río Province","name":"Municipio de Los Palacios","lat":22.58333,"lon":-83.25,"geocoding":{},"distantMaxMiles":5},"Pinar del Río":{"countryName":"Cuba","stateName":"Pinar del Río Province","name":"Pinar del Río","lat":22.41667,"lon":-83.69667,"geocoding":{},"distantMaxMiles":5},"Puerto Esperanza":{"countryName":"Cuba","stateName":"Pinar del Río Province","name":"Puerto Esperanza","lat":22.77041,"lon":-83.73138,"geocoding":{},"distantMaxMiles":5},"San Diego de Los Baños":{"countryName":"Cuba","stateName":"Pinar del Río Province","name":"San Diego de Los Baños","lat":22.64667,"lon":-83.36972,"geocoding":{},"distantMaxMiles":5},"San Luis":{"countryName":"Cuba","stateName":"Pinar del Río Province","name":"San Luis","lat":22.27898,"lon":-83.75956,"geocoding":{},"distantMaxMiles":5},"Viñales":{"countryName":"Cuba","stateName":"Pinar del Río Province","name":"Viñales","lat":22.61892,"lon":-83.70694,"geocoding":{},"distantMaxMiles":5}}},"Sancti Spíritus Province":{"countryName":"Cuba","name":"Sancti Spíritus Province","isoCode":"07","lat":21.9938214,"lon":-79.4703885,"geocoding":{},"distantMaxMiles":5,"cities":{"Cabaiguán":{"countryName":"Cuba","stateName":"Sancti Spíritus Province","name":"Cabaiguán","lat":22.07874,"lon":-79.49726,"geocoding":{},"distantMaxMiles":5},"Condado":{"countryName":"Cuba","stateName":"Sancti Spíritus Province","name":"Condado","lat":21.8767,"lon":-79.84014,"geocoding":{},"distantMaxMiles":5},"Fomento":{"countryName":"Cuba","stateName":"Sancti Spíritus Province","name":"Fomento","lat":22.10475,"lon":-79.72141,"geocoding":{},"distantMaxMiles":5},"Guayos":{"countryName":"Cuba","stateName":"Sancti Spíritus Province","name":"Guayos","lat":22.04956,"lon":-79.46106,"geocoding":{},"distantMaxMiles":5},"Jatibonico":{"countryName":"Cuba","stateName":"Sancti Spíritus Province","name":"Jatibonico","lat":21.94333,"lon":-79.16906,"geocoding":{},"distantMaxMiles":5},"La Sierpe":{"countryName":"Cuba","stateName":"Sancti Spíritus Province","name":"La Sierpe","lat":21.77241,"lon":-79.26832,"geocoding":{},"distantMaxMiles":5},"Municipio de Cabaiguán":{"countryName":"Cuba","stateName":"Sancti Spíritus Province","name":"Municipio de Cabaiguán","lat":22.08333,"lon":-79.5,"geocoding":{},"distantMaxMiles":5},"Municipio de Jatibonico":{"countryName":"Cuba","stateName":"Sancti Spíritus Province","name":"Municipio de Jatibonico","lat":21.93333,"lon":-79.16667,"geocoding":{},"distantMaxMiles":5},"Municipio de Sancti Spíritus":{"countryName":"Cuba","stateName":"Sancti Spíritus Province","name":"Municipio de Sancti Spíritus","lat":21.82176,"lon":-79.51036,"geocoding":{},"distantMaxMiles":5},"Municipio de Trinidad":{"countryName":"Cuba","stateName":"Sancti Spíritus Province","name":"Municipio de Trinidad","lat":21.83195,"lon":-79.88362,"geocoding":{},"distantMaxMiles":5},"Sancti Spíritus":{"countryName":"Cuba","stateName":"Sancti Spíritus Province","name":"Sancti Spíritus","lat":21.92972,"lon":-79.4425,"geocoding":{},"distantMaxMiles":5},"Topes de Collantes":{"countryName":"Cuba","stateName":"Sancti Spíritus Province","name":"Topes de Collantes","lat":21.91524,"lon":-80.01929,"geocoding":{},"distantMaxMiles":5},"Trinidad":{"countryName":"Cuba","stateName":"Sancti Spíritus Province","name":"Trinidad","lat":21.80224,"lon":-79.98467,"geocoding":{},"distantMaxMiles":5},"Yaguajay":{"countryName":"Cuba","stateName":"Sancti Spíritus Province","name":"Yaguajay","lat":22.32691,"lon":-79.23567,"geocoding":{},"distantMaxMiles":5},"Zaza del Medio":{"countryName":"Cuba","stateName":"Sancti Spíritus Province","name":"Zaza del Medio","lat":21.99712,"lon":-79.36678,"geocoding":{},"distantMaxMiles":5}}},"Santiago de Cuba Province":{"countryName":"Cuba","name":"Santiago de Cuba Province","isoCode":"13","lat":20.2397682,"lon":-75.9927652,"geocoding":{},"distantMaxMiles":5,"cities":{"Contramaestre":{"countryName":"Cuba","stateName":"Santiago de Cuba Province","name":"Contramaestre","lat":20.29879,"lon":-76.24511,"geocoding":{},"distantMaxMiles":5},"El Cobre":{"countryName":"Cuba","stateName":"Santiago de Cuba Province","name":"El Cobre","lat":20.0485,"lon":-75.94579,"geocoding":{},"distantMaxMiles":5},"Municipio de Palma Soriano":{"countryName":"Cuba","stateName":"Santiago de Cuba Province","name":"Municipio de Palma Soriano","lat":20.20897,"lon":-76.05776,"geocoding":{},"distantMaxMiles":5},"Municipio de Santiago de Cuba":{"countryName":"Cuba","stateName":"Santiago de Cuba Province","name":"Municipio de Santiago de Cuba","lat":20.00617,"lon":-75.70816,"geocoding":{},"distantMaxMiles":5},"Palma Soriano":{"countryName":"Cuba","stateName":"Santiago de Cuba Province","name":"Palma Soriano","lat":20.2113,"lon":-75.99362,"geocoding":{},"distantMaxMiles":5},"San Luis":{"countryName":"Cuba","stateName":"Santiago de Cuba Province","name":"San Luis","lat":20.18809,"lon":-75.85031,"geocoding":{},"distantMaxMiles":5},"Santiago de Cuba":{"countryName":"Cuba","stateName":"Santiago de Cuba Province","name":"Santiago de Cuba","lat":20.02083,"lon":-75.82667,"geocoding":{},"distantMaxMiles":5}}},"Villa Clara Province":{"countryName":"Cuba","name":"Villa Clara Province","isoCode":"05","lat":22.4937204,"lon":-79.9192702,"geocoding":{},"distantMaxMiles":5,"cities":{"Caibarién":{"countryName":"Cuba","stateName":"Villa Clara Province","name":"Caibarién","lat":22.51996,"lon":-79.46599,"geocoding":{},"distantMaxMiles":5},"Calabazar de Sagua":{"countryName":"Cuba","stateName":"Villa Clara Province","name":"Calabazar de Sagua","lat":22.64515,"lon":-79.8951,"geocoding":{},"distantMaxMiles":5},"Camajuaní":{"countryName":"Cuba","stateName":"Villa Clara Province","name":"Camajuaní","lat":22.48333,"lon":-79.75,"geocoding":{},"distantMaxMiles":5},"Cifuentes":{"countryName":"Cuba","stateName":"Villa Clara Province","name":"Cifuentes","lat":22.6493,"lon":-80.04935,"geocoding":{},"distantMaxMiles":5},"Corralillo":{"countryName":"Cuba","stateName":"Villa Clara Province","name":"Corralillo","lat":22.98212,"lon":-80.58556,"geocoding":{},"distantMaxMiles":5},"Encrucijada":{"countryName":"Cuba","stateName":"Villa Clara Province","name":"Encrucijada","lat":22.61802,"lon":-79.86603,"geocoding":{},"distantMaxMiles":5},"Esperanza":{"countryName":"Cuba","stateName":"Villa Clara Province","name":"Esperanza","lat":22.4468,"lon":-80.09711,"geocoding":{},"distantMaxMiles":5},"Isabela de Sagua":{"countryName":"Cuba","stateName":"Villa Clara Province","name":"Isabela de Sagua","lat":22.93924,"lon":-80.01185,"geocoding":{},"distantMaxMiles":5},"Manicaragua":{"countryName":"Cuba","stateName":"Villa Clara Province","name":"Manicaragua","lat":22.15021,"lon":-79.97867,"geocoding":{},"distantMaxMiles":5},"Municipio de Placetas":{"countryName":"Cuba","stateName":"Villa Clara Province","name":"Municipio de Placetas","lat":22.22248,"lon":-79.74268,"geocoding":{},"distantMaxMiles":5},"Municipio de Santa Clara":{"countryName":"Cuba","stateName":"Villa Clara Province","name":"Municipio de Santa Clara","lat":22.4,"lon":-79.96667,"geocoding":{},"distantMaxMiles":5},"Placetas":{"countryName":"Cuba","stateName":"Villa Clara Province","name":"Placetas","lat":22.31184,"lon":-79.6544,"geocoding":{},"distantMaxMiles":5},"Quemado de Güines":{"countryName":"Cuba","stateName":"Villa Clara Province","name":"Quemado de Güines","lat":22.78816,"lon":-80.25226,"geocoding":{},"distantMaxMiles":5},"Rancho Veloz":{"countryName":"Cuba","stateName":"Villa Clara Province","name":"Rancho Veloz","lat":22.88042,"lon":-80.39098,"geocoding":{},"distantMaxMiles":5},"Ranchuelo":{"countryName":"Cuba","stateName":"Villa Clara Province","name":"Ranchuelo","lat":22.37266,"lon":-80.15046,"geocoding":{},"distantMaxMiles":5},"Sagua la Grande":{"countryName":"Cuba","stateName":"Villa Clara Province","name":"Sagua la Grande","lat":22.80667,"lon":-80.07556,"geocoding":{},"distantMaxMiles":5},"Santa Clara":{"countryName":"Cuba","stateName":"Villa Clara Province","name":"Santa Clara","lat":22.40694,"lon":-79.96472,"geocoding":{},"distantMaxMiles":5},"Santo Domingo":{"countryName":"Cuba","stateName":"Villa Clara Province","name":"Santo Domingo","lat":22.58677,"lon":-80.24261,"geocoding":{},"distantMaxMiles":5}}}}}