{"name":"Dominican Republic","isoCode":"DO","lat":19,"lon":-70.66666666,"geocoding":{},"distantMaxMiles":5,"states":{"Azua Province":{"countryName":"Dominican Republic","name":"Azua Province","isoCode":"02","lat":18.4552709,"lon":-70.7380928,"geocoding":{},"distantMaxMiles":5,"cities":{"Azua":{"countryName":"Dominican Republic","stateName":"Azua Province","name":"Azua","lat":18.45319,"lon":-70.7349,"geocoding":{},"distantMaxMiles":5},"El Guayabal":{"countryName":"Dominican Republic","stateName":"Azua Province","name":"El Guayabal","lat":18.7496,"lon":-70.8369,"geocoding":{},"distantMaxMiles":5},"Estebanía":{"countryName":"Dominican Republic","stateName":"Azua Province","name":"Estebanía","lat":18.4577,"lon":-70.6435,"geocoding":{},"distantMaxMiles":5},"Las Charcas":{"countryName":"Dominican Republic","stateName":"Azua Province","name":"Las Charcas","lat":18.45026,"lon":-70.61724,"geocoding":{},"distantMaxMiles":5},"Padre Las Casas":{"countryName":"Dominican Republic","stateName":"Azua Province","name":"Padre Las Casas","lat":18.75,"lon":-70.88333,"geocoding":{},"distantMaxMiles":5},"Palmar de Ocoa":{"countryName":"Dominican Republic","stateName":"Azua Province","name":"Palmar de Ocoa","lat":18.29656,"lon":-70.58635,"geocoding":{},"distantMaxMiles":5},"Peralta":{"countryName":"Dominican Republic","stateName":"Azua Province","name":"Peralta","lat":18.58164,"lon":-70.77029,"geocoding":{},"distantMaxMiles":5},"Pueblo Viejo":{"countryName":"Dominican Republic","stateName":"Azua Province","name":"Pueblo Viejo","lat":18.4,"lon":-70.76765,"geocoding":{},"distantMaxMiles":5},"Sabana Yegua":{"countryName":"Dominican Republic","stateName":"Azua Province","name":"Sabana Yegua","lat":18.71667,"lon":-71.01667,"geocoding":{},"distantMaxMiles":5},"Tábara Arriba":{"countryName":"Dominican Republic","stateName":"Azua Province","name":"Tábara Arriba","lat":18.56999,"lon":-70.87978,"geocoding":{},"distantMaxMiles":5},"Villarpando":{"countryName":"Dominican Republic","stateName":"Azua Province","name":"Villarpando","lat":18.6586,"lon":-71.03916,"geocoding":{},"distantMaxMiles":5},"Yayas de Viajama":{"countryName":"Dominican Republic","stateName":"Azua Province","name":"Yayas de Viajama","lat":18.6071,"lon":-70.92753,"geocoding":{},"distantMaxMiles":5}}},"Baoruco Province":{"countryName":"Dominican Republic","name":"Baoruco Province","isoCode":"03","lat":18.4879898,"lon":-71.4182249,"geocoding":{},"distantMaxMiles":5,"cities":{"El Palmar":{"countryName":"Dominican Republic","stateName":"Baoruco Province","name":"El Palmar","lat":18.41139,"lon":-71.24558,"geocoding":{},"distantMaxMiles":5},"Galván":{"countryName":"Dominican Republic","stateName":"Baoruco Province","name":"Galván","lat":18.50228,"lon":-71.34271,"geocoding":{},"distantMaxMiles":5},"La Uvilla":{"countryName":"Dominican Republic","stateName":"Baoruco Province","name":"La Uvilla","lat":18.36186,"lon":-71.21046,"geocoding":{},"distantMaxMiles":5},"Los Ríos":{"countryName":"Dominican Republic","stateName":"Baoruco Province","name":"Los Ríos","lat":18.52131,"lon":-71.59106,"geocoding":{},"distantMaxMiles":5},"Neiba":{"countryName":"Dominican Republic","stateName":"Baoruco Province","name":"Neiba","lat":18.48137,"lon":-71.41965,"geocoding":{},"distantMaxMiles":5},"Tamayo":{"countryName":"Dominican Republic","stateName":"Baoruco Province","name":"Tamayo","lat":18.5,"lon":-71.16667,"geocoding":{},"distantMaxMiles":5},"Villa Jaragua":{"countryName":"Dominican Republic","stateName":"Baoruco Province","name":"Villa Jaragua","lat":18.49077,"lon":-71.48377,"geocoding":{},"distantMaxMiles":5}}},"Barahona Province":{"countryName":"Dominican Republic","name":"Barahona Province","isoCode":"04","lat":18.2139066,"lon":-71.1043759,"geocoding":{},"distantMaxMiles":5,"cities":{"Cabral":{"countryName":"Dominican Republic","stateName":"Barahona Province","name":"Cabral","lat":18.19991,"lon":-71.2466,"geocoding":{},"distantMaxMiles":5},"Cachón":{"countryName":"Dominican Republic","stateName":"Barahona Province","name":"Cachón","lat":18.24833,"lon":-71.18912,"geocoding":{},"distantMaxMiles":5},"Canoa":{"countryName":"Dominican Republic","stateName":"Barahona Province","name":"Canoa","lat":18.35499,"lon":-71.15851,"geocoding":{},"distantMaxMiles":5},"El Peñón":{"countryName":"Dominican Republic","stateName":"Barahona Province","name":"El Peñón","lat":18.29643,"lon":-71.1841,"geocoding":{},"distantMaxMiles":5},"Enriquillo":{"countryName":"Dominican Republic","stateName":"Barahona Province","name":"Enriquillo","lat":17.91667,"lon":-71.25,"geocoding":{},"distantMaxMiles":5},"Fundación":{"countryName":"Dominican Republic","stateName":"Barahona Province","name":"Fundación","lat":18.28668,"lon":-71.18147,"geocoding":{},"distantMaxMiles":5},"Jaquimeyes":{"countryName":"Dominican Republic","stateName":"Barahona Province","name":"Jaquimeyes","lat":18.31173,"lon":-71.16145,"geocoding":{},"distantMaxMiles":5},"La Ciénaga":{"countryName":"Dominican Republic","stateName":"Barahona Province","name":"La Ciénaga","lat":18.06858,"lon":-71.10651,"geocoding":{},"distantMaxMiles":5},"Las Salinas":{"countryName":"Dominican Republic","stateName":"Barahona Province","name":"Las Salinas","lat":18.27485,"lon":-71.31596,"geocoding":{},"distantMaxMiles":5},"Paraíso":{"countryName":"Dominican Republic","stateName":"Barahona Province","name":"Paraíso","lat":18.02652,"lon":-71.20889,"geocoding":{},"distantMaxMiles":5},"Pescadería":{"countryName":"Dominican Republic","stateName":"Barahona Province","name":"Pescadería","lat":18.26766,"lon":-71.16612,"geocoding":{},"distantMaxMiles":5},"Polo":{"countryName":"Dominican Republic","stateName":"Barahona Province","name":"Polo","lat":18.07873,"lon":-71.28723,"geocoding":{},"distantMaxMiles":5},"Santa Cruz de Barahona":{"countryName":"Dominican Republic","stateName":"Barahona Province","name":"Santa Cruz de Barahona","lat":18.20854,"lon":-71.10077,"geocoding":{},"distantMaxMiles":5},"Vicente Noble":{"countryName":"Dominican Republic","stateName":"Barahona Province","name":"Vicente Noble","lat":18.38443,"lon":-71.18009,"geocoding":{},"distantMaxMiles":5}}},"Dajabón Province":{"countryName":"Dominican Republic","name":"Dajabón Province","isoCode":"05","lat":19.5499241,"lon":-71.7086514,"geocoding":{},"distantMaxMiles":5,"cities":{"Dajabón":{"countryName":"Dominican Republic","stateName":"Dajabón Province","name":"Dajabón","lat":19.54878,"lon":-71.70829,"geocoding":{},"distantMaxMiles":5},"El Pino":{"countryName":"Dominican Republic","stateName":"Dajabón Province","name":"El Pino","lat":19.43537,"lon":-71.4754,"geocoding":{},"distantMaxMiles":5},"Loma de Cabrera":{"countryName":"Dominican Republic","stateName":"Dajabón Province","name":"Loma de Cabrera","lat":19.41667,"lon":-71.58333,"geocoding":{},"distantMaxMiles":5},"Partido":{"countryName":"Dominican Republic","stateName":"Dajabón Province","name":"Partido","lat":19.48403,"lon":-71.5473,"geocoding":{},"distantMaxMiles":5},"Restauración":{"countryName":"Dominican Republic","stateName":"Dajabón Province","name":"Restauración","lat":19.31532,"lon":-71.69239,"geocoding":{},"distantMaxMiles":5}}},"Distrito Nacional":{"countryName":"Dominican Republic","name":"Distrito Nacional","isoCode":"01","lat":18.4860575,"lon":-69.9312117,"geocoding":{},"distantMaxMiles":5,"cities":{"Bella Vista":{"countryName":"Dominican Republic","stateName":"Distrito Nacional","name":"Bella Vista","lat":18.45539,"lon":-69.9454,"geocoding":{},"distantMaxMiles":5},"Ciudad Nueva":{"countryName":"Dominican Republic","stateName":"Distrito Nacional","name":"Ciudad Nueva","lat":18.46707,"lon":-69.89339,"geocoding":{},"distantMaxMiles":5},"Cristo Rey":{"countryName":"Dominican Republic","stateName":"Distrito Nacional","name":"Cristo Rey","lat":18.5,"lon":-69.93333,"geocoding":{},"distantMaxMiles":5},"Ensanche Luperón":{"countryName":"Dominican Republic","stateName":"Distrito Nacional","name":"Ensanche Luperón","lat":18.5,"lon":-69.9,"geocoding":{},"distantMaxMiles":5},"La Agustina":{"countryName":"Dominican Republic","stateName":"Distrito Nacional","name":"La Agustina","lat":18.5,"lon":-69.93333,"geocoding":{},"distantMaxMiles":5},"La Julia":{"countryName":"Dominican Republic","stateName":"Distrito Nacional","name":"La Julia","lat":18.46667,"lon":-69.93333,"geocoding":{},"distantMaxMiles":5},"San Carlos":{"countryName":"Dominican Republic","stateName":"Distrito Nacional","name":"San Carlos","lat":18.48333,"lon":-69.9,"geocoding":{},"distantMaxMiles":5},"Santo Domingo":{"countryName":"Dominican Republic","stateName":"Distrito Nacional","name":"Santo Domingo","lat":18.47186,"lon":-69.89232,"geocoding":{},"distantMaxMiles":5},"Villa Consuelo":{"countryName":"Dominican Republic","stateName":"Distrito Nacional","name":"Villa Consuelo","lat":18.48333,"lon":-69.9,"geocoding":{},"distantMaxMiles":5},"Villa Francisca":{"countryName":"Dominican Republic","stateName":"Distrito Nacional","name":"Villa Francisca","lat":18.48278,"lon":-69.88914,"geocoding":{},"distantMaxMiles":5}}},"Duarte Province":{"countryName":"Dominican Republic","name":"Duarte Province","isoCode":"06","lat":19.2090823,"lon":-70.0270004,"geocoding":{},"distantMaxMiles":5,"cities":{"Agua Santa del Yuna":{"countryName":"Dominican Republic","stateName":"Duarte Province","name":"Agua Santa del Yuna","lat":19.15072,"lon":-69.80069,"geocoding":{},"distantMaxMiles":5},"Arenoso":{"countryName":"Dominican Republic","stateName":"Duarte Province","name":"Arenoso","lat":19.18732,"lon":-69.85917,"geocoding":{},"distantMaxMiles":5},"Castillo":{"countryName":"Dominican Republic","stateName":"Duarte Province","name":"Castillo","lat":19.25,"lon":-70,"geocoding":{},"distantMaxMiles":5},"Hostos":{"countryName":"Dominican Republic","stateName":"Duarte Province","name":"Hostos","lat":19.18043,"lon":-70.02046,"geocoding":{},"distantMaxMiles":5},"Las Guáranas":{"countryName":"Dominican Republic","stateName":"Duarte Province","name":"Las Guáranas","lat":19.1931,"lon":-70.20835,"geocoding":{},"distantMaxMiles":5},"Pimentel":{"countryName":"Dominican Republic","stateName":"Duarte Province","name":"Pimentel","lat":19.21667,"lon":-70.16667,"geocoding":{},"distantMaxMiles":5},"San Francisco de Macorís":{"countryName":"Dominican Republic","stateName":"Duarte Province","name":"San Francisco de Macorís","lat":19.30099,"lon":-70.25259,"geocoding":{},"distantMaxMiles":5},"Villa Riva":{"countryName":"Dominican Republic","stateName":"Duarte Province","name":"Villa Riva","lat":19.15051,"lon":-69.8837,"geocoding":{},"distantMaxMiles":5}}},"El Seibo Province":{"countryName":"Dominican Republic","name":"El Seibo Province","isoCode":"08","lat":18.7658496,"lon":-69.040668,"geocoding":{},"distantMaxMiles":5,"cities":{"Miches":{"countryName":"Dominican Republic","stateName":"El Seibo Province","name":"Miches","lat":18.98364,"lon":-69.0476,"geocoding":{},"distantMaxMiles":5},"Pedro Sánchez":{"countryName":"Dominican Republic","stateName":"El Seibo Province","name":"Pedro Sánchez","lat":18.86375,"lon":-69.10868,"geocoding":{},"distantMaxMiles":5},"Santa Cruz de El Seibo":{"countryName":"Dominican Republic","stateName":"El Seibo Province","name":"Santa Cruz de El Seibo","lat":18.76559,"lon":-69.03886,"geocoding":{},"distantMaxMiles":5}}},"Espaillat Province":{"countryName":"Dominican Republic","name":"Espaillat Province","isoCode":"09","lat":19.6277658,"lon":-70.2786775,"geocoding":{},"distantMaxMiles":5,"cities":{"Cayetano Germosén":{"countryName":"Dominican Republic","stateName":"Espaillat Province","name":"Cayetano Germosén","lat":19.34285,"lon":-70.47573,"geocoding":{},"distantMaxMiles":5},"Gaspar Hernández":{"countryName":"Dominican Republic","stateName":"Espaillat Province","name":"Gaspar Hernández","lat":19.62748,"lon":-70.27772,"geocoding":{},"distantMaxMiles":5},"Jamao al Norte":{"countryName":"Dominican Republic","stateName":"Espaillat Province","name":"Jamao al Norte","lat":19.63552,"lon":-70.44664,"geocoding":{},"distantMaxMiles":5},"Joba Arriba":{"countryName":"Dominican Republic","stateName":"Espaillat Province","name":"Joba Arriba","lat":19.56667,"lon":-70.26667,"geocoding":{},"distantMaxMiles":5},"Juan López Abajo":{"countryName":"Dominican Republic","stateName":"Espaillat Province","name":"Juan López Abajo","lat":19.43333,"lon":-70.5,"geocoding":{},"distantMaxMiles":5},"Moca":{"countryName":"Dominican Republic","stateName":"Espaillat Province","name":"Moca","lat":19.5,"lon":-70.5,"geocoding":{},"distantMaxMiles":5},"San Víctor Arriba":{"countryName":"Dominican Republic","stateName":"Espaillat Province","name":"San Víctor Arriba","lat":19.47741,"lon":-70.53585,"geocoding":{},"distantMaxMiles":5},"Veragua Arriba":{"countryName":"Dominican Republic","stateName":"Espaillat Province","name":"Veragua Arriba","lat":19.58333,"lon":-70.33333,"geocoding":{},"distantMaxMiles":5}}},"Hato Mayor Province":{"countryName":"Dominican Republic","name":"Hato Mayor Province","isoCode":"30","lat":18.7635799,"lon":-69.2557637,"geocoding":{},"distantMaxMiles":5,"cities":{"El Valle":{"countryName":"Dominican Republic","stateName":"Hato Mayor Province","name":"El Valle","lat":18.93333,"lon":-69.38333,"geocoding":{},"distantMaxMiles":5},"Guayabo Dulce":{"countryName":"Dominican Republic","stateName":"Hato Mayor Province","name":"Guayabo Dulce","lat":18.65,"lon":-69.28333,"geocoding":{},"distantMaxMiles":5},"Hato Mayor del Rey":{"countryName":"Dominican Republic","stateName":"Hato Mayor Province","name":"Hato Mayor del Rey","lat":18.76278,"lon":-69.25681,"geocoding":{},"distantMaxMiles":5},"Sabana de la Mar":{"countryName":"Dominican Republic","stateName":"Hato Mayor Province","name":"Sabana de la Mar","lat":19.03333,"lon":-69.41667,"geocoding":{},"distantMaxMiles":5}}},"Hermanas Mirabal Province":{"countryName":"Dominican Republic","name":"Hermanas Mirabal Province","isoCode":"19","lat":19.3747559,"lon":-70.3513235,"geocoding":{},"distantMaxMiles":5,"cities":{"Salcedo":{"countryName":"Dominican Republic","stateName":"Hermanas Mirabal Province","name":"Salcedo","lat":19.41667,"lon":-70.38333,"geocoding":{},"distantMaxMiles":5},"Salsipuedes":{"countryName":"Dominican Republic","stateName":"Hermanas Mirabal Province","name":"Salsipuedes","lat":19.40552,"lon":-70.37985,"geocoding":{},"distantMaxMiles":5},"Tenares":{"countryName":"Dominican Republic","stateName":"Hermanas Mirabal Province","name":"Tenares","lat":19.37439,"lon":-70.35087,"geocoding":{},"distantMaxMiles":5},"Villa Tapia":{"countryName":"Dominican Republic","stateName":"Hermanas Mirabal Province","name":"Villa Tapia","lat":19.30084,"lon":-70.42199,"geocoding":{},"distantMaxMiles":5}}},"Independencia":{"countryName":"Dominican Republic","name":"Independencia","isoCode":"10","lat":32.6335748,"lon":-115.4289294,"geocoding":{},"distantMaxMiles":5,"cities":{"Cristóbal":{"countryName":"Dominican Republic","stateName":"Independencia","name":"Cristóbal","lat":18.29405,"lon":-71.29298,"geocoding":{},"distantMaxMiles":5},"Duvergé":{"countryName":"Dominican Republic","stateName":"Independencia","name":"Duvergé","lat":18.31634,"lon":-71.59451,"geocoding":{},"distantMaxMiles":5},"Guayabal":{"countryName":"Dominican Republic","stateName":"Independencia","name":"Guayabal","lat":18.5981,"lon":-71.64184,"geocoding":{},"distantMaxMiles":5},"Jimaní":{"countryName":"Dominican Republic","stateName":"Independencia","name":"Jimaní","lat":18.49169,"lon":-71.85022,"geocoding":{},"distantMaxMiles":5},"La Descubierta":{"countryName":"Dominican Republic","stateName":"Independencia","name":"La Descubierta","lat":18.57053,"lon":-71.72967,"geocoding":{},"distantMaxMiles":5},"Mella":{"countryName":"Dominican Republic","stateName":"Independencia","name":"Mella","lat":18.35871,"lon":-71.41716,"geocoding":{},"distantMaxMiles":5},"Postrer Río":{"countryName":"Dominican Republic","stateName":"Independencia","name":"Postrer Río","lat":18.54374,"lon":-71.63561,"geocoding":{},"distantMaxMiles":5}}},"La Altagracia Province":{"countryName":"Dominican Republic","name":"La Altagracia Province","isoCode":"11","lat":18.5850236,"lon":-68.6201072,"geocoding":{},"distantMaxMiles":5,"cities":{"Boca de Yuma":{"countryName":"Dominican Republic","stateName":"La Altagracia Province","name":"Boca de Yuma","lat":18.37825,"lon":-68.609,"geocoding":{},"distantMaxMiles":5},"Higüey":{"countryName":"Dominican Republic","stateName":"La Altagracia Province","name":"Higüey","lat":18.7,"lon":-68.66667,"geocoding":{},"distantMaxMiles":5},"Otra Banda":{"countryName":"Dominican Republic","stateName":"La Altagracia Province","name":"Otra Banda","lat":18.65017,"lon":-68.66281,"geocoding":{},"distantMaxMiles":5},"Punta Cana":{"countryName":"Dominican Republic","stateName":"La Altagracia Province","name":"Punta Cana","lat":18.58182,"lon":-68.40431,"geocoding":{},"distantMaxMiles":5},"Salvaleón de Higüey":{"countryName":"Dominican Republic","stateName":"La Altagracia Province","name":"Salvaleón de Higüey","lat":18.61501,"lon":-68.70798,"geocoding":{},"distantMaxMiles":5},"San Rafael del Yuma":{"countryName":"Dominican Republic","stateName":"La Altagracia Province","name":"San Rafael del Yuma","lat":18.42993,"lon":-68.6739,"geocoding":{},"distantMaxMiles":5}}},"La Romana Province":{"countryName":"Dominican Republic","name":"La Romana Province","isoCode":"12","lat":18.4310271,"lon":-68.9837373,"geocoding":{},"distantMaxMiles":5,"cities":{"Guaymate":{"countryName":"Dominican Republic","stateName":"La Romana Province","name":"Guaymate","lat":18.58793,"lon":-68.97867,"geocoding":{},"distantMaxMiles":5},"La Romana":{"countryName":"Dominican Republic","stateName":"La Romana Province","name":"La Romana","lat":18.42733,"lon":-68.97285,"geocoding":{},"distantMaxMiles":5}}},"La Vega Province":{"countryName":"Dominican Republic","name":"La Vega Province","isoCode":"13","lat":19.2211554,"lon":-70.5288753,"geocoding":{},"distantMaxMiles":5,"cities":{"Concepción de La Vega":{"countryName":"Dominican Republic","stateName":"La Vega Province","name":"Concepción de La Vega","lat":19.22207,"lon":-70.52956,"geocoding":{},"distantMaxMiles":5},"Constanza":{"countryName":"Dominican Republic","stateName":"La Vega Province","name":"Constanza","lat":18.90919,"lon":-70.74499,"geocoding":{},"distantMaxMiles":5},"Jarabacoa":{"countryName":"Dominican Republic","stateName":"La Vega Province","name":"Jarabacoa","lat":19.11683,"lon":-70.63595,"geocoding":{},"distantMaxMiles":5},"Jima Abajo":{"countryName":"Dominican Republic","stateName":"La Vega Province","name":"Jima Abajo","lat":19.13292,"lon":-70.37607,"geocoding":{},"distantMaxMiles":5},"Rincón":{"countryName":"Dominican Republic","stateName":"La Vega Province","name":"Rincón","lat":19.11938,"lon":-70.40632,"geocoding":{},"distantMaxMiles":5},"Río Verde Arriba":{"countryName":"Dominican Republic","stateName":"La Vega Province","name":"Río Verde Arriba","lat":19.31583,"lon":-70.56643,"geocoding":{},"distantMaxMiles":5},"Tireo Arriba":{"countryName":"Dominican Republic","stateName":"La Vega Province","name":"Tireo Arriba","lat":18.93537,"lon":-70.6885,"geocoding":{},"distantMaxMiles":5}}},"María Trinidad Sánchez Province":{"countryName":"Dominican Republic","name":"María Trinidad Sánchez Province","isoCode":"14","lat":19.3734597,"lon":-69.8514439,"geocoding":{},"distantMaxMiles":5,"cities":{"Arroyo Salado":{"countryName":"Dominican Republic","stateName":"María Trinidad Sánchez Province","name":"Arroyo Salado","lat":19.5,"lon":-69.9,"geocoding":{},"distantMaxMiles":5},"Cabrera":{"countryName":"Dominican Republic","stateName":"María Trinidad Sánchez Province","name":"Cabrera","lat":19.6426,"lon":-69.90489,"geocoding":{},"distantMaxMiles":5},"El Factor":{"countryName":"Dominican Republic","stateName":"María Trinidad Sánchez Province","name":"El Factor","lat":19.31834,"lon":-69.88827,"geocoding":{},"distantMaxMiles":5},"La Entrada":{"countryName":"Dominican Republic","stateName":"María Trinidad Sánchez Province","name":"La Entrada","lat":19.55367,"lon":-69.90762,"geocoding":{},"distantMaxMiles":5},"Nagua":{"countryName":"Dominican Republic","stateName":"María Trinidad Sánchez Province","name":"Nagua","lat":19.3832,"lon":-69.8474,"geocoding":{},"distantMaxMiles":5},"Río San Juan":{"countryName":"Dominican Republic","stateName":"María Trinidad Sánchez Province","name":"Río San Juan","lat":19.55022,"lon":-70.07703,"geocoding":{},"distantMaxMiles":5}}},"Monseñor Nouel Province":{"countryName":"Dominican Republic","name":"Monseñor Nouel Province","isoCode":"28","lat":18.9215234,"lon":-70.3836815,"geocoding":{},"distantMaxMiles":5,"cities":{"Bonao":{"countryName":"Dominican Republic","stateName":"Monseñor Nouel Province","name":"Bonao","lat":18.91667,"lon":-70.46667,"geocoding":{},"distantMaxMiles":5},"Juan Adrián":{"countryName":"Dominican Republic","stateName":"Monseñor Nouel Province","name":"Juan Adrián","lat":18.76365,"lon":-70.33732,"geocoding":{},"distantMaxMiles":5},"Maimón":{"countryName":"Dominican Republic","stateName":"Monseñor Nouel Province","name":"Maimón","lat":18.88333,"lon":-70.3,"geocoding":{},"distantMaxMiles":5},"Piedra Blanca":{"countryName":"Dominican Republic","stateName":"Monseñor Nouel Province","name":"Piedra Blanca","lat":18.84431,"lon":-70.31688,"geocoding":{},"distantMaxMiles":5},"Sabana del Puerto":{"countryName":"Dominican Republic","stateName":"Monseñor Nouel Province","name":"Sabana del Puerto","lat":19.06667,"lon":-70.41667,"geocoding":{},"distantMaxMiles":5}}},"Monte Cristi Province":{"countryName":"Dominican Republic","name":"Monte Cristi Province","isoCode":"15","lat":19.7396899,"lon":-71.4433984,"geocoding":{},"distantMaxMiles":5,"cities":{"Cana Chapetón":{"countryName":"Dominican Republic","stateName":"Monte Cristi Province","name":"Cana Chapetón","lat":19.60703,"lon":-71.25734,"geocoding":{},"distantMaxMiles":5},"Castañuelas":{"countryName":"Dominican Republic","stateName":"Monte Cristi Province","name":"Castañuelas","lat":19.71387,"lon":-71.49876,"geocoding":{},"distantMaxMiles":5},"Guayubín":{"countryName":"Dominican Republic","stateName":"Monte Cristi Province","name":"Guayubín","lat":19.61667,"lon":-71.33333,"geocoding":{},"distantMaxMiles":5},"Hatillo Palma":{"countryName":"Dominican Republic","stateName":"Monte Cristi Province","name":"Hatillo Palma","lat":19.66256,"lon":-71.19406,"geocoding":{},"distantMaxMiles":5},"Las Matas de Santa Cruz":{"countryName":"Dominican Republic","stateName":"Monte Cristi Province","name":"Las Matas de Santa Cruz","lat":19.67119,"lon":-71.50471,"geocoding":{},"distantMaxMiles":5},"Monte Cristi":{"countryName":"Dominican Republic","stateName":"Monte Cristi Province","name":"Monte Cristi","lat":19.83333,"lon":-71.61667,"geocoding":{},"distantMaxMiles":5},"Pepillo Salcedo":{"countryName":"Dominican Republic","stateName":"Monte Cristi Province","name":"Pepillo Salcedo","lat":19.66667,"lon":-71.66667,"geocoding":{},"distantMaxMiles":5},"San Fernando de Monte Cristi":{"countryName":"Dominican Republic","stateName":"Monte Cristi Province","name":"San Fernando de Monte Cristi","lat":19.84826,"lon":-71.64597,"geocoding":{},"distantMaxMiles":5},"Villa Elisa":{"countryName":"Dominican Republic","stateName":"Monte Cristi Province","name":"Villa Elisa","lat":19.6856,"lon":-71.27007,"geocoding":{},"distantMaxMiles":5},"Villa Vásquez":{"countryName":"Dominican Republic","stateName":"Monte Cristi Province","name":"Villa Vásquez","lat":19.80791,"lon":-71.44,"geocoding":{},"distantMaxMiles":5}}},"Monte Plata Province":{"countryName":"Dominican Republic","name":"Monte Plata Province","isoCode":"29","lat":18.8080878,"lon":-69.7869146,"geocoding":{},"distantMaxMiles":5,"cities":{"Bayaguana":{"countryName":"Dominican Republic","stateName":"Monte Plata Province","name":"Bayaguana","lat":18.78333,"lon":-69.6,"geocoding":{},"distantMaxMiles":5},"Don Juan":{"countryName":"Dominican Republic","stateName":"Monte Plata Province","name":"Don Juan","lat":18.82774,"lon":-69.94629,"geocoding":{},"distantMaxMiles":5},"Esperalvillo":{"countryName":"Dominican Republic","stateName":"Monte Plata Province","name":"Esperalvillo","lat":18.81509,"lon":-70.03557,"geocoding":{},"distantMaxMiles":5},"Gonzalo":{"countryName":"Dominican Republic","stateName":"Monte Plata Province","name":"Gonzalo","lat":18.95147,"lon":-69.75114,"geocoding":{},"distantMaxMiles":5},"Los Botados":{"countryName":"Dominican Republic","stateName":"Monte Plata Province","name":"Los Botados","lat":18.73226,"lon":-69.99536,"geocoding":{},"distantMaxMiles":5},"Majagual":{"countryName":"Dominican Republic","stateName":"Monte Plata Province","name":"Majagual","lat":19.04134,"lon":-69.83616,"geocoding":{},"distantMaxMiles":5},"Monte Plata":{"countryName":"Dominican Republic","stateName":"Monte Plata Province","name":"Monte Plata","lat":18.807,"lon":-69.78399,"geocoding":{},"distantMaxMiles":5},"Sabana Grande de Boyá":{"countryName":"Dominican Republic","stateName":"Monte Plata Province","name":"Sabana Grande de Boyá","lat":18.94498,"lon":-69.79331,"geocoding":{},"distantMaxMiles":5},"Yamasá":{"countryName":"Dominican Republic","stateName":"Monte Plata Province","name":"Yamasá","lat":18.77315,"lon":-70.02583,"geocoding":{},"distantMaxMiles":5}}},"Pedernales Province":{"countryName":"Dominican Republic","name":"Pedernales Province","isoCode":"16","lat":17.8537626,"lon":-71.3303209,"geocoding":{},"distantMaxMiles":5,"cities":{"Juancho":{"countryName":"Dominican Republic","stateName":"Pedernales Province","name":"Juancho","lat":17.85782,"lon":-71.29311,"geocoding":{},"distantMaxMiles":5},"Oviedo":{"countryName":"Dominican Republic","stateName":"Pedernales Province","name":"Oviedo","lat":17.80136,"lon":-71.401,"geocoding":{},"distantMaxMiles":5},"Pedernales":{"countryName":"Dominican Republic","stateName":"Pedernales Province","name":"Pedernales","lat":18.08333,"lon":-71.6,"geocoding":{},"distantMaxMiles":5}}},"Peravia Province":{"countryName":"Dominican Republic","name":"Peravia Province","isoCode":"17","lat":18.2786594,"lon":-70.3335887,"geocoding":{},"distantMaxMiles":5,"cities":{"Baní":{"countryName":"Dominican Republic","stateName":"Peravia Province","name":"Baní","lat":18.27964,"lon":-70.33185,"geocoding":{},"distantMaxMiles":5},"Matanzas":{"countryName":"Dominican Republic","stateName":"Peravia Province","name":"Matanzas","lat":18.24297,"lon":-70.41768,"geocoding":{},"distantMaxMiles":5},"Nizao":{"countryName":"Dominican Republic","stateName":"Peravia Province","name":"Nizao","lat":18.24697,"lon":-70.21053,"geocoding":{},"distantMaxMiles":5},"Paya":{"countryName":"Dominican Republic","stateName":"Peravia Province","name":"Paya","lat":18.26196,"lon":-70.2956,"geocoding":{},"distantMaxMiles":5},"Pizarrete":{"countryName":"Dominican Republic","stateName":"Peravia Province","name":"Pizarrete","lat":18.29935,"lon":-70.22648,"geocoding":{},"distantMaxMiles":5},"Sabana Buey":{"countryName":"Dominican Republic","stateName":"Peravia Province","name":"Sabana Buey","lat":18.27351,"lon":-70.52352,"geocoding":{},"distantMaxMiles":5}}},"Puerto Plata Province":{"countryName":"Dominican Republic","name":"Puerto Plata Province","isoCode":"18","lat":19.7543225,"lon":-70.8332847,"geocoding":{},"distantMaxMiles":5,"cities":{"Altamira":{"countryName":"Dominican Republic","stateName":"Puerto Plata Province","name":"Altamira","lat":19.7,"lon":-70.83333,"geocoding":{},"distantMaxMiles":5},"Cabarete":{"countryName":"Dominican Republic","stateName":"Puerto Plata Province","name":"Cabarete","lat":19.74982,"lon":-70.40829,"geocoding":{},"distantMaxMiles":5},"Estero Hondo":{"countryName":"Dominican Republic","stateName":"Puerto Plata Province","name":"Estero Hondo","lat":19.82712,"lon":-71.17411,"geocoding":{},"distantMaxMiles":5},"Guananico":{"countryName":"Dominican Republic","stateName":"Puerto Plata Province","name":"Guananico","lat":19.72693,"lon":-70.92294,"geocoding":{},"distantMaxMiles":5},"Imbert":{"countryName":"Dominican Republic","stateName":"Puerto Plata Province","name":"Imbert","lat":19.75371,"lon":-70.82906,"geocoding":{},"distantMaxMiles":5},"Los Hidalgos":{"countryName":"Dominican Republic","stateName":"Puerto Plata Province","name":"Los Hidalgos","lat":19.73333,"lon":-71.03333,"geocoding":{},"distantMaxMiles":5},"Luperón":{"countryName":"Dominican Republic","stateName":"Puerto Plata Province","name":"Luperón","lat":19.89131,"lon":-70.96204,"geocoding":{},"distantMaxMiles":5},"Monte Llano":{"countryName":"Dominican Republic","stateName":"Puerto Plata Province","name":"Monte Llano","lat":19.7346,"lon":-70.59915,"geocoding":{},"distantMaxMiles":5},"Puerto Plata":{"countryName":"Dominican Republic","stateName":"Puerto Plata Province","name":"Puerto Plata","lat":19.75119,"lon":-70.70251,"geocoding":{},"distantMaxMiles":5},"Río Grande":{"countryName":"Dominican Republic","stateName":"Puerto Plata Province","name":"Río Grande","lat":19.66667,"lon":-70.76667,"geocoding":{},"distantMaxMiles":5},"Sosúa":{"countryName":"Dominican Republic","stateName":"Puerto Plata Province","name":"Sosúa","lat":19.7522,"lon":-70.51995,"geocoding":{},"distantMaxMiles":5},"Villa Isabela":{"countryName":"Dominican Republic","stateName":"Puerto Plata Province","name":"Villa Isabela","lat":19.81564,"lon":-71.06056,"geocoding":{},"distantMaxMiles":5}}},"Samaná Province":{"countryName":"Dominican Republic","name":"Samaná Province","isoCode":"20","lat":19.2058371,"lon":-69.3362949,"geocoding":{},"distantMaxMiles":5,"cities":{"Las Terrenas":{"countryName":"Dominican Republic","stateName":"Samaná Province","name":"Las Terrenas","lat":19.31102,"lon":-69.5428,"geocoding":{},"distantMaxMiles":5},"Samaná":{"countryName":"Dominican Republic","stateName":"Samaná Province","name":"Samaná","lat":19.20561,"lon":-69.33685,"geocoding":{},"distantMaxMiles":5},"Sánchez":{"countryName":"Dominican Republic","stateName":"Samaná Province","name":"Sánchez","lat":19.2281,"lon":-69.6137,"geocoding":{},"distantMaxMiles":5}}},"San Cristóbal Province":{"countryName":"Dominican Republic","name":"San Cristóbal Province","isoCode":"21","lat":18.4180414,"lon":-70.1065849,"geocoding":{},"distantMaxMiles":5,"cities":{"Bajos de Haina":{"countryName":"Dominican Republic","stateName":"San Cristóbal Province","name":"Bajos de Haina","lat":18.41667,"lon":-70.03333,"geocoding":{},"distantMaxMiles":5},"Cambita Garabitos":{"countryName":"Dominican Republic","stateName":"San Cristóbal Province","name":"Cambita Garabitos","lat":18.5,"lon":-70.23333,"geocoding":{},"distantMaxMiles":5},"El Cacao":{"countryName":"Dominican Republic","stateName":"San Cristóbal Province","name":"El Cacao","lat":18.52719,"lon":-70.29585,"geocoding":{},"distantMaxMiles":5},"El Carril":{"countryName":"Dominican Republic","stateName":"San Cristóbal Province","name":"El Carril","lat":18.44905,"lon":-70.02785,"geocoding":{},"distantMaxMiles":5},"Sabana Grande de Palenque":{"countryName":"Dominican Republic","stateName":"San Cristóbal Province","name":"Sabana Grande de Palenque","lat":18.26256,"lon":-70.14821,"geocoding":{},"distantMaxMiles":5},"San Cristóbal":{"countryName":"Dominican Republic","stateName":"San Cristóbal Province","name":"San Cristóbal","lat":18.41667,"lon":-70.13333,"geocoding":{},"distantMaxMiles":5},"San Gregorio de Nigua":{"countryName":"Dominican Republic","stateName":"San Cristóbal Province","name":"San Gregorio de Nigua","lat":18.38333,"lon":-70.08333,"geocoding":{},"distantMaxMiles":5},"Villa Altagracia":{"countryName":"Dominican Republic","stateName":"San Cristóbal Province","name":"Villa Altagracia","lat":18.63333,"lon":-70.25,"geocoding":{},"distantMaxMiles":5},"Yaguate":{"countryName":"Dominican Republic","stateName":"San Cristóbal Province","name":"Yaguate","lat":18.33333,"lon":-70.18333,"geocoding":{},"distantMaxMiles":5}}},"San José de Ocoa Province":{"countryName":"Dominican Republic","name":"San José de Ocoa Province","isoCode":"31","lat":18.543858,"lon":-70.5041816,"geocoding":{},"distantMaxMiles":5,"cities":{"San José de Ocoa":{"countryName":"Dominican Republic","stateName":"San José de Ocoa Province","name":"San José de Ocoa","lat":18.54661,"lon":-70.50631,"geocoding":{},"distantMaxMiles":5}}},"San Juan Province":{"countryName":"Dominican Republic","name":"San Juan Province","isoCode":"22","lat":-31.5287127,"lon":-68.5360403,"geocoding":{},"distantMaxMiles":5,"cities":{"Bohechío":{"countryName":"Dominican Republic","stateName":"San Juan Province","name":"Bohechío","lat":18.77515,"lon":-70.98889,"geocoding":{},"distantMaxMiles":5},"Cercado Abajo":{"countryName":"Dominican Republic","stateName":"San Juan Province","name":"Cercado Abajo","lat":18.72681,"lon":-71.51742,"geocoding":{},"distantMaxMiles":5},"El Cercado":{"countryName":"Dominican Republic","stateName":"San Juan Province","name":"El Cercado","lat":18.7,"lon":-71.46667,"geocoding":{},"distantMaxMiles":5},"Juan de Herrera":{"countryName":"Dominican Republic","stateName":"San Juan Province","name":"Juan de Herrera","lat":18.87402,"lon":-71.2383,"geocoding":{},"distantMaxMiles":5},"Las Matas de Farfán":{"countryName":"Dominican Republic","stateName":"San Juan Province","name":"Las Matas de Farfán","lat":18.91667,"lon":-71.5,"geocoding":{},"distantMaxMiles":5},"Matayaya":{"countryName":"Dominican Republic","stateName":"San Juan Province","name":"Matayaya","lat":18.89036,"lon":-71.59459,"geocoding":{},"distantMaxMiles":5},"Pedro Corto":{"countryName":"Dominican Republic","stateName":"San Juan Province","name":"Pedro Corto","lat":18.84856,"lon":-71.41041,"geocoding":{},"distantMaxMiles":5},"San Juan de la Maguana":{"countryName":"Dominican Republic","stateName":"San Juan Province","name":"San Juan de la Maguana","lat":18.80588,"lon":-71.22991,"geocoding":{},"distantMaxMiles":5},"Vallejuelo":{"countryName":"Dominican Republic","stateName":"San Juan Province","name":"Vallejuelo","lat":18.65354,"lon":-71.33431,"geocoding":{},"distantMaxMiles":5}}},"San Pedro de Macorís":{"countryName":"Dominican Republic","name":"San Pedro de Macorís","isoCode":"23","lat":18.46266,"lon":-69.3051234,"geocoding":{},"distantMaxMiles":5,"cities":{"El Puerto":{"countryName":"Dominican Republic","stateName":"San Pedro de Macorís","name":"El Puerto","lat":18.78333,"lon":-69.46667,"geocoding":{},"distantMaxMiles":5},"Los Llanos":{"countryName":"Dominican Republic","stateName":"San Pedro de Macorís","name":"Los Llanos","lat":18.62035,"lon":-69.49581,"geocoding":{},"distantMaxMiles":5},"Quisqueya":{"countryName":"Dominican Republic","stateName":"San Pedro de Macorís","name":"Quisqueya","lat":18.55542,"lon":-69.40814,"geocoding":{},"distantMaxMiles":5},"Ramón Santana":{"countryName":"Dominican Republic","stateName":"San Pedro de Macorís","name":"Ramón Santana","lat":18.54224,"lon":-69.17979,"geocoding":{},"distantMaxMiles":5},"San Pedro de Macorís":{"countryName":"Dominican Republic","stateName":"San Pedro de Macorís","name":"San Pedro de Macorís","lat":18.4539,"lon":-69.30864,"geocoding":{},"distantMaxMiles":5}}},"Santiago Province":{"countryName":"Dominican Republic","name":"Santiago Province","isoCode":"25","lat":-33.45,"lon":-70.6667,"geocoding":{},"distantMaxMiles":5,"cities":{"Baitoa":{"countryName":"Dominican Republic","stateName":"Santiago Province","name":"Baitoa","lat":19.32512,"lon":-70.70357,"geocoding":{},"distantMaxMiles":5},"Bisonó":{"countryName":"Dominican Republic","stateName":"Santiago Province","name":"Bisonó","lat":19.58333,"lon":-70.86667,"geocoding":{},"distantMaxMiles":5},"Juncalito Abajo":{"countryName":"Dominican Republic","stateName":"Santiago Province","name":"Juncalito Abajo","lat":19.2199,"lon":-70.81905,"geocoding":{},"distantMaxMiles":5},"La Canela":{"countryName":"Dominican Republic","stateName":"Santiago Province","name":"La Canela","lat":19.47341,"lon":-70.81629,"geocoding":{},"distantMaxMiles":5},"Licey al Medio":{"countryName":"Dominican Republic","stateName":"Santiago Province","name":"Licey al Medio","lat":19.45,"lon":-70.6,"geocoding":{},"distantMaxMiles":5},"Palmar Arriba":{"countryName":"Dominican Republic","stateName":"Santiago Province","name":"Palmar Arriba","lat":19.53957,"lon":-70.73826,"geocoding":{},"distantMaxMiles":5},"Pedro García":{"countryName":"Dominican Republic","stateName":"Santiago Province","name":"Pedro García","lat":19.59202,"lon":-70.65256,"geocoding":{},"distantMaxMiles":5},"Sabana Iglesia":{"countryName":"Dominican Republic","stateName":"Santiago Province","name":"Sabana Iglesia","lat":19.32114,"lon":-70.75992,"geocoding":{},"distantMaxMiles":5},"San José de Las Matas":{"countryName":"Dominican Republic","stateName":"Santiago Province","name":"San José de Las Matas","lat":19.33915,"lon":-70.93819,"geocoding":{},"distantMaxMiles":5},"Santiago de los Caballeros":{"countryName":"Dominican Republic","stateName":"Santiago Province","name":"Santiago de los Caballeros","lat":19.4517,"lon":-70.69703,"geocoding":{},"distantMaxMiles":5},"Santo Tomás de Jánico":{"countryName":"Dominican Republic","stateName":"Santiago Province","name":"Santo Tomás de Jánico","lat":19.23528,"lon":-70.79515,"geocoding":{},"distantMaxMiles":5},"Tamboril":{"countryName":"Dominican Republic","stateName":"Santiago Province","name":"Tamboril","lat":19.48538,"lon":-70.61104,"geocoding":{},"distantMaxMiles":5},"Villa Bisonó":{"countryName":"Dominican Republic","stateName":"Santiago Province","name":"Villa Bisonó","lat":19.56378,"lon":-70.87582,"geocoding":{},"distantMaxMiles":5},"Villa González":{"countryName":"Dominican Republic","stateName":"Santiago Province","name":"Villa González","lat":19.54057,"lon":-70.78853,"geocoding":{},"distantMaxMiles":5}}},"Santiago Rodríguez Province":{"countryName":"Dominican Republic","name":"Santiago Rodríguez Province","isoCode":"26","lat":19.4713181,"lon":-71.3395801,"geocoding":{},"distantMaxMiles":5,"cities":{"Monción":{"countryName":"Dominican Republic","stateName":"Santiago Rodríguez Province","name":"Monción","lat":19.46667,"lon":-71.16667,"geocoding":{},"distantMaxMiles":5},"Sabaneta":{"countryName":"Dominican Republic","stateName":"Santiago Rodríguez Province","name":"Sabaneta","lat":19.47793,"lon":-71.34125,"geocoding":{},"distantMaxMiles":5},"San Ignacio de Sabaneta":{"countryName":"Dominican Republic","stateName":"Santiago Rodríguez Province","name":"San Ignacio de Sabaneta","lat":19.38333,"lon":-71.35,"geocoding":{},"distantMaxMiles":5}}},"Santo Domingo Province":{"countryName":"Dominican Republic","name":"Santo Domingo Province","isoCode":"32","lat":18.5104253,"lon":-69.8404054,"geocoding":{},"distantMaxMiles":5,"cities":{"Boca Chica":{"countryName":"Dominican Republic","stateName":"Santo Domingo Province","name":"Boca Chica","lat":18.45,"lon":-69.6,"geocoding":{},"distantMaxMiles":5},"Santo Domingo Este":{"countryName":"Dominican Republic","stateName":"Santo Domingo Province","name":"Santo Domingo Este","lat":18.48847,"lon":-69.85707,"geocoding":{},"distantMaxMiles":5},"Santo Domingo Oeste":{"countryName":"Dominican Republic","stateName":"Santo Domingo Province","name":"Santo Domingo Oeste","lat":18.5,"lon":-70,"geocoding":{},"distantMaxMiles":5}}},"Sánchez Ramírez Province":{"countryName":"Dominican Republic","name":"Sánchez Ramírez Province","isoCode":"24","lat":19.052706,"lon":-70.1492264,"geocoding":{},"distantMaxMiles":5,"cities":{"Cevicos":{"countryName":"Dominican Republic","stateName":"Sánchez Ramírez Province","name":"Cevicos","lat":19.00449,"lon":-69.97896,"geocoding":{},"distantMaxMiles":5},"Cotuí":{"countryName":"Dominican Republic","stateName":"Sánchez Ramírez Province","name":"Cotuí","lat":19.05272,"lon":-70.14939,"geocoding":{},"distantMaxMiles":5},"Fantino":{"countryName":"Dominican Republic","stateName":"Sánchez Ramírez Province","name":"Fantino","lat":19.11667,"lon":-70.3,"geocoding":{},"distantMaxMiles":5}}},"Valverde Province":{"countryName":"Dominican Republic","name":"Valverde Province","isoCode":"27","lat":19.5881221,"lon":-70.980331,"geocoding":{},"distantMaxMiles":5,"cities":{"Amina":{"countryName":"Dominican Republic","stateName":"Valverde Province","name":"Amina","lat":19.54813,"lon":-70.99599,"geocoding":{},"distantMaxMiles":5},"Esperanza":{"countryName":"Dominican Republic","stateName":"Valverde Province","name":"Esperanza","lat":19.62379,"lon":-70.97141,"geocoding":{},"distantMaxMiles":5},"Guatapanal":{"countryName":"Dominican Republic","stateName":"Valverde Province","name":"Guatapanal","lat":19.50705,"lon":-70.91713,"geocoding":{},"distantMaxMiles":5},"Jaibón":{"countryName":"Dominican Republic","stateName":"Valverde Province","name":"Jaibón","lat":19.61169,"lon":-71.14847,"geocoding":{},"distantMaxMiles":5},"Jicomé":{"countryName":"Dominican Republic","stateName":"Valverde Province","name":"Jicomé","lat":19.64955,"lon":-70.94927,"geocoding":{},"distantMaxMiles":5},"La Caya":{"countryName":"Dominican Republic","stateName":"Valverde Province","name":"La Caya","lat":19.69981,"lon":-71.12084,"geocoding":{},"distantMaxMiles":5},"Laguna Salada":{"countryName":"Dominican Republic","stateName":"Valverde Province","name":"Laguna Salada","lat":19.7,"lon":-71.13333,"geocoding":{},"distantMaxMiles":5},"Maizal":{"countryName":"Dominican Republic","stateName":"Valverde Province","name":"Maizal","lat":19.63655,"lon":-71.02734,"geocoding":{},"distantMaxMiles":5},"Mao":{"countryName":"Dominican Republic","stateName":"Valverde Province","name":"Mao","lat":19.55186,"lon":-71.07813,"geocoding":{},"distantMaxMiles":5}}}}}