{"name":"Lithuania","isoCode":"LT","lat":56,"lon":24,"geocoding":{},"distantMaxMiles":5,"states":{"Akmenė District Municipality":{"countryName":"Lithuania","name":"Akmenė District Municipality","isoCode":"01","lat":56.2455029,"lon":22.7471169,"geocoding":{},"distantMaxMiles":5,"cities":{}},"Alytus City Municipality":{"countryName":"Lithuania","name":"Alytus City Municipality","isoCode":"02","lat":54.3962938,"lon":24.0458761,"geocoding":{},"distantMaxMiles":5,"cities":{"Alytus":{"countryName":"Lithuania","stateName":"Alytus City Municipality","name":"Alytus","lat":54.39635,"lon":24.04142,"geocoding":{},"distantMaxMiles":5},"Daugai":{"countryName":"Lithuania","stateName":"Alytus City Municipality","name":"Daugai","lat":54.36667,"lon":24.33333,"geocoding":{},"distantMaxMiles":5},"Druskininkai":{"countryName":"Lithuania","stateName":"Alytus City Municipality","name":"Druskininkai","lat":54.01573,"lon":23.98703,"geocoding":{},"distantMaxMiles":5},"Lazdijai":{"countryName":"Lithuania","stateName":"Alytus City Municipality","name":"Lazdijai","lat":54.23333,"lon":23.51667,"geocoding":{},"distantMaxMiles":5},"Simnas":{"countryName":"Lithuania","stateName":"Alytus City Municipality","name":"Simnas","lat":54.382,"lon":23.646,"geocoding":{},"distantMaxMiles":5},"Varėna":{"countryName":"Lithuania","stateName":"Alytus City Municipality","name":"Varėna","lat":54.21667,"lon":24.56667,"geocoding":{},"distantMaxMiles":5},"Veisiejai":{"countryName":"Lithuania","stateName":"Alytus City Municipality","name":"Veisiejai","lat":54.1011,"lon":23.69614,"geocoding":{},"distantMaxMiles":5}}},"Alytus County":{"countryName":"Lithuania","name":"Alytus County","isoCode":"AL","lat":54.2000214,"lon":24.1512634,"geocoding":{},"distantMaxMiles":5,"cities":{}},"Alytus District Municipality":{"countryName":"Lithuania","name":"Alytus District Municipality","isoCode":"03","lat":54.3297496,"lon":24.1960931,"geocoding":{},"distantMaxMiles":5,"cities":{}},"Birštonas Municipality":{"countryName":"Lithuania","name":"Birštonas Municipality","isoCode":"05","lat":54.5669664,"lon":24.0093098,"geocoding":{},"distantMaxMiles":5,"cities":{}},"Biržai District Municipality":{"countryName":"Lithuania","name":"Biržai District Municipality","isoCode":"06","lat":56.2017719,"lon":24.7560118,"geocoding":{},"distantMaxMiles":5,"cities":{}},"Druskininkai municipality":{"countryName":"Lithuania","name":"Druskininkai municipality","isoCode":"07","lat":53.9933685,"lon":24.0342438,"geocoding":{},"distantMaxMiles":5,"cities":{}},"Elektrėnai municipality":{"countryName":"Lithuania","name":"Elektrėnai municipality","isoCode":"08","lat":54.7653934,"lon":24.7740583,"geocoding":{},"distantMaxMiles":5,"cities":{}},"Ignalina District Municipality":{"countryName":"Lithuania","name":"Ignalina District Municipality","isoCode":"09","lat":55.4090342,"lon":26.3284893,"geocoding":{},"distantMaxMiles":5,"cities":{}},"Jonava District Municipality":{"countryName":"Lithuania","name":"Jonava District Municipality","isoCode":"10","lat":55.0727242,"lon":24.2793337,"geocoding":{},"distantMaxMiles":5,"cities":{}},"Joniškis District Municipality":{"countryName":"Lithuania","name":"Joniškis District Municipality","isoCode":"11","lat":56.236073,"lon":23.6136579,"geocoding":{},"distantMaxMiles":5,"cities":{}},"Jurbarkas District Municipality":{"countryName":"Lithuania","name":"Jurbarkas District Municipality","isoCode":"12","lat":55.077407,"lon":22.7419569,"geocoding":{},"distantMaxMiles":5,"cities":{}},"Kaišiadorys District Municipality":{"countryName":"Lithuania","name":"Kaišiadorys District Municipality","isoCode":"13","lat":54.8588669,"lon":24.4277929,"geocoding":{},"distantMaxMiles":5,"cities":{}},"Kalvarija municipality":{"countryName":"Lithuania","name":"Kalvarija municipality","isoCode":"14","lat":54.3761674,"lon":23.1920321,"geocoding":{},"distantMaxMiles":5,"cities":{}},"Kaunas City Municipality":{"countryName":"Lithuania","name":"Kaunas City Municipality","isoCode":"15","lat":54.9145326,"lon":23.9053518,"geocoding":{},"distantMaxMiles":5,"cities":{"Akademija (Kaunas)":{"countryName":"Lithuania","stateName":"Kaunas City Municipality","name":"Akademija (Kaunas)","lat":54.8964,"lon":23.82411,"geocoding":{},"distantMaxMiles":5},"Aleksotas":{"countryName":"Lithuania","stateName":"Kaunas City Municipality","name":"Aleksotas","lat":54.88037,"lon":23.90842,"geocoding":{},"distantMaxMiles":5},"Ariogala":{"countryName":"Lithuania","stateName":"Kaunas City Municipality","name":"Ariogala","lat":55.262,"lon":23.477,"geocoding":{},"distantMaxMiles":5},"Birštonas":{"countryName":"Lithuania","stateName":"Kaunas City Municipality","name":"Birštonas","lat":54.61667,"lon":24.03333,"geocoding":{},"distantMaxMiles":5},"Dainava (Kaunas)":{"countryName":"Lithuania","stateName":"Kaunas City Municipality","name":"Dainava (Kaunas)","lat":54.91525,"lon":23.96831,"geocoding":{},"distantMaxMiles":5},"Eiguliai":{"countryName":"Lithuania","stateName":"Kaunas City Municipality","name":"Eiguliai","lat":54.93133,"lon":23.93243,"geocoding":{},"distantMaxMiles":5},"Ežerėlis":{"countryName":"Lithuania","stateName":"Kaunas City Municipality","name":"Ežerėlis","lat":54.88315,"lon":23.60396,"geocoding":{},"distantMaxMiles":5},"Garliava":{"countryName":"Lithuania","stateName":"Kaunas City Municipality","name":"Garliava","lat":54.82139,"lon":23.8713,"geocoding":{},"distantMaxMiles":5},"Jieznas":{"countryName":"Lithuania","stateName":"Kaunas City Municipality","name":"Jieznas","lat":54.59937,"lon":24.17593,"geocoding":{},"distantMaxMiles":5},"Jonava":{"countryName":"Lithuania","stateName":"Kaunas City Municipality","name":"Jonava","lat":55.08333,"lon":24.28333,"geocoding":{},"distantMaxMiles":5},"Kaišiadorys":{"countryName":"Lithuania","stateName":"Kaunas City Municipality","name":"Kaišiadorys","lat":54.86667,"lon":24.45,"geocoding":{},"distantMaxMiles":5},"Karmėlava":{"countryName":"Lithuania","stateName":"Kaunas City Municipality","name":"Karmėlava","lat":54.97055,"lon":24.06182,"geocoding":{},"distantMaxMiles":5},"Kaunas":{"countryName":"Lithuania","stateName":"Kaunas City Municipality","name":"Kaunas","lat":54.90272,"lon":23.90961,"geocoding":{},"distantMaxMiles":5},"Kulautuva":{"countryName":"Lithuania","stateName":"Kaunas City Municipality","name":"Kulautuva","lat":54.94212,"lon":23.64218,"geocoding":{},"distantMaxMiles":5},"Kėdainiai":{"countryName":"Lithuania","stateName":"Kaunas City Municipality","name":"Kėdainiai","lat":55.28333,"lon":23.96667,"geocoding":{},"distantMaxMiles":5},"Mastaiciai":{"countryName":"Lithuania","stateName":"Kaunas City Municipality","name":"Mastaiciai","lat":54.81998,"lon":23.84462,"geocoding":{},"distantMaxMiles":5},"Prienai":{"countryName":"Lithuania","stateName":"Kaunas City Municipality","name":"Prienai","lat":54.63333,"lon":23.95,"geocoding":{},"distantMaxMiles":5},"Ramučiai":{"countryName":"Lithuania","stateName":"Kaunas City Municipality","name":"Ramučiai","lat":54.9483,"lon":24.0305,"geocoding":{},"distantMaxMiles":5},"Raseiniai":{"countryName":"Lithuania","stateName":"Kaunas City Municipality","name":"Raseiniai","lat":55.36667,"lon":23.11667,"geocoding":{},"distantMaxMiles":5},"Sargėnai":{"countryName":"Lithuania","stateName":"Kaunas City Municipality","name":"Sargėnai","lat":54.94933,"lon":23.88316,"geocoding":{},"distantMaxMiles":5},"Vilkija":{"countryName":"Lithuania","stateName":"Kaunas City Municipality","name":"Vilkija","lat":55.04609,"lon":23.58552,"geocoding":{},"distantMaxMiles":5},"Šilainiai":{"countryName":"Lithuania","stateName":"Kaunas City Municipality","name":"Šilainiai","lat":54.92911,"lon":23.88599,"geocoding":{},"distantMaxMiles":5},"Žiežmariai":{"countryName":"Lithuania","stateName":"Kaunas City Municipality","name":"Žiežmariai","lat":54.80725,"lon":24.44073,"geocoding":{},"distantMaxMiles":5}}},"Kaunas County":{"countryName":"Lithuania","name":"Kaunas County","isoCode":"KU","lat":54.9872863,"lon":23.9525736,"geocoding":{},"distantMaxMiles":5,"cities":{}},"Kaunas District Municipality":{"countryName":"Lithuania","name":"Kaunas District Municipality","isoCode":"16","lat":54.9936236,"lon":23.6324941,"geocoding":{},"distantMaxMiles":5,"cities":{}},"Kazlų Rūda municipality":{"countryName":"Lithuania","name":"Kazlų Rūda municipality","isoCode":"17","lat":54.7807526,"lon":23.4840243,"geocoding":{},"distantMaxMiles":5,"cities":{}},"Kelmė District Municipality":{"countryName":"Lithuania","name":"Kelmė District Municipality","isoCode":"19","lat":55.6266352,"lon":22.878172,"geocoding":{},"distantMaxMiles":5,"cities":{}},"Klaipeda City Municipality":{"countryName":"Lithuania","name":"Klaipeda City Municipality","isoCode":"20","lat":55.7032948,"lon":21.1442795,"geocoding":{},"distantMaxMiles":5,"cities":{}},"Klaipėda County":{"countryName":"Lithuania","name":"Klaipėda County","isoCode":"KL","lat":55.6519744,"lon":21.3743956,"geocoding":{},"distantMaxMiles":5,"cities":{}},"Klaipėda District Municipality":{"countryName":"Lithuania","name":"Klaipėda District Municipality","isoCode":"21","lat":55.6841615,"lon":21.4416464,"geocoding":{},"distantMaxMiles":5,"cities":{"Gargždai":{"countryName":"Lithuania","stateName":"Klaipėda District Municipality","name":"Gargždai","lat":55.70951,"lon":21.39441,"geocoding":{},"distantMaxMiles":5},"Klaipėda":{"countryName":"Lithuania","stateName":"Klaipėda District Municipality","name":"Klaipėda","lat":55.71667,"lon":21.11667,"geocoding":{},"distantMaxMiles":5},"Kretinga":{"countryName":"Lithuania","stateName":"Klaipėda District Municipality","name":"Kretinga","lat":55.8888,"lon":21.24448,"geocoding":{},"distantMaxMiles":5},"Neringa":{"countryName":"Lithuania","stateName":"Klaipėda District Municipality","name":"Neringa","lat":55.36667,"lon":21.06667,"geocoding":{},"distantMaxMiles":5},"Nida":{"countryName":"Lithuania","stateName":"Klaipėda District Municipality","name":"Nida","lat":55.3086,"lon":20.99651,"geocoding":{},"distantMaxMiles":5},"Palanga":{"countryName":"Lithuania","stateName":"Klaipėda District Municipality","name":"Palanga","lat":55.9175,"lon":21.06861,"geocoding":{},"distantMaxMiles":5},"Priekulė":{"countryName":"Lithuania","stateName":"Klaipėda District Municipality","name":"Priekulė","lat":55.55427,"lon":21.31903,"geocoding":{},"distantMaxMiles":5},"Rusnė":{"countryName":"Lithuania","stateName":"Klaipėda District Municipality","name":"Rusnė","lat":55.2982,"lon":21.3712,"geocoding":{},"distantMaxMiles":5},"Salantai":{"countryName":"Lithuania","stateName":"Klaipėda District Municipality","name":"Salantai","lat":56.0565,"lon":21.5689,"geocoding":{},"distantMaxMiles":5},"Silute":{"countryName":"Lithuania","stateName":"Klaipėda District Municipality","name":"Silute","lat":55.34889,"lon":21.48306,"geocoding":{},"distantMaxMiles":5},"Skuodas":{"countryName":"Lithuania","stateName":"Klaipėda District Municipality","name":"Skuodas","lat":56.26667,"lon":21.53333,"geocoding":{},"distantMaxMiles":5},"Šventoji":{"countryName":"Lithuania","stateName":"Klaipėda District Municipality","name":"Šventoji","lat":56.0261,"lon":21.08411,"geocoding":{},"distantMaxMiles":5},"Žemaičių Naumiestis":{"countryName":"Lithuania","stateName":"Klaipėda District Municipality","name":"Žemaičių Naumiestis","lat":55.35941,"lon":21.70364,"geocoding":{},"distantMaxMiles":5}}},"Kretinga District Municipality":{"countryName":"Lithuania","name":"Kretinga District Municipality","isoCode":"22","lat":55.883842,"lon":21.2350919,"geocoding":{},"distantMaxMiles":5,"cities":{}},"Kupiškis District Municipality":{"countryName":"Lithuania","name":"Kupiškis District Municipality","isoCode":"23","lat":55.8428741,"lon":25.0295816,"geocoding":{},"distantMaxMiles":5,"cities":{}},"Kėdainiai District Municipality":{"countryName":"Lithuania","name":"Kėdainiai District Municipality","isoCode":"18","lat":55.3560947,"lon":23.9832683,"geocoding":{},"distantMaxMiles":5,"cities":{}},"Lazdijai District Municipality":{"countryName":"Lithuania","name":"Lazdijai District Municipality","isoCode":"24","lat":54.2343267,"lon":23.5156505,"geocoding":{},"distantMaxMiles":5,"cities":{}},"Marijampolė County":{"countryName":"Lithuania","name":"Marijampolė County","isoCode":"MR","lat":54.7819971,"lon":23.1341365,"geocoding":{},"distantMaxMiles":5,"cities":{}},"Marijampolė Municipality":{"countryName":"Lithuania","name":"Marijampolė Municipality","isoCode":"25","lat":54.5711094,"lon":23.4859371,"geocoding":{},"distantMaxMiles":5,"cities":{"Gelgaudiškis":{"countryName":"Lithuania","stateName":"Marijampolė Municipality","name":"Gelgaudiškis","lat":55.07688,"lon":22.97699,"geocoding":{},"distantMaxMiles":5},"Kalvarija":{"countryName":"Lithuania","stateName":"Marijampolė Municipality","name":"Kalvarija","lat":54.417,"lon":23.223,"geocoding":{},"distantMaxMiles":5},"Kalvarija Municipality":{"countryName":"Lithuania","stateName":"Marijampolė Municipality","name":"Kalvarija Municipality","lat":54.41468,"lon":23.22484,"geocoding":{},"distantMaxMiles":5},"Kazlų Rūda":{"countryName":"Lithuania","stateName":"Marijampolė Municipality","name":"Kazlų Rūda","lat":54.749,"lon":23.49,"geocoding":{},"distantMaxMiles":5},"Kazlų Rūda Municipality":{"countryName":"Lithuania","stateName":"Marijampolė Municipality","name":"Kazlų Rūda Municipality","lat":54.74751,"lon":23.49272,"geocoding":{},"distantMaxMiles":5},"Kudirkos Naumiestis":{"countryName":"Lithuania","stateName":"Marijampolė Municipality","name":"Kudirkos Naumiestis","lat":54.77353,"lon":22.86138,"geocoding":{},"distantMaxMiles":5},"Kybartai":{"countryName":"Lithuania","stateName":"Marijampolė Municipality","name":"Kybartai","lat":54.63858,"lon":22.76316,"geocoding":{},"distantMaxMiles":5},"Marijampolė":{"countryName":"Lithuania","stateName":"Marijampolė Municipality","name":"Marijampolė","lat":54.55991,"lon":23.35412,"geocoding":{},"distantMaxMiles":5},"Marijampolė Municipality":{"countryName":"Lithuania","stateName":"Marijampolė Municipality","name":"Marijampolė Municipality","lat":54.56667,"lon":23.35,"geocoding":{},"distantMaxMiles":5},"Sakiai":{"countryName":"Lithuania","stateName":"Marijampolė Municipality","name":"Sakiai","lat":54.95,"lon":23.05,"geocoding":{},"distantMaxMiles":5},"Vilkaviskis":{"countryName":"Lithuania","stateName":"Marijampolė Municipality","name":"Vilkaviskis","lat":54.65167,"lon":23.03222,"geocoding":{},"distantMaxMiles":5},"Vilkaviškis District Municipality":{"countryName":"Lithuania","stateName":"Marijampolė Municipality","name":"Vilkaviškis District Municipality","lat":54.65,"lon":23.03333,"geocoding":{},"distantMaxMiles":5},"Virbalis":{"countryName":"Lithuania","stateName":"Marijampolė Municipality","name":"Virbalis","lat":54.62858,"lon":22.82272,"geocoding":{},"distantMaxMiles":5}}},"Mažeikiai District Municipality":{"countryName":"Lithuania","name":"Mažeikiai District Municipality","isoCode":"26","lat":56.3092439,"lon":22.341468,"geocoding":{},"distantMaxMiles":5,"cities":{}},"Molėtai District Municipality":{"countryName":"Lithuania","name":"Molėtai District Municipality","isoCode":"27","lat":55.2265309,"lon":25.4180011,"geocoding":{},"distantMaxMiles":5,"cities":{}},"Neringa Municipality":{"countryName":"Lithuania","name":"Neringa Municipality","isoCode":"28","lat":55.4572403,"lon":21.0839005,"geocoding":{},"distantMaxMiles":5,"cities":{}},"Pagėgiai municipality":{"countryName":"Lithuania","name":"Pagėgiai municipality","isoCode":"29","lat":55.172132,"lon":21.9683614,"geocoding":{},"distantMaxMiles":5,"cities":{}},"Pakruojis District Municipality":{"countryName":"Lithuania","name":"Pakruojis District Municipality","isoCode":"30","lat":56.0732605,"lon":23.9389906,"geocoding":{},"distantMaxMiles":5,"cities":{}},"Palanga City Municipality":{"countryName":"Lithuania","name":"Palanga City Municipality","isoCode":"31","lat":55.920198,"lon":21.0677614,"geocoding":{},"distantMaxMiles":5,"cities":{}},"Panevėžys City Municipality":{"countryName":"Lithuania","name":"Panevėžys City Municipality","isoCode":"32","lat":55.7347915,"lon":24.3574774,"geocoding":{},"distantMaxMiles":5,"cities":{}},"Panevėžys County":{"countryName":"Lithuania","name":"Panevėžys County","isoCode":"PN","lat":55.9748049,"lon":25.0794767,"geocoding":{},"distantMaxMiles":5,"cities":{}},"Panevėžys District Municipality":{"countryName":"Lithuania","name":"Panevėžys District Municipality","isoCode":"33","lat":55.6166728,"lon":24.3142283,"geocoding":{},"distantMaxMiles":5,"cities":{"Birzai":{"countryName":"Lithuania","stateName":"Panevėžys District Municipality","name":"Birzai","lat":56.2,"lon":24.75,"geocoding":{},"distantMaxMiles":5},"Juodupė":{"countryName":"Lithuania","stateName":"Panevėžys District Municipality","name":"Juodupė","lat":56.087,"lon":25.607,"geocoding":{},"distantMaxMiles":5},"Kupiskis":{"countryName":"Lithuania","stateName":"Panevėžys District Municipality","name":"Kupiskis","lat":55.84027,"lon":24.97976,"geocoding":{},"distantMaxMiles":5},"Obeliai":{"countryName":"Lithuania","stateName":"Panevėžys District Municipality","name":"Obeliai","lat":55.96895,"lon":25.15648,"geocoding":{},"distantMaxMiles":5},"Panevėžys":{"countryName":"Lithuania","stateName":"Panevėžys District Municipality","name":"Panevėžys","lat":55.73333,"lon":24.35,"geocoding":{},"distantMaxMiles":5},"Panevėžys City":{"countryName":"Lithuania","stateName":"Panevėžys District Municipality","name":"Panevėžys City","lat":55.736,"lon":24.34347,"geocoding":{},"distantMaxMiles":5},"Panevėžys District Municipality":{"countryName":"Lithuania","stateName":"Panevėžys District Municipality","name":"Panevėžys District Municipality","lat":55.73301,"lon":24.37609,"geocoding":{},"distantMaxMiles":5},"Pasvalys":{"countryName":"Lithuania","stateName":"Panevėžys District Municipality","name":"Pasvalys","lat":56.06667,"lon":24.4,"geocoding":{},"distantMaxMiles":5},"Ramygala":{"countryName":"Lithuania","stateName":"Panevėžys District Municipality","name":"Ramygala","lat":55.514,"lon":24.3,"geocoding":{},"distantMaxMiles":5},"Rokiškis":{"countryName":"Lithuania","stateName":"Panevėžys District Municipality","name":"Rokiškis","lat":55.96667,"lon":25.58333,"geocoding":{},"distantMaxMiles":5},"Vabalninkas":{"countryName":"Lithuania","stateName":"Panevėžys District Municipality","name":"Vabalninkas","lat":55.98151,"lon":24.74828,"geocoding":{},"distantMaxMiles":5}}},"Pasvalys District Municipality":{"countryName":"Lithuania","name":"Pasvalys District Municipality","isoCode":"34","lat":56.0604619,"lon":24.396291,"geocoding":{},"distantMaxMiles":5,"cities":{}},"Plungė District Municipality":{"countryName":"Lithuania","name":"Plungė District Municipality","isoCode":"35","lat":55.910784,"lon":21.8454069,"geocoding":{},"distantMaxMiles":5,"cities":{}},"Prienai District Municipality":{"countryName":"Lithuania","name":"Prienai District Municipality","isoCode":"36","lat":54.638358,"lon":23.9468009,"geocoding":{},"distantMaxMiles":5,"cities":{}},"Radviliškis District Municipality":{"countryName":"Lithuania","name":"Radviliškis District Municipality","isoCode":"37","lat":55.8108399,"lon":23.546487,"geocoding":{},"distantMaxMiles":5,"cities":{}},"Raseiniai District Municipality":{"countryName":"Lithuania","name":"Raseiniai District Municipality","isoCode":"38","lat":55.3819499,"lon":23.1156129,"geocoding":{},"distantMaxMiles":5,"cities":{}},"Rietavas municipality":{"countryName":"Lithuania","name":"Rietavas municipality","isoCode":"39","lat":55.7021719,"lon":21.9986564,"geocoding":{},"distantMaxMiles":5,"cities":{}},"Rokiškis District Municipality":{"countryName":"Lithuania","name":"Rokiškis District Municipality","isoCode":"40","lat":55.9555039,"lon":25.5859249,"geocoding":{},"distantMaxMiles":5,"cities":{}},"Skuodas District Municipality":{"countryName":"Lithuania","name":"Skuodas District Municipality","isoCode":"48","lat":56.2702169,"lon":21.5214331,"geocoding":{},"distantMaxMiles":5,"cities":{}},"Tauragė County":{"countryName":"Lithuania","name":"Tauragė County","isoCode":"TA","lat":55.3072586,"lon":22.3572939,"geocoding":{},"distantMaxMiles":5,"cities":{"Būgai":{"countryName":"Lithuania","stateName":"Tauragė County","name":"Būgai","lat":55.41387,"lon":22.60894,"geocoding":{},"distantMaxMiles":5},"Jurbarkas":{"countryName":"Lithuania","stateName":"Tauragė County","name":"Jurbarkas","lat":55.10859,"lon":22.79885,"geocoding":{},"distantMaxMiles":5},"Pagėgiai":{"countryName":"Lithuania","stateName":"Tauragė County","name":"Pagėgiai","lat":55.134,"lon":21.90446,"geocoding":{},"distantMaxMiles":5},"Taurage":{"countryName":"Lithuania","stateName":"Tauragė County","name":"Taurage","lat":55.25222,"lon":22.28972,"geocoding":{},"distantMaxMiles":5},"Šilalė":{"countryName":"Lithuania","stateName":"Tauragė County","name":"Šilalė","lat":55.46667,"lon":22.2,"geocoding":{},"distantMaxMiles":5}}},"Tauragė District Municipality":{"countryName":"Lithuania","name":"Tauragė District Municipality","isoCode":"50","lat":55.250366,"lon":22.29095,"geocoding":{},"distantMaxMiles":5,"cities":{}},"Telšiai County":{"countryName":"Lithuania","name":"Telšiai County","isoCode":"TE","lat":56.1026616,"lon":22.1113915,"geocoding":{},"distantMaxMiles":5,"cities":{}},"Telšiai District Municipality":{"countryName":"Lithuania","name":"Telšiai District Municipality","isoCode":"51","lat":55.9175215,"lon":22.345184,"geocoding":{},"distantMaxMiles":5,"cities":{"Mazeikiai":{"countryName":"Lithuania","stateName":"Telšiai District Municipality","name":"Mazeikiai","lat":56.31667,"lon":22.33333,"geocoding":{},"distantMaxMiles":5},"Plateliai":{"countryName":"Lithuania","stateName":"Telšiai District Municipality","name":"Plateliai","lat":56.04657,"lon":21.81615,"geocoding":{},"distantMaxMiles":5},"Plunge":{"countryName":"Lithuania","stateName":"Telšiai District Municipality","name":"Plunge","lat":55.91139,"lon":21.84417,"geocoding":{},"distantMaxMiles":5},"Rietavas":{"countryName":"Lithuania","stateName":"Telšiai District Municipality","name":"Rietavas","lat":55.72375,"lon":21.93266,"geocoding":{},"distantMaxMiles":5},"Seda":{"countryName":"Lithuania","stateName":"Telšiai District Municipality","name":"Seda","lat":56.16854,"lon":22.09071,"geocoding":{},"distantMaxMiles":5},"Telsiai":{"countryName":"Lithuania","stateName":"Telšiai District Municipality","name":"Telsiai","lat":55.98139,"lon":22.24722,"geocoding":{},"distantMaxMiles":5},"Varniai":{"countryName":"Lithuania","stateName":"Telšiai District Municipality","name":"Varniai","lat":55.74435,"lon":22.37251,"geocoding":{},"distantMaxMiles":5},"Viekšniai":{"countryName":"Lithuania","stateName":"Telšiai District Municipality","name":"Viekšniai","lat":56.23598,"lon":22.51667,"geocoding":{},"distantMaxMiles":5}}},"Trakai District Municipality":{"countryName":"Lithuania","name":"Trakai District Municipality","isoCode":"52","lat":54.6379113,"lon":24.9346894,"geocoding":{},"distantMaxMiles":5,"cities":{}},"Ukmergė District Municipality":{"countryName":"Lithuania","name":"Ukmergė District Municipality","isoCode":"53","lat":55.245265,"lon":24.7760749,"geocoding":{},"distantMaxMiles":5,"cities":{}},"Utena County":{"countryName":"Lithuania","name":"Utena County","isoCode":"UT","lat":55.5318969,"lon":25.7904699,"geocoding":{},"distantMaxMiles":5,"cities":{"Anyksciai":{"countryName":"Lithuania","stateName":"Utena County","name":"Anyksciai","lat":55.52557,"lon":25.10264,"geocoding":{},"distantMaxMiles":5},"Dūkštas":{"countryName":"Lithuania","stateName":"Utena County","name":"Dūkštas","lat":55.522,"lon":26.321,"geocoding":{},"distantMaxMiles":5},"Ignalina":{"countryName":"Lithuania","stateName":"Utena County","name":"Ignalina","lat":55.35,"lon":26.16667,"geocoding":{},"distantMaxMiles":5},"Moletai":{"countryName":"Lithuania","stateName":"Utena County","name":"Moletai","lat":55.23333,"lon":25.41667,"geocoding":{},"distantMaxMiles":5},"Utena":{"countryName":"Lithuania","stateName":"Utena County","name":"Utena","lat":55.49764,"lon":25.59918,"geocoding":{},"distantMaxMiles":5},"Visaginas":{"countryName":"Lithuania","stateName":"Utena County","name":"Visaginas","lat":55.6,"lon":26.41667,"geocoding":{},"distantMaxMiles":5},"Zarasai":{"countryName":"Lithuania","stateName":"Utena County","name":"Zarasai","lat":55.73333,"lon":26.25,"geocoding":{},"distantMaxMiles":5}}},"Utena District Municipality":{"countryName":"Lithuania","name":"Utena District Municipality","isoCode":"54","lat":55.5084614,"lon":25.6832642,"geocoding":{},"distantMaxMiles":5,"cities":{}},"Varėna District Municipality":{"countryName":"Lithuania","name":"Varėna District Municipality","isoCode":"55","lat":54.220333,"lon":24.578997,"geocoding":{},"distantMaxMiles":5,"cities":{}},"Vilkaviškis District Municipality":{"countryName":"Lithuania","name":"Vilkaviškis District Municipality","isoCode":"56","lat":54.651945,"lon":23.035155,"geocoding":{},"distantMaxMiles":5,"cities":{}},"Vilnius City Municipality":{"countryName":"Lithuania","name":"Vilnius City Municipality","isoCode":"57","lat":54.6710761,"lon":25.2878721,"geocoding":{},"distantMaxMiles":5,"cities":{"Aukstadvaris":{"countryName":"Lithuania","stateName":"Vilnius City Municipality","name":"Aukstadvaris","lat":54.57946,"lon":24.52683,"geocoding":{},"distantMaxMiles":5},"Baltoji Vokė":{"countryName":"Lithuania","stateName":"Vilnius City Municipality","name":"Baltoji Vokė","lat":54.60002,"lon":25.19318,"geocoding":{},"distantMaxMiles":5},"Eišiškės":{"countryName":"Lithuania","stateName":"Vilnius City Municipality","name":"Eišiškės","lat":54.17414,"lon":24.99917,"geocoding":{},"distantMaxMiles":5},"Elektrėnai":{"countryName":"Lithuania","stateName":"Vilnius City Municipality","name":"Elektrėnai","lat":54.78544,"lon":24.66302,"geocoding":{},"distantMaxMiles":5},"Fabijoniškės":{"countryName":"Lithuania","stateName":"Vilnius City Municipality","name":"Fabijoniškės","lat":54.73333,"lon":25.24167,"geocoding":{},"distantMaxMiles":5},"Grigiškės":{"countryName":"Lithuania","stateName":"Vilnius City Municipality","name":"Grigiškės","lat":54.68333,"lon":25.08333,"geocoding":{},"distantMaxMiles":5},"Justiniškės":{"countryName":"Lithuania","stateName":"Vilnius City Municipality","name":"Justiniškės","lat":54.71664,"lon":25.2174,"geocoding":{},"distantMaxMiles":5},"Lazdynai":{"countryName":"Lithuania","stateName":"Vilnius City Municipality","name":"Lazdynai","lat":54.66815,"lon":25.20684,"geocoding":{},"distantMaxMiles":5},"Lentvaris":{"countryName":"Lithuania","stateName":"Vilnius City Municipality","name":"Lentvaris","lat":54.64364,"lon":25.05162,"geocoding":{},"distantMaxMiles":5},"Naujamiestis":{"countryName":"Lithuania","stateName":"Vilnius City Municipality","name":"Naujamiestis","lat":54.67951,"lon":25.26855,"geocoding":{},"distantMaxMiles":5},"Nemenčinė":{"countryName":"Lithuania","stateName":"Vilnius City Municipality","name":"Nemenčinė","lat":54.84776,"lon":25.46992,"geocoding":{},"distantMaxMiles":5},"Pabradė":{"countryName":"Lithuania","stateName":"Vilnius City Municipality","name":"Pabradė","lat":54.981,"lon":25.761,"geocoding":{},"distantMaxMiles":5},"Pašilaičiai":{"countryName":"Lithuania","stateName":"Vilnius City Municipality","name":"Pašilaičiai","lat":54.73429,"lon":25.21912,"geocoding":{},"distantMaxMiles":5},"Pilaitė":{"countryName":"Lithuania","stateName":"Vilnius City Municipality","name":"Pilaitė","lat":54.69981,"lon":25.18393,"geocoding":{},"distantMaxMiles":5},"Rasos":{"countryName":"Lithuania","stateName":"Vilnius City Municipality","name":"Rasos","lat":54.67877,"lon":25.31173,"geocoding":{},"distantMaxMiles":5},"Rūdiškės":{"countryName":"Lithuania","stateName":"Vilnius City Municipality","name":"Rūdiškės","lat":54.51609,"lon":24.83084,"geocoding":{},"distantMaxMiles":5},"Senieji Trakai":{"countryName":"Lithuania","stateName":"Vilnius City Municipality","name":"Senieji Trakai","lat":54.609,"lon":24.98,"geocoding":{},"distantMaxMiles":5},"Sirvintos":{"countryName":"Lithuania","stateName":"Vilnius City Municipality","name":"Sirvintos","lat":55.05,"lon":24.95,"geocoding":{},"distantMaxMiles":5},"Skaidiškės":{"countryName":"Lithuania","stateName":"Vilnius City Municipality","name":"Skaidiškės","lat":54.61398,"lon":25.39573,"geocoding":{},"distantMaxMiles":5},"Svencionys":{"countryName":"Lithuania","stateName":"Vilnius City Municipality","name":"Svencionys","lat":55.15,"lon":26.16667,"geocoding":{},"distantMaxMiles":5},"Trakai":{"countryName":"Lithuania","stateName":"Vilnius City Municipality","name":"Trakai","lat":54.63783,"lon":24.93433,"geocoding":{},"distantMaxMiles":5},"Ukmerge":{"countryName":"Lithuania","stateName":"Vilnius City Municipality","name":"Ukmerge","lat":55.25,"lon":24.75,"geocoding":{},"distantMaxMiles":5},"Vievis":{"countryName":"Lithuania","stateName":"Vilnius City Municipality","name":"Vievis","lat":54.76667,"lon":24.8,"geocoding":{},"distantMaxMiles":5},"Vilkpėdė":{"countryName":"Lithuania","stateName":"Vilnius City Municipality","name":"Vilkpėdė","lat":54.66969,"lon":25.2477,"geocoding":{},"distantMaxMiles":5},"Vilnius":{"countryName":"Lithuania","stateName":"Vilnius City Municipality","name":"Vilnius","lat":54.68916,"lon":25.2798,"geocoding":{},"distantMaxMiles":5},"Vilnius District Municipality":{"countryName":"Lithuania","stateName":"Vilnius City Municipality","name":"Vilnius District Municipality","lat":54.73333,"lon":25.38333,"geocoding":{},"distantMaxMiles":5},"Šalčininkai":{"countryName":"Lithuania","stateName":"Vilnius City Municipality","name":"Šalčininkai","lat":54.3,"lon":25.38333,"geocoding":{},"distantMaxMiles":5},"Šeškinė":{"countryName":"Lithuania","stateName":"Vilnius City Municipality","name":"Šeškinė","lat":54.70972,"lon":25.25053,"geocoding":{},"distantMaxMiles":5},"Švenčionėliai":{"countryName":"Lithuania","stateName":"Vilnius City Municipality","name":"Švenčionėliai","lat":55.16163,"lon":26.00177,"geocoding":{},"distantMaxMiles":5}}},"Vilnius County":{"countryName":"Lithuania","name":"Vilnius County","isoCode":"VL","lat":54.8086502,"lon":25.2182139,"geocoding":{},"distantMaxMiles":5,"cities":{}},"Vilnius District Municipality":{"countryName":"Lithuania","name":"Vilnius District Municipality","isoCode":"58","lat":54.7732578,"lon":25.5867113,"geocoding":{},"distantMaxMiles":5,"cities":{}},"Visaginas Municipality":{"countryName":"Lithuania","name":"Visaginas Municipality","isoCode":"59","lat":55.594118,"lon":26.4307954,"geocoding":{},"distantMaxMiles":5,"cities":{}},"Zarasai District Municipality":{"countryName":"Lithuania","name":"Zarasai District Municipality","isoCode":"60","lat":55.7309609,"lon":26.245295,"geocoding":{},"distantMaxMiles":5,"cities":{}},"Šakiai District Municipality":{"countryName":"Lithuania","name":"Šakiai District Municipality","isoCode":"41","lat":54.952671,"lon":23.0480199,"geocoding":{},"distantMaxMiles":5,"cities":{}},"Šalčininkai District Municipality":{"countryName":"Lithuania","name":"Šalčininkai District Municipality","isoCode":"42","lat":54.309767,"lon":25.387564,"geocoding":{},"distantMaxMiles":5,"cities":{}},"Šiauliai City Municipality":{"countryName":"Lithuania","name":"Šiauliai City Municipality","isoCode":"43","lat":55.9349085,"lon":23.3136823,"geocoding":{},"distantMaxMiles":5,"cities":{"Akmenė":{"countryName":"Lithuania","stateName":"Šiauliai City Municipality","name":"Akmenė","lat":56.25,"lon":22.75,"geocoding":{},"distantMaxMiles":5},"Joniškis":{"countryName":"Lithuania","stateName":"Šiauliai City Municipality","name":"Joniškis","lat":56.23333,"lon":23.61667,"geocoding":{},"distantMaxMiles":5},"Kelmė":{"countryName":"Lithuania","stateName":"Šiauliai City Municipality","name":"Kelmė","lat":55.63333,"lon":22.93333,"geocoding":{},"distantMaxMiles":5},"Kuršėnai":{"countryName":"Lithuania","stateName":"Šiauliai City Municipality","name":"Kuršėnai","lat":56.00318,"lon":22.93662,"geocoding":{},"distantMaxMiles":5},"Linkuva":{"countryName":"Lithuania","stateName":"Šiauliai City Municipality","name":"Linkuva","lat":56.08596,"lon":23.97061,"geocoding":{},"distantMaxMiles":5},"Naujoji Akmene":{"countryName":"Lithuania","stateName":"Šiauliai City Municipality","name":"Naujoji Akmene","lat":56.31667,"lon":22.9,"geocoding":{},"distantMaxMiles":5},"Pakruojis":{"countryName":"Lithuania","stateName":"Šiauliai City Municipality","name":"Pakruojis","lat":55.96667,"lon":23.86667,"geocoding":{},"distantMaxMiles":5},"Radviliskis":{"countryName":"Lithuania","stateName":"Šiauliai City Municipality","name":"Radviliskis","lat":55.81667,"lon":23.53333,"geocoding":{},"distantMaxMiles":5},"Tytuvėnėliai":{"countryName":"Lithuania","stateName":"Šiauliai City Municipality","name":"Tytuvėnėliai","lat":55.62345,"lon":23.17162,"geocoding":{},"distantMaxMiles":5},"Venta":{"countryName":"Lithuania","stateName":"Šiauliai City Municipality","name":"Venta","lat":56.19162,"lon":22.69528,"geocoding":{},"distantMaxMiles":5},"Šeduva":{"countryName":"Lithuania","stateName":"Šiauliai City Municipality","name":"Šeduva","lat":55.7493,"lon":23.7561,"geocoding":{},"distantMaxMiles":5},"Šiauliai":{"countryName":"Lithuania","stateName":"Šiauliai City Municipality","name":"Šiauliai","lat":55.93333,"lon":23.31667,"geocoding":{},"distantMaxMiles":5},"Žagarė":{"countryName":"Lithuania","stateName":"Šiauliai City Municipality","name":"Žagarė","lat":56.36149,"lon":23.25094,"geocoding":{},"distantMaxMiles":5}}},"Šiauliai County":{"countryName":"Lithuania","name":"Šiauliai County","isoCode":"SA","lat":55.9985751,"lon":23.1380051,"geocoding":{},"distantMaxMiles":5,"cities":{}},"Šiauliai District Municipality":{"countryName":"Lithuania","name":"Šiauliai District Municipality","isoCode":"44","lat":55.9721456,"lon":23.0332371,"geocoding":{},"distantMaxMiles":5,"cities":{}},"Šilalė District Municipality":{"countryName":"Lithuania","name":"Šilalė District Municipality","isoCode":"45","lat":55.49268,"lon":22.1845559,"geocoding":{},"distantMaxMiles":5,"cities":{}},"Šilutė District Municipality":{"countryName":"Lithuania","name":"Šilutė District Municipality","isoCode":"46","lat":55.350414,"lon":21.4659859,"geocoding":{},"distantMaxMiles":5,"cities":{}},"Širvintos District Municipality":{"countryName":"Lithuania","name":"Širvintos District Municipality","isoCode":"47","lat":55.043102,"lon":24.956981,"geocoding":{},"distantMaxMiles":5,"cities":{}},"Švenčionys District Municipality":{"countryName":"Lithuania","name":"Švenčionys District Municipality","isoCode":"49","lat":55.1028098,"lon":26.0071855,"geocoding":{},"distantMaxMiles":5,"cities":{}}}}