{"name":"Slovenia","isoCode":"SI","lat":46.11666666,"lon":14.81666666,"geocoding":{},"distantMaxMiles":5,"states":{"Ajdovščina Municipality":{"countryName":"Slovenia","name":"Ajdovščina Municipality","isoCode":"001","lat":45.8870776,"lon":13.9042818,"geocoding":{},"distantMaxMiles":5,"cities":{"Ajdovščina":{"countryName":"Slovenia","stateName":"Ajdovščina Municipality","name":"Ajdovščina","lat":45.88601,"lon":13.90946,"geocoding":{},"distantMaxMiles":5},"Cirkulane":{"countryName":"Slovenia","stateName":"Ajdovščina Municipality","name":"Cirkulane","lat":46.34408,"lon":15.99472,"geocoding":{},"distantMaxMiles":5},"Lokavec":{"countryName":"Slovenia","stateName":"Ajdovščina Municipality","name":"Lokavec","lat":45.90167,"lon":13.87972,"geocoding":{},"distantMaxMiles":5}}},"Ankaran Municipality":{"countryName":"Slovenia","name":"Ankaran Municipality","isoCode":"213","lat":45.578451,"lon":13.7369174,"geocoding":{},"distantMaxMiles":5,"cities":{"Ankaran":{"countryName":"Slovenia","stateName":"Ankaran Municipality","name":"Ankaran","lat":45.57861,"lon":13.73611,"geocoding":{},"distantMaxMiles":5}}},"Beltinci Municipality":{"countryName":"Slovenia","name":"Beltinci Municipality","isoCode":"002","lat":46.6079153,"lon":16.2365127,"geocoding":{},"distantMaxMiles":5,"cities":{"Beltinci":{"countryName":"Slovenia","stateName":"Beltinci Municipality","name":"Beltinci","lat":46.60528,"lon":16.24056,"geocoding":{},"distantMaxMiles":5},"Gančani":{"countryName":"Slovenia","stateName":"Beltinci Municipality","name":"Gančani","lat":46.6325,"lon":16.25111,"geocoding":{},"distantMaxMiles":5},"Lipovci":{"countryName":"Slovenia","stateName":"Beltinci Municipality","name":"Lipovci","lat":46.62833,"lon":16.22806,"geocoding":{},"distantMaxMiles":5},"Zgornje Gorje":{"countryName":"Slovenia","stateName":"Beltinci Municipality","name":"Zgornje Gorje","lat":46.37962,"lon":14.06937,"geocoding":{},"distantMaxMiles":5}}},"Benedikt Municipality":{"countryName":"Slovenia","name":"Benedikt Municipality","isoCode":"148","lat":46.6155841,"lon":15.8957281,"geocoding":{},"distantMaxMiles":5,"cities":{"Benedikt":{"countryName":"Slovenia","stateName":"Benedikt Municipality","name":"Benedikt","lat":46.60861,"lon":15.88833,"geocoding":{},"distantMaxMiles":5}}},"Bistrica ob Sotli Municipality":{"countryName":"Slovenia","name":"Bistrica ob Sotli Municipality","isoCode":"149","lat":46.0565579,"lon":15.6625947,"geocoding":{},"distantMaxMiles":5,"cities":{"Bistrica ob Sotli":{"countryName":"Slovenia","stateName":"Bistrica ob Sotli Municipality","name":"Bistrica ob Sotli","lat":46.05889,"lon":15.66417,"geocoding":{},"distantMaxMiles":5}}},"Bled Municipality":{"countryName":"Slovenia","name":"Bled Municipality","isoCode":"003","lat":46.3683266,"lon":14.1145798,"geocoding":{},"distantMaxMiles":5,"cities":{"Bled":{"countryName":"Slovenia","stateName":"Bled Municipality","name":"Bled","lat":46.36917,"lon":14.11361,"geocoding":{},"distantMaxMiles":5},"Kostanjevica na Krki":{"countryName":"Slovenia","stateName":"Bled Municipality","name":"Kostanjevica na Krki","lat":45.84611,"lon":15.42222,"geocoding":{},"distantMaxMiles":5},"Zasip":{"countryName":"Slovenia","stateName":"Bled Municipality","name":"Zasip","lat":46.39284,"lon":14.10869,"geocoding":{},"distantMaxMiles":5}}},"Bloke Municipality":{"countryName":"Slovenia","name":"Bloke Municipality","isoCode":"150","lat":45.7728141,"lon":14.5063459,"geocoding":{},"distantMaxMiles":5,"cities":{"Nova Vas":{"countryName":"Slovenia","stateName":"Bloke Municipality","name":"Nova Vas","lat":45.77167,"lon":14.50583,"geocoding":{},"distantMaxMiles":5}}},"Bohinj Municipality":{"countryName":"Slovenia","name":"Bohinj Municipality","isoCode":"004","lat":46.3005652,"lon":13.9427195,"geocoding":{},"distantMaxMiles":5,"cities":{"Bohinjska Bistrica":{"countryName":"Slovenia","stateName":"Bohinj Municipality","name":"Bohinjska Bistrica","lat":46.27216,"lon":13.9535,"geocoding":{},"distantMaxMiles":5},"Dragomer":{"countryName":"Slovenia","stateName":"Bohinj Municipality","name":"Dragomer","lat":46.01667,"lon":14.38333,"geocoding":{},"distantMaxMiles":5},"Log pri Brezovici":{"countryName":"Slovenia","stateName":"Bohinj Municipality","name":"Log pri Brezovici","lat":46.01667,"lon":14.36667,"geocoding":{},"distantMaxMiles":5}}},"Borovnica Municipality":{"countryName":"Slovenia","name":"Borovnica Municipality","isoCode":"005","lat":45.9044525,"lon":14.3824189,"geocoding":{},"distantMaxMiles":5,"cities":{"Borovnica":{"countryName":"Slovenia","stateName":"Borovnica Municipality","name":"Borovnica","lat":45.91583,"lon":14.36306,"geocoding":{},"distantMaxMiles":5},"Makole":{"countryName":"Slovenia","stateName":"Borovnica Municipality","name":"Makole","lat":46.31722,"lon":15.66722,"geocoding":{},"distantMaxMiles":5}}},"Bovec Municipality":{"countryName":"Slovenia","name":"Bovec Municipality","isoCode":"006","lat":46.3380495,"lon":13.5524174,"geocoding":{},"distantMaxMiles":5,"cities":{"Bovec":{"countryName":"Slovenia","stateName":"Bovec Municipality","name":"Bovec","lat":46.33808,"lon":13.55245,"geocoding":{},"distantMaxMiles":5},"Mirna":{"countryName":"Slovenia","stateName":"Bovec Municipality","name":"Mirna","lat":45.95528,"lon":15.06194,"geocoding":{},"distantMaxMiles":5}}},"Braslovče Municipality":{"countryName":"Slovenia","name":"Braslovče Municipality","isoCode":"151","lat":46.2836192,"lon":15.041832,"geocoding":{},"distantMaxMiles":5,"cities":{"Braslovče":{"countryName":"Slovenia","stateName":"Braslovče Municipality","name":"Braslovče","lat":46.28972,"lon":15.03889,"geocoding":{},"distantMaxMiles":5}}},"Brda Municipality":{"countryName":"Slovenia","name":"Brda Municipality","isoCode":"007","lat":45.9975652,"lon":13.5270474,"geocoding":{},"distantMaxMiles":5,"cities":{"Dobrovo":{"countryName":"Slovenia","stateName":"Brda Municipality","name":"Dobrovo","lat":45.99639,"lon":13.52639,"geocoding":{},"distantMaxMiles":5},"Mokronog":{"countryName":"Slovenia","stateName":"Brda Municipality","name":"Mokronog","lat":45.93417,"lon":15.14083,"geocoding":{},"distantMaxMiles":5}}},"Brezovica Municipality":{"countryName":"Slovenia","name":"Brezovica Municipality","isoCode":"008","lat":45.9559351,"lon":14.4349952,"geocoding":{},"distantMaxMiles":5,"cities":{"Brezovica pri Ljubljani":{"countryName":"Slovenia","stateName":"Brezovica Municipality","name":"Brezovica pri Ljubljani","lat":46.03333,"lon":14.4,"geocoding":{},"distantMaxMiles":5},"Notranje Gorice":{"countryName":"Slovenia","stateName":"Brezovica Municipality","name":"Notranje Gorice","lat":45.9875,"lon":14.39889,"geocoding":{},"distantMaxMiles":5},"Opština Ljubljana-Vič-Rudnik":{"countryName":"Slovenia","stateName":"Brezovica Municipality","name":"Opština Ljubljana-Vič-Rudnik","lat":46.03333,"lon":14.41667,"geocoding":{},"distantMaxMiles":5},"Rečica ob Savinji":{"countryName":"Slovenia","stateName":"Brezovica Municipality","name":"Rečica ob Savinji","lat":46.31667,"lon":14.91667,"geocoding":{},"distantMaxMiles":5},"Vnanje Gorice":{"countryName":"Slovenia","stateName":"Brezovica Municipality","name":"Vnanje Gorice","lat":46.00722,"lon":14.42194,"geocoding":{},"distantMaxMiles":5}}},"Brežice Municipality":{"countryName":"Slovenia","name":"Brežice Municipality","isoCode":"009","lat":45.9041096,"lon":15.5943639,"geocoding":{},"distantMaxMiles":5,"cities":{"Brežice":{"countryName":"Slovenia","stateName":"Brežice Municipality","name":"Brežice","lat":45.90333,"lon":15.59111,"geocoding":{},"distantMaxMiles":5},"Poljčane":{"countryName":"Slovenia","stateName":"Brežice Municipality","name":"Poljčane","lat":46.31194,"lon":15.57917,"geocoding":{},"distantMaxMiles":5}}},"Cankova Municipality":{"countryName":"Slovenia","name":"Cankova Municipality","isoCode":"152","lat":46.718237,"lon":16.0197222,"geocoding":{},"distantMaxMiles":5,"cities":{"Cankova":{"countryName":"Slovenia","stateName":"Cankova Municipality","name":"Cankova","lat":46.72083,"lon":16.0225,"geocoding":{},"distantMaxMiles":5}}},"Cerklje na Gorenjskem Municipality":{"countryName":"Slovenia","name":"Cerklje na Gorenjskem Municipality","isoCode":"012","lat":46.2517054,"lon":14.4857979,"geocoding":{},"distantMaxMiles":5,"cities":{"Cerklje na Gorenjskem":{"countryName":"Slovenia","stateName":"Cerklje na Gorenjskem Municipality","name":"Cerklje na Gorenjskem","lat":46.25417,"lon":14.48861,"geocoding":{},"distantMaxMiles":5}}},"Cerknica Municipality":{"countryName":"Slovenia","name":"Cerknica Municipality","isoCode":"013","lat":45.7966255,"lon":14.392177,"geocoding":{},"distantMaxMiles":5,"cities":{"Cerknica":{"countryName":"Slovenia","stateName":"Cerknica Municipality","name":"Cerknica","lat":45.79306,"lon":14.3625,"geocoding":{},"distantMaxMiles":5},"Rakek":{"countryName":"Slovenia","stateName":"Cerknica Municipality","name":"Rakek","lat":45.81333,"lon":14.31111,"geocoding":{},"distantMaxMiles":5}}},"Cerkno Municipality":{"countryName":"Slovenia","name":"Cerkno Municipality","isoCode":"014","lat":46.1288414,"lon":13.9894027,"geocoding":{},"distantMaxMiles":5,"cities":{"Cerkno":{"countryName":"Slovenia","stateName":"Cerkno Municipality","name":"Cerkno","lat":46.12556,"lon":13.98167,"geocoding":{},"distantMaxMiles":5}}},"Cerkvenjak Municipality":{"countryName":"Slovenia","name":"Cerkvenjak Municipality","isoCode":"153","lat":46.5670711,"lon":15.9429753,"geocoding":{},"distantMaxMiles":5,"cities":{"Cerkvenjak":{"countryName":"Slovenia","stateName":"Cerkvenjak Municipality","name":"Cerkvenjak","lat":46.57056,"lon":15.94361,"geocoding":{},"distantMaxMiles":5}}},"City Municipality of Celje":{"countryName":"Slovenia","name":"City Municipality of Celje","isoCode":"011","lat":46.2397495,"lon":15.2677063,"geocoding":{},"distantMaxMiles":5,"cities":{"Celje":{"countryName":"Slovenia","stateName":"City Municipality of Celje","name":"Celje","lat":46.23092,"lon":15.26044,"geocoding":{},"distantMaxMiles":5},"Ljubečna":{"countryName":"Slovenia","stateName":"City Municipality of Celje","name":"Ljubečna","lat":46.25567,"lon":15.3243,"geocoding":{},"distantMaxMiles":5},"Trnovlje pri Celju":{"countryName":"Slovenia","stateName":"City Municipality of Celje","name":"Trnovlje pri Celju","lat":46.25667,"lon":15.29528,"geocoding":{},"distantMaxMiles":5}}},"City Municipality of Novo Mesto":{"countryName":"Slovenia","name":"City Municipality of Novo Mesto","isoCode":"085","lat":45.8010824,"lon":15.1710089,"geocoding":{},"distantMaxMiles":5,"cities":{"Novo Mesto":{"countryName":"Slovenia","stateName":"City Municipality of Novo Mesto","name":"Novo Mesto","lat":45.80397,"lon":15.16886,"geocoding":{},"distantMaxMiles":5}}},"Destrnik Municipality":{"countryName":"Slovenia","name":"Destrnik Municipality","isoCode":"018","lat":46.4922368,"lon":15.8777956,"geocoding":{},"distantMaxMiles":5,"cities":{"Destrnik":{"countryName":"Slovenia","stateName":"Destrnik Municipality","name":"Destrnik","lat":46.49254,"lon":15.87893,"geocoding":{},"distantMaxMiles":5}}},"Divača Municipality":{"countryName":"Slovenia","name":"Divača Municipality","isoCode":"019","lat":45.6806069,"lon":13.9720312,"geocoding":{},"distantMaxMiles":5,"cities":{"Divača":{"countryName":"Slovenia","stateName":"Divača Municipality","name":"Divača","lat":45.68472,"lon":13.97028,"geocoding":{},"distantMaxMiles":5}}},"Dobje Municipality":{"countryName":"Slovenia","name":"Dobje Municipality","isoCode":"154","lat":46.1370037,"lon":15.394129,"geocoding":{},"distantMaxMiles":5,"cities":{"Dobje pri Planini":{"countryName":"Slovenia","stateName":"Dobje Municipality","name":"Dobje pri Planini","lat":46.13747,"lon":15.39412,"geocoding":{},"distantMaxMiles":5}}},"Dobrepolje Municipality":{"countryName":"Slovenia","name":"Dobrepolje Municipality","isoCode":"020","lat":45.8524951,"lon":14.7083109,"geocoding":{},"distantMaxMiles":5,"cities":{"Videm":{"countryName":"Slovenia","stateName":"Dobrepolje Municipality","name":"Videm","lat":45.85,"lon":14.69417,"geocoding":{},"distantMaxMiles":5}}},"Dobrna Municipality":{"countryName":"Slovenia","name":"Dobrna Municipality","isoCode":"155","lat":46.3356141,"lon":15.2259732,"geocoding":{},"distantMaxMiles":5,"cities":{"Dobrna":{"countryName":"Slovenia","stateName":"Dobrna Municipality","name":"Dobrna","lat":46.3375,"lon":15.22639,"geocoding":{},"distantMaxMiles":5}}},"Dobrova–Polhov Gradec Municipality":{"countryName":"Slovenia","name":"Dobrova–Polhov Gradec Municipality","isoCode":"021","lat":46.0648896,"lon":14.3168195,"geocoding":{},"distantMaxMiles":5,"cities":{"Dobrova":{"countryName":"Slovenia","stateName":"Dobrova–Polhov Gradec Municipality","name":"Dobrova","lat":46.0458,"lon":14.39186,"geocoding":{},"distantMaxMiles":5}}},"Dobrovnik Municipality":{"countryName":"Slovenia","name":"Dobrovnik Municipality","isoCode":"156","lat":46.6538662,"lon":16.3506594,"geocoding":{},"distantMaxMiles":5,"cities":{"Dobrovnik":{"countryName":"Slovenia","stateName":"Dobrovnik Municipality","name":"Dobrovnik","lat":46.65139,"lon":16.3525,"geocoding":{},"distantMaxMiles":5}}},"Dol pri Ljubljani Municipality":{"countryName":"Slovenia","name":"Dol pri Ljubljani Municipality","isoCode":"022","lat":46.0884386,"lon":14.6424792,"geocoding":{},"distantMaxMiles":5,"cities":{"Dol pri Ljubljani":{"countryName":"Slovenia","stateName":"Dol pri Ljubljani Municipality","name":"Dol pri Ljubljani","lat":46.08861,"lon":14.60083,"geocoding":{},"distantMaxMiles":5}}},"Dolenjske Toplice Municipality":{"countryName":"Slovenia","name":"Dolenjske Toplice Municipality","isoCode":"157","lat":45.7345711,"lon":15.0129493,"geocoding":{},"distantMaxMiles":5,"cities":{"Dolenjske Toplice":{"countryName":"Slovenia","stateName":"Dolenjske Toplice Municipality","name":"Dolenjske Toplice","lat":45.75657,"lon":15.05917,"geocoding":{},"distantMaxMiles":5}}},"Domžale Municipality":{"countryName":"Slovenia","name":"Domžale Municipality","isoCode":"023","lat":46.1438269,"lon":14.6375279,"geocoding":{},"distantMaxMiles":5,"cities":{"Dob":{"countryName":"Slovenia","stateName":"Domžale Municipality","name":"Dob","lat":46.15194,"lon":14.62861,"geocoding":{},"distantMaxMiles":5},"Domžale":{"countryName":"Slovenia","stateName":"Domžale Municipality","name":"Domžale","lat":46.13774,"lon":14.59371,"geocoding":{},"distantMaxMiles":5},"Radomlje":{"countryName":"Slovenia","stateName":"Domžale Municipality","name":"Radomlje","lat":46.17361,"lon":14.61222,"geocoding":{},"distantMaxMiles":5},"Vir":{"countryName":"Slovenia","stateName":"Domžale Municipality","name":"Vir","lat":46.15325,"lon":14.60741,"geocoding":{},"distantMaxMiles":5}}},"Dornava Municipality":{"countryName":"Slovenia","name":"Dornava Municipality","isoCode":"024","lat":46.4443513,"lon":15.9889159,"geocoding":{},"distantMaxMiles":5,"cities":{"Dornava":{"countryName":"Slovenia","stateName":"Dornava Municipality","name":"Dornava","lat":46.43667,"lon":15.95361,"geocoding":{},"distantMaxMiles":5}}},"Dravograd Municipality":{"countryName":"Slovenia","name":"Dravograd Municipality","isoCode":"025","lat":46.589219,"lon":15.0246021,"geocoding":{},"distantMaxMiles":5,"cities":{"Dravograd":{"countryName":"Slovenia","stateName":"Dravograd Municipality","name":"Dravograd","lat":46.58806,"lon":15.01917,"geocoding":{},"distantMaxMiles":5}}},"Duplek Municipality":{"countryName":"Slovenia","name":"Duplek Municipality","isoCode":"026","lat":46.5010016,"lon":15.7546307,"geocoding":{},"distantMaxMiles":5,"cities":{"Spodnji Duplek":{"countryName":"Slovenia","stateName":"Duplek Municipality","name":"Spodnji Duplek","lat":46.50306,"lon":15.74528,"geocoding":{},"distantMaxMiles":5},"Zgornji Duplek":{"countryName":"Slovenia","stateName":"Duplek Municipality","name":"Zgornji Duplek","lat":46.51361,"lon":15.72083,"geocoding":{},"distantMaxMiles":5}}},"Gorenja Vas–Poljane Municipality":{"countryName":"Slovenia","name":"Gorenja Vas–Poljane Municipality","isoCode":"027","lat":46.1116582,"lon":14.1149348,"geocoding":{},"distantMaxMiles":5,"cities":{"Gorenja Vas":{"countryName":"Slovenia","stateName":"Gorenja Vas–Poljane Municipality","name":"Gorenja Vas","lat":46.10722,"lon":14.14806,"geocoding":{},"distantMaxMiles":5}}},"Gorišnica Municipality":{"countryName":"Slovenia","name":"Gorišnica Municipality","isoCode":"028","lat":46.4120271,"lon":16.0133089,"geocoding":{},"distantMaxMiles":5,"cities":{"Gorišnica":{"countryName":"Slovenia","stateName":"Gorišnica Municipality","name":"Gorišnica","lat":46.41472,"lon":16.01389,"geocoding":{},"distantMaxMiles":5}}},"Gorje Municipality":{"countryName":"Slovenia","name":"Gorje Municipality","isoCode":"207","lat":46.3802458,"lon":14.0685339,"geocoding":{},"distantMaxMiles":5,"cities":{}},"Gornja Radgona Municipality":{"countryName":"Slovenia","name":"Gornja Radgona Municipality","isoCode":"029","lat":46.6767099,"lon":15.9910847,"geocoding":{},"distantMaxMiles":5,"cities":{"Gornja Radgona":{"countryName":"Slovenia","stateName":"Gornja Radgona Municipality","name":"Gornja Radgona","lat":46.67333,"lon":15.99222,"geocoding":{},"distantMaxMiles":5}}},"Gornji Grad Municipality":{"countryName":"Slovenia","name":"Gornji Grad Municipality","isoCode":"030","lat":46.2961712,"lon":14.8062347,"geocoding":{},"distantMaxMiles":5,"cities":{"Gornji Grad":{"countryName":"Slovenia","stateName":"Gornji Grad Municipality","name":"Gornji Grad","lat":46.29528,"lon":14.80833,"geocoding":{},"distantMaxMiles":5}}},"Gornji Petrovci Municipality":{"countryName":"Slovenia","name":"Gornji Petrovci Municipality","isoCode":"031","lat":46.8037128,"lon":16.2191379,"geocoding":{},"distantMaxMiles":5,"cities":{"Gornji Petrovci":{"countryName":"Slovenia","stateName":"Gornji Petrovci Municipality","name":"Gornji Petrovci","lat":46.80528,"lon":16.2225,"geocoding":{},"distantMaxMiles":5}}},"Grad Municipality":{"countryName":"Slovenia","name":"Grad Municipality","isoCode":"158","lat":46.808732,"lon":16.109206,"geocoding":{},"distantMaxMiles":5,"cities":{"Grad":{"countryName":"Slovenia","stateName":"Grad Municipality","name":"Grad","lat":46.8,"lon":16.1,"geocoding":{},"distantMaxMiles":5}}},"Grosuplje Municipality":{"countryName":"Slovenia","name":"Grosuplje Municipality","isoCode":"032","lat":45.9557645,"lon":14.658899,"geocoding":{},"distantMaxMiles":5,"cities":{"Grosuplje":{"countryName":"Slovenia","stateName":"Grosuplje Municipality","name":"Grosuplje","lat":45.95556,"lon":14.65889,"geocoding":{},"distantMaxMiles":5},"Šmarje-Sap":{"countryName":"Slovenia","stateName":"Grosuplje Municipality","name":"Šmarje-Sap","lat":45.97618,"lon":14.61177,"geocoding":{},"distantMaxMiles":5}}},"Hajdina Municipality":{"countryName":"Slovenia","name":"Hajdina Municipality","isoCode":"159","lat":46.4185014,"lon":15.8244722,"geocoding":{},"distantMaxMiles":5,"cities":{"Spodnja Hajdina":{"countryName":"Slovenia","stateName":"Hajdina Municipality","name":"Spodnja Hajdina","lat":46.40889,"lon":15.84694,"geocoding":{},"distantMaxMiles":5}}},"Hodoš Municipality":{"countryName":"Slovenia","name":"Hodoš Municipality","isoCode":"161","lat":46.8314134,"lon":16.321068,"geocoding":{},"distantMaxMiles":5,"cities":{"Hodoš":{"countryName":"Slovenia","stateName":"Hodoš Municipality","name":"Hodoš","lat":46.82333,"lon":16.33417,"geocoding":{},"distantMaxMiles":5}}},"Horjul Municipality":{"countryName":"Slovenia","name":"Horjul Municipality","isoCode":"162","lat":46.0225378,"lon":14.2986269,"geocoding":{},"distantMaxMiles":5,"cities":{"Horjul":{"countryName":"Slovenia","stateName":"Horjul Municipality","name":"Horjul","lat":46.02361,"lon":14.29917,"geocoding":{},"distantMaxMiles":5}}},"Hoče–Slivnica Municipality":{"countryName":"Slovenia","name":"Hoče–Slivnica Municipality","isoCode":"160","lat":46.477858,"lon":15.6476005,"geocoding":{},"distantMaxMiles":5,"cities":{"Hotinja Vas":{"countryName":"Slovenia","stateName":"Hoče–Slivnica Municipality","name":"Hotinja Vas","lat":46.46667,"lon":15.66667,"geocoding":{},"distantMaxMiles":5},"Radizel":{"countryName":"Slovenia","stateName":"Hoče–Slivnica Municipality","name":"Radizel","lat":46.47444,"lon":15.65583,"geocoding":{},"distantMaxMiles":5},"Rogoza":{"countryName":"Slovenia","stateName":"Hoče–Slivnica Municipality","name":"Rogoza","lat":46.5,"lon":15.68333,"geocoding":{},"distantMaxMiles":5},"Spodnje Hoče":{"countryName":"Slovenia","stateName":"Hoče–Slivnica Municipality","name":"Spodnje Hoče","lat":46.5,"lon":15.65,"geocoding":{},"distantMaxMiles":5}}},"Hrastnik Municipality":{"countryName":"Slovenia","name":"Hrastnik Municipality","isoCode":"034","lat":46.1417288,"lon":15.0844894,"geocoding":{},"distantMaxMiles":5,"cities":{"Dol pri Hrastniku":{"countryName":"Slovenia","stateName":"Hrastnik Municipality","name":"Dol pri Hrastniku","lat":46.14194,"lon":15.11278,"geocoding":{},"distantMaxMiles":5},"Hrastnik":{"countryName":"Slovenia","stateName":"Hrastnik Municipality","name":"Hrastnik","lat":46.14611,"lon":15.08139,"geocoding":{},"distantMaxMiles":5}}},"Hrpelje–Kozina Municipality":{"countryName":"Slovenia","name":"Hrpelje–Kozina Municipality","isoCode":"035","lat":45.6091192,"lon":13.9379148,"geocoding":{},"distantMaxMiles":5,"cities":{"Kozina":{"countryName":"Slovenia","stateName":"Hrpelje–Kozina Municipality","name":"Kozina","lat":45.61,"lon":13.93556,"geocoding":{},"distantMaxMiles":5}}},"Idrija Municipality":{"countryName":"Slovenia","name":"Idrija Municipality","isoCode":"036","lat":46.0040939,"lon":13.9775493,"geocoding":{},"distantMaxMiles":5,"cities":{"Idrija":{"countryName":"Slovenia","stateName":"Idrija Municipality","name":"Idrija","lat":46.00278,"lon":14.03056,"geocoding":{},"distantMaxMiles":5},"Spodnja Idrija":{"countryName":"Slovenia","stateName":"Idrija Municipality","name":"Spodnja Idrija","lat":46.03194,"lon":14.02722,"geocoding":{},"distantMaxMiles":5}}},"Ig Municipality":{"countryName":"Slovenia","name":"Ig Municipality","isoCode":"037","lat":45.9588868,"lon":14.5270528,"geocoding":{},"distantMaxMiles":5,"cities":{"Ig":{"countryName":"Slovenia","stateName":"Ig Municipality","name":"Ig","lat":45.96028,"lon":14.52889,"geocoding":{},"distantMaxMiles":5}}},"Ivančna Gorica Municipality":{"countryName":"Slovenia","name":"Ivančna Gorica Municipality","isoCode":"039","lat":45.9395841,"lon":14.8047626,"geocoding":{},"distantMaxMiles":5,"cities":{"Ivančna Gorica":{"countryName":"Slovenia","stateName":"Ivančna Gorica Municipality","name":"Ivančna Gorica","lat":45.93833,"lon":14.80444,"geocoding":{},"distantMaxMiles":5},"Šentvid pri Stični":{"countryName":"Slovenia","stateName":"Ivančna Gorica Municipality","name":"Šentvid pri Stični","lat":45.95004,"lon":14.84344,"geocoding":{},"distantMaxMiles":5}}},"Izola Municipality":{"countryName":"Slovenia","name":"Izola Municipality","isoCode":"040","lat":45.5313557,"lon":13.6664649,"geocoding":{},"distantMaxMiles":5,"cities":{"Izola":{"countryName":"Slovenia","stateName":"Izola Municipality","name":"Izola","lat":45.53694,"lon":13.66194,"geocoding":{},"distantMaxMiles":5},"Jagodje":{"countryName":"Slovenia","stateName":"Izola Municipality","name":"Jagodje","lat":45.52845,"lon":13.64721,"geocoding":{},"distantMaxMiles":5}}},"Jesenice Municipality":{"countryName":"Slovenia","name":"Jesenice Municipality","isoCode":"041","lat":46.4367047,"lon":14.0526057,"geocoding":{},"distantMaxMiles":5,"cities":{"Hrušica":{"countryName":"Slovenia","stateName":"Jesenice Municipality","name":"Hrušica","lat":46.445,"lon":14.01778,"geocoding":{},"distantMaxMiles":5},"Jesenice":{"countryName":"Slovenia","stateName":"Jesenice Municipality","name":"Jesenice","lat":46.43056,"lon":14.06694,"geocoding":{},"distantMaxMiles":5},"Koroška Bela":{"countryName":"Slovenia","stateName":"Jesenice Municipality","name":"Koroška Bela","lat":46.44913,"lon":14.11135,"geocoding":{},"distantMaxMiles":5},"Slovenski Javornik":{"countryName":"Slovenia","stateName":"Jesenice Municipality","name":"Slovenski Javornik","lat":46.42611,"lon":14.08722,"geocoding":{},"distantMaxMiles":5}}},"Jezersko Municipality":{"countryName":"Slovenia","name":"Jezersko Municipality","isoCode":"163","lat":46.3942794,"lon":14.4985559,"geocoding":{},"distantMaxMiles":5,"cities":{"Zgornje Jezersko":{"countryName":"Slovenia","stateName":"Jezersko Municipality","name":"Zgornje Jezersko","lat":46.3941,"lon":14.50659,"geocoding":{},"distantMaxMiles":5}}},"Juršinci Municipality":{"countryName":"Slovenia","name":"Juršinci Municipality","isoCode":"042","lat":46.4898651,"lon":15.980923,"geocoding":{},"distantMaxMiles":5,"cities":{"Juršinci":{"countryName":"Slovenia","stateName":"Juršinci Municipality","name":"Juršinci","lat":46.48472,"lon":15.97139,"geocoding":{},"distantMaxMiles":5}}},"Kamnik Municipality":{"countryName":"Slovenia","name":"Kamnik Municipality","isoCode":"043","lat":46.2221666,"lon":14.6070727,"geocoding":{},"distantMaxMiles":5,"cities":{"Kamnik":{"countryName":"Slovenia","stateName":"Kamnik Municipality","name":"Kamnik","lat":46.22587,"lon":14.61207,"geocoding":{},"distantMaxMiles":5},"Mekinje":{"countryName":"Slovenia","stateName":"Kamnik Municipality","name":"Mekinje","lat":46.23333,"lon":14.61667,"geocoding":{},"distantMaxMiles":5},"Šmarca":{"countryName":"Slovenia","stateName":"Kamnik Municipality","name":"Šmarca","lat":46.19333,"lon":14.59667,"geocoding":{},"distantMaxMiles":5}}},"Kanal ob Soči Municipality":{"countryName":"Slovenia","name":"Kanal ob Soči Municipality","isoCode":"044","lat":46.067353,"lon":13.620335,"geocoding":{},"distantMaxMiles":5,"cities":{"Deskle":{"countryName":"Slovenia","stateName":"Kanal ob Soči Municipality","name":"Deskle","lat":46.05307,"lon":13.61382,"geocoding":{},"distantMaxMiles":5},"Kanal":{"countryName":"Slovenia","stateName":"Kanal ob Soči Municipality","name":"Kanal","lat":46.08861,"lon":13.63972,"geocoding":{},"distantMaxMiles":5}}},"Kidričevo Municipality":{"countryName":"Slovenia","name":"Kidričevo Municipality","isoCode":"045","lat":46.3957572,"lon":15.7925906,"geocoding":{},"distantMaxMiles":5,"cities":{"Kidričevo":{"countryName":"Slovenia","stateName":"Kidričevo Municipality","name":"Kidričevo","lat":46.40361,"lon":15.79111,"geocoding":{},"distantMaxMiles":5}}},"Kobarid Municipality":{"countryName":"Slovenia","name":"Kobarid Municipality","isoCode":"046","lat":46.2456971,"lon":13.5786949,"geocoding":{},"distantMaxMiles":5,"cities":{"Kobarid":{"countryName":"Slovenia","stateName":"Kobarid Municipality","name":"Kobarid","lat":46.24761,"lon":13.57907,"geocoding":{},"distantMaxMiles":5}}},"Kobilje Municipality":{"countryName":"Slovenia","name":"Kobilje Municipality","isoCode":"047","lat":46.68518,"lon":16.3936719,"geocoding":{},"distantMaxMiles":5,"cities":{"Kobilje":{"countryName":"Slovenia","stateName":"Kobilje Municipality","name":"Kobilje","lat":46.68472,"lon":16.39778,"geocoding":{},"distantMaxMiles":5}}},"Komen Municipality":{"countryName":"Slovenia","name":"Komen Municipality","isoCode":"049","lat":45.8175235,"lon":13.7482711,"geocoding":{},"distantMaxMiles":5,"cities":{"Komen":{"countryName":"Slovenia","stateName":"Komen Municipality","name":"Komen","lat":45.81528,"lon":13.74833,"geocoding":{},"distantMaxMiles":5}}},"Komenda Municipality":{"countryName":"Slovenia","name":"Komenda Municipality","isoCode":"164","lat":46.206488,"lon":14.5382499,"geocoding":{},"distantMaxMiles":5,"cities":{"Komenda":{"countryName":"Slovenia","stateName":"Komenda Municipality","name":"Komenda","lat":46.20484,"lon":14.53839,"geocoding":{},"distantMaxMiles":5},"Moste":{"countryName":"Slovenia","stateName":"Komenda Municipality","name":"Moste","lat":46.195,"lon":14.55139,"geocoding":{},"distantMaxMiles":5}}},"Koper City Municipality":{"countryName":"Slovenia","name":"Koper City Municipality","isoCode":"050","lat":45.548059,"lon":13.7301877,"geocoding":{},"distantMaxMiles":5,"cities":{"Dekani":{"countryName":"Slovenia","stateName":"Koper City Municipality","name":"Dekani","lat":45.54972,"lon":13.81361,"geocoding":{},"distantMaxMiles":5},"Hrvatini":{"countryName":"Slovenia","stateName":"Koper City Municipality","name":"Hrvatini","lat":45.58278,"lon":13.75667,"geocoding":{},"distantMaxMiles":5},"Koper":{"countryName":"Slovenia","stateName":"Koper City Municipality","name":"Koper","lat":45.54694,"lon":13.72944,"geocoding":{},"distantMaxMiles":5},"Pobegi":{"countryName":"Slovenia","stateName":"Koper City Municipality","name":"Pobegi","lat":45.53944,"lon":13.79611,"geocoding":{},"distantMaxMiles":5},"Prade":{"countryName":"Slovenia","stateName":"Koper City Municipality","name":"Prade","lat":45.54003,"lon":13.77607,"geocoding":{},"distantMaxMiles":5},"Spodnje Škofije":{"countryName":"Slovenia","stateName":"Koper City Municipality","name":"Spodnje Škofije","lat":45.57167,"lon":13.7925,"geocoding":{},"distantMaxMiles":5},"Sv. Anton":{"countryName":"Slovenia","stateName":"Koper City Municipality","name":"Sv. Anton","lat":45.52583,"lon":13.83194,"geocoding":{},"distantMaxMiles":5}}},"Kostanjevica na Krki Municipality":{"countryName":"Slovenia","name":"Kostanjevica na Krki Municipality","isoCode":"197","lat":45.8316638,"lon":15.4411906,"geocoding":{},"distantMaxMiles":5,"cities":{}},"Kostel Municipality":{"countryName":"Slovenia","name":"Kostel Municipality","isoCode":"165","lat":45.4928255,"lon":14.8708235,"geocoding":{},"distantMaxMiles":5,"cities":{"Kostel":{"countryName":"Slovenia","stateName":"Kostel Municipality","name":"Kostel","lat":45.50842,"lon":14.91005,"geocoding":{},"distantMaxMiles":5}}},"Kozje Municipality":{"countryName":"Slovenia","name":"Kozje Municipality","isoCode":"051","lat":46.0733211,"lon":15.5596719,"geocoding":{},"distantMaxMiles":5,"cities":{"Kozje":{"countryName":"Slovenia","stateName":"Kozje Municipality","name":"Kozje","lat":46.075,"lon":15.56028,"geocoding":{},"distantMaxMiles":5}}},"Kočevje Municipality":{"countryName":"Slovenia","name":"Kočevje Municipality","isoCode":"048","lat":45.6428,"lon":14.8615838,"geocoding":{},"distantMaxMiles":5,"cities":{"Kočevje":{"countryName":"Slovenia","stateName":"Kočevje Municipality","name":"Kočevje","lat":45.64333,"lon":14.86333,"geocoding":{},"distantMaxMiles":5}}},"Kranj City Municipality":{"countryName":"Slovenia","name":"Kranj City Municipality","isoCode":"052","lat":46.2585021,"lon":14.3543569,"geocoding":{},"distantMaxMiles":5,"cities":{"Britof":{"countryName":"Slovenia","stateName":"Kranj City Municipality","name":"Britof","lat":46.26024,"lon":14.39037,"geocoding":{},"distantMaxMiles":5},"Golnik":{"countryName":"Slovenia","stateName":"Kranj City Municipality","name":"Golnik","lat":46.33333,"lon":14.33333,"geocoding":{},"distantMaxMiles":5},"Kokrica":{"countryName":"Slovenia","stateName":"Kranj City Municipality","name":"Kokrica","lat":46.27028,"lon":14.36111,"geocoding":{},"distantMaxMiles":5},"Kranj":{"countryName":"Slovenia","stateName":"Kranj City Municipality","name":"Kranj","lat":46.23887,"lon":14.35561,"geocoding":{},"distantMaxMiles":5},"Mlaka pri Kranju":{"countryName":"Slovenia","stateName":"Kranj City Municipality","name":"Mlaka pri Kranju","lat":46.28333,"lon":14.35,"geocoding":{},"distantMaxMiles":5},"Zgornje Bitnje":{"countryName":"Slovenia","stateName":"Kranj City Municipality","name":"Zgornje Bitnje","lat":46.22,"lon":14.33667,"geocoding":{},"distantMaxMiles":5}}},"Kranjska Gora Municipality":{"countryName":"Slovenia","name":"Kranjska Gora Municipality","isoCode":"053","lat":46.4845293,"lon":13.7857145,"geocoding":{},"distantMaxMiles":5,"cities":{"Kranjska Gora":{"countryName":"Slovenia","stateName":"Kranjska Gora Municipality","name":"Kranjska Gora","lat":46.45689,"lon":13.77824,"geocoding":{},"distantMaxMiles":5},"Mojstrana":{"countryName":"Slovenia","stateName":"Kranjska Gora Municipality","name":"Mojstrana","lat":46.42383,"lon":13.8752,"geocoding":{},"distantMaxMiles":5}}},"Križevci Municipality":{"countryName":"Slovenia","name":"Križevci Municipality","isoCode":"166","lat":46.5701821,"lon":16.1092653,"geocoding":{},"distantMaxMiles":5,"cities":{"Križevci pri Ljutomeru":{"countryName":"Slovenia","stateName":"Križevci Municipality","name":"Križevci pri Ljutomeru","lat":46.56833,"lon":16.13861,"geocoding":{},"distantMaxMiles":5}}},"Kungota":{"countryName":"Slovenia","name":"Kungota","isoCode":"055","lat":46.6418793,"lon":15.6036288,"geocoding":{},"distantMaxMiles":5,"cities":{"Zgornja Kungota":{"countryName":"Slovenia","stateName":"Kungota","name":"Zgornja Kungota","lat":46.63917,"lon":15.61556,"geocoding":{},"distantMaxMiles":5}}},"Kuzma Municipality":{"countryName":"Slovenia","name":"Kuzma Municipality","isoCode":"056","lat":46.8351038,"lon":16.08071,"geocoding":{},"distantMaxMiles":5,"cities":{"Kuzma":{"countryName":"Slovenia","stateName":"Kuzma Municipality","name":"Kuzma","lat":46.83694,"lon":16.08333,"geocoding":{},"distantMaxMiles":5}}},"Laško Municipality":{"countryName":"Slovenia","name":"Laško Municipality","isoCode":"057","lat":46.1542236,"lon":15.2361491,"geocoding":{},"distantMaxMiles":5,"cities":{"Laško":{"countryName":"Slovenia","stateName":"Laško Municipality","name":"Laško","lat":46.15463,"lon":15.23555,"geocoding":{},"distantMaxMiles":5}}},"Lenart Municipality":{"countryName":"Slovenia","name":"Lenart Municipality","isoCode":"058","lat":46.5834424,"lon":15.8262125,"geocoding":{},"distantMaxMiles":5,"cities":{"Lenart v Slov. Goricah":{"countryName":"Slovenia","stateName":"Lenart Municipality","name":"Lenart v Slov. Goricah","lat":46.57611,"lon":15.83139,"geocoding":{},"distantMaxMiles":5}}},"Lendava Municipality":{"countryName":"Slovenia","name":"Lendava Municipality","isoCode":"059","lat":46.5513483,"lon":16.4419839,"geocoding":{},"distantMaxMiles":5,"cities":{"Lendava":{"countryName":"Slovenia","stateName":"Lendava Municipality","name":"Lendava","lat":46.56494,"lon":16.45091,"geocoding":{},"distantMaxMiles":5}}},"Litija Municipality":{"countryName":"Slovenia","name":"Litija Municipality","isoCode":"060","lat":46.0573226,"lon":14.8309636,"geocoding":{},"distantMaxMiles":5,"cities":{"Litija":{"countryName":"Slovenia","stateName":"Litija Municipality","name":"Litija","lat":46.05861,"lon":14.8225,"geocoding":{},"distantMaxMiles":5}}},"Ljubljana City Municipality":{"countryName":"Slovenia","name":"Ljubljana City Municipality","isoCode":"061","lat":46.0569465,"lon":14.5057515,"geocoding":{},"distantMaxMiles":5,"cities":{"Dravlje District":{"countryName":"Slovenia","stateName":"Ljubljana City Municipality","name":"Dravlje District","lat":46.0729,"lon":14.44741,"geocoding":{},"distantMaxMiles":5},"Jarše District":{"countryName":"Slovenia","stateName":"Ljubljana City Municipality","name":"Jarše District","lat":46.07345,"lon":14.55431,"geocoding":{},"distantMaxMiles":5},"Ljubljana":{"countryName":"Slovenia","stateName":"Ljubljana City Municipality","name":"Ljubljana","lat":46.05108,"lon":14.50513,"geocoding":{},"distantMaxMiles":5},"Opčina Ljubljana-Bežigrad":{"countryName":"Slovenia","stateName":"Ljubljana City Municipality","name":"Opčina Ljubljana-Bežigrad","lat":46.08333,"lon":14.53333,"geocoding":{},"distantMaxMiles":5},"Opština Ljubljana-Center":{"countryName":"Slovenia","stateName":"Ljubljana City Municipality","name":"Opština Ljubljana-Center","lat":46.05,"lon":14.53333,"geocoding":{},"distantMaxMiles":5},"Opština Ljubljana-Moste-Polje":{"countryName":"Slovenia","stateName":"Ljubljana City Municipality","name":"Opština Ljubljana-Moste-Polje","lat":46.06667,"lon":14.61667,"geocoding":{},"distantMaxMiles":5},"Rožnik District":{"countryName":"Slovenia","stateName":"Ljubljana City Municipality","name":"Rožnik District","lat":46.05999,"lon":14.46779,"geocoding":{},"distantMaxMiles":5},"Sostro District":{"countryName":"Slovenia","stateName":"Ljubljana City Municipality","name":"Sostro District","lat":46.04341,"lon":14.67293,"geocoding":{},"distantMaxMiles":5},"Trnovo District":{"countryName":"Slovenia","stateName":"Ljubljana City Municipality","name":"Trnovo District","lat":46.02412,"lon":14.48891,"geocoding":{},"distantMaxMiles":5},"Vič District":{"countryName":"Slovenia","stateName":"Ljubljana City Municipality","name":"Vič District","lat":46.00779,"lon":14.46968,"geocoding":{},"distantMaxMiles":5},"Šentvid District":{"countryName":"Slovenia","stateName":"Ljubljana City Municipality","name":"Šentvid District","lat":46.10559,"lon":14.43329,"geocoding":{},"distantMaxMiles":5}}},"Ljubno Municipality":{"countryName":"Slovenia","name":"Ljubno Municipality","isoCode":"062","lat":46.3443125,"lon":14.8335492,"geocoding":{},"distantMaxMiles":5,"cities":{"Ljubno ob Savinji":{"countryName":"Slovenia","stateName":"Ljubno Municipality","name":"Ljubno ob Savinji","lat":46.34358,"lon":14.83377,"geocoding":{},"distantMaxMiles":5}}},"Ljutomer Municipality":{"countryName":"Slovenia","name":"Ljutomer Municipality","isoCode":"063","lat":46.5190848,"lon":16.1893216,"geocoding":{},"distantMaxMiles":5,"cities":{"Ljutomer":{"countryName":"Slovenia","stateName":"Ljutomer Municipality","name":"Ljutomer","lat":46.52083,"lon":16.1975,"geocoding":{},"distantMaxMiles":5}}},"Logatec Municipality":{"countryName":"Slovenia","name":"Logatec Municipality","isoCode":"064","lat":45.917611,"lon":14.2351451,"geocoding":{},"distantMaxMiles":5,"cities":{"Logatec":{"countryName":"Slovenia","stateName":"Logatec Municipality","name":"Logatec","lat":45.91444,"lon":14.22583,"geocoding":{},"distantMaxMiles":5}}},"Log–Dragomer Municipality":{"countryName":"Slovenia","name":"Log–Dragomer Municipality","isoCode":"208","lat":46.0178747,"lon":14.3687767,"geocoding":{},"distantMaxMiles":5,"cities":{}},"Lovrenc na Pohorju Municipality":{"countryName":"Slovenia","name":"Lovrenc na Pohorju Municipality","isoCode":"167","lat":46.5419638,"lon":15.4000443,"geocoding":{},"distantMaxMiles":5,"cities":{"Lovrenc na Pohorju":{"countryName":"Slovenia","stateName":"Lovrenc na Pohorju Municipality","name":"Lovrenc na Pohorju","lat":46.54056,"lon":15.39306,"geocoding":{},"distantMaxMiles":5}}},"Loška Dolina Municipality":{"countryName":"Slovenia","name":"Loška Dolina Municipality","isoCode":"065","lat":45.6477908,"lon":14.4973147,"geocoding":{},"distantMaxMiles":5,"cities":{"Leskova Dolina":{"countryName":"Slovenia","stateName":"Loška Dolina Municipality","name":"Leskova Dolina","lat":45.62139,"lon":14.46056,"geocoding":{},"distantMaxMiles":5}}},"Loški Potok Municipality":{"countryName":"Slovenia","name":"Loški Potok Municipality","isoCode":"066","lat":45.6909637,"lon":14.598597,"geocoding":{},"distantMaxMiles":5,"cities":{"Hrib-Loški Potok":{"countryName":"Slovenia","stateName":"Loški Potok Municipality","name":"Hrib-Loški Potok","lat":45.70688,"lon":14.61674,"geocoding":{},"distantMaxMiles":5}}},"Lukovica Municipality":{"countryName":"Slovenia","name":"Lukovica Municipality","isoCode":"068","lat":46.1696293,"lon":14.6907259,"geocoding":{},"distantMaxMiles":5,"cities":{"Lukovica pri Domžalah":{"countryName":"Slovenia","stateName":"Lukovica Municipality","name":"Lukovica pri Domžalah","lat":46.16988,"lon":14.69179,"geocoding":{},"distantMaxMiles":5}}},"Luče Municipality":{"countryName":"Slovenia","name":"Luče Municipality","isoCode":"067","lat":46.3544925,"lon":14.7471504,"geocoding":{},"distantMaxMiles":5,"cities":{"Luče":{"countryName":"Slovenia","stateName":"Luče Municipality","name":"Luče","lat":46.35611,"lon":14.74667,"geocoding":{},"distantMaxMiles":5}}},"Majšperk Municipality":{"countryName":"Slovenia","name":"Majšperk Municipality","isoCode":"069","lat":46.3503019,"lon":15.7340595,"geocoding":{},"distantMaxMiles":5,"cities":{"Majšperk":{"countryName":"Slovenia","stateName":"Majšperk Municipality","name":"Majšperk","lat":46.35167,"lon":15.73361,"geocoding":{},"distantMaxMiles":5}}},"Makole Municipality":{"countryName":"Slovenia","name":"Makole Municipality","isoCode":"198","lat":46.3168697,"lon":15.6664126,"geocoding":{},"distantMaxMiles":5,"cities":{}},"Maribor City Municipality":{"countryName":"Slovenia","name":"Maribor City Municipality","isoCode":"070","lat":46.5506496,"lon":15.6205439,"geocoding":{},"distantMaxMiles":5,"cities":{"Bresternica":{"countryName":"Slovenia","stateName":"Maribor City Municipality","name":"Bresternica","lat":46.56972,"lon":15.575,"geocoding":{},"distantMaxMiles":5},"Kamnica":{"countryName":"Slovenia","stateName":"Maribor City Municipality","name":"Kamnica","lat":46.57444,"lon":15.61417,"geocoding":{},"distantMaxMiles":5},"Limbuš":{"countryName":"Slovenia","stateName":"Maribor City Municipality","name":"Limbuš","lat":46.55361,"lon":15.58361,"geocoding":{},"distantMaxMiles":5},"Maribor":{"countryName":"Slovenia","stateName":"Maribor City Municipality","name":"Maribor","lat":46.55472,"lon":15.64667,"geocoding":{},"distantMaxMiles":5},"Pekre":{"countryName":"Slovenia","stateName":"Maribor City Municipality","name":"Pekre","lat":46.54722,"lon":15.59556,"geocoding":{},"distantMaxMiles":5},"Razvanje":{"countryName":"Slovenia","stateName":"Maribor City Municipality","name":"Razvanje","lat":46.51444,"lon":15.63611,"geocoding":{},"distantMaxMiles":5}}},"Markovci Municipality":{"countryName":"Slovenia","name":"Markovci Municipality","isoCode":"168","lat":46.3879309,"lon":15.9586014,"geocoding":{},"distantMaxMiles":5,"cities":{"Markovci":{"countryName":"Slovenia","stateName":"Markovci Municipality","name":"Markovci","lat":46.39557,"lon":15.92831,"geocoding":{},"distantMaxMiles":5}}},"Medvode Municipality":{"countryName":"Slovenia","name":"Medvode Municipality","isoCode":"071","lat":46.141908,"lon":14.4032596,"geocoding":{},"distantMaxMiles":5,"cities":{"Medvode":{"countryName":"Slovenia","stateName":"Medvode Municipality","name":"Medvode","lat":46.1422,"lon":14.41114,"geocoding":{},"distantMaxMiles":5},"Opština [historical] Ljubljana-Šiška":{"countryName":"Slovenia","stateName":"Medvode Municipality","name":"Opština [historical] Ljubljana-Šiška","lat":46.16667,"lon":14.43333,"geocoding":{},"distantMaxMiles":5},"Zgornje Pirniče":{"countryName":"Slovenia","stateName":"Medvode Municipality","name":"Zgornje Pirniče","lat":46.14251,"lon":14.43158,"geocoding":{},"distantMaxMiles":5}}},"Mengeš Municipality":{"countryName":"Slovenia","name":"Mengeš Municipality","isoCode":"072","lat":46.1659122,"lon":14.5719694,"geocoding":{},"distantMaxMiles":5,"cities":{"Mengeš":{"countryName":"Slovenia","stateName":"Mengeš Municipality","name":"Mengeš","lat":46.16694,"lon":14.575,"geocoding":{},"distantMaxMiles":5},"Preserje pri Radomljah":{"countryName":"Slovenia","stateName":"Mengeš Municipality","name":"Preserje pri Radomljah","lat":46.16911,"lon":14.59698,"geocoding":{},"distantMaxMiles":5}}},"Metlika Municipality":{"countryName":"Slovenia","name":"Metlika Municipality","isoCode":"073","lat":45.6480715,"lon":15.3177838,"geocoding":{},"distantMaxMiles":5,"cities":{"Metlika":{"countryName":"Slovenia","stateName":"Metlika Municipality","name":"Metlika","lat":45.64722,"lon":15.31417,"geocoding":{},"distantMaxMiles":5}}},"Mežica Municipality":{"countryName":"Slovenia","name":"Mežica Municipality","isoCode":"074","lat":46.5215027,"lon":14.852134,"geocoding":{},"distantMaxMiles":5,"cities":{"Mežica":{"countryName":"Slovenia","stateName":"Mežica Municipality","name":"Mežica","lat":46.52139,"lon":14.85444,"geocoding":{},"distantMaxMiles":5}}},"Miklavž na Dravskem Polju Municipality":{"countryName":"Slovenia","name":"Miklavž na Dravskem Polju Municipality","isoCode":"169","lat":46.5082628,"lon":15.6952065,"geocoding":{},"distantMaxMiles":5,"cities":{"Miklavž na Dravskem Polju":{"countryName":"Slovenia","stateName":"Miklavž na Dravskem Polju Municipality","name":"Miklavž na Dravskem Polju","lat":46.50583,"lon":15.69722,"geocoding":{},"distantMaxMiles":5}}},"Miren–Kostanjevica Municipality":{"countryName":"Slovenia","name":"Miren–Kostanjevica Municipality","isoCode":"075","lat":45.8436029,"lon":13.6276647,"geocoding":{},"distantMaxMiles":5,"cities":{"Bilje":{"countryName":"Slovenia","stateName":"Miren–Kostanjevica Municipality","name":"Bilje","lat":45.89444,"lon":13.63222,"geocoding":{},"distantMaxMiles":5},"Miren":{"countryName":"Slovenia","stateName":"Miren–Kostanjevica Municipality","name":"Miren","lat":45.89556,"lon":13.6075,"geocoding":{},"distantMaxMiles":5}}},"Mirna Municipality":{"countryName":"Slovenia","name":"Mirna Municipality","isoCode":"212","lat":45.9515647,"lon":15.0620977,"geocoding":{},"distantMaxMiles":5,"cities":{}},"Mirna Peč Municipality":{"countryName":"Slovenia","name":"Mirna Peč Municipality","isoCode":"170","lat":45.8481574,"lon":15.087945,"geocoding":{},"distantMaxMiles":5,"cities":{"Mirna Peč":{"countryName":"Slovenia","stateName":"Mirna Peč Municipality","name":"Mirna Peč","lat":45.86028,"lon":15.08333,"geocoding":{},"distantMaxMiles":5}}},"Mislinja Municipality":{"countryName":"Slovenia","name":"Mislinja Municipality","isoCode":"076","lat":46.4429403,"lon":15.1987678,"geocoding":{},"distantMaxMiles":5,"cities":{"Mislinja":{"countryName":"Slovenia","stateName":"Mislinja Municipality","name":"Mislinja","lat":46.44141,"lon":15.20027,"geocoding":{},"distantMaxMiles":5}}},"Mokronog–Trebelno Municipality":{"countryName":"Slovenia","name":"Mokronog–Trebelno Municipality","isoCode":"199","lat":45.9088529,"lon":15.1596736,"geocoding":{},"distantMaxMiles":5,"cities":{}},"Moravske Toplice Municipality":{"countryName":"Slovenia","name":"Moravske Toplice Municipality","isoCode":"078","lat":46.6856932,"lon":16.2224582,"geocoding":{},"distantMaxMiles":5,"cities":{"Moravske Toplice":{"countryName":"Slovenia","stateName":"Moravske Toplice Municipality","name":"Moravske Toplice","lat":46.68313,"lon":16.2208,"geocoding":{},"distantMaxMiles":5}}},"Moravče Municipality":{"countryName":"Slovenia","name":"Moravče Municipality","isoCode":"077","lat":46.1362781,"lon":14.746001,"geocoding":{},"distantMaxMiles":5,"cities":{"Moravče":{"countryName":"Slovenia","stateName":"Moravče Municipality","name":"Moravče","lat":46.13694,"lon":14.745,"geocoding":{},"distantMaxMiles":5}}},"Mozirje Municipality":{"countryName":"Slovenia","name":"Mozirje Municipality","isoCode":"079","lat":46.339435,"lon":14.9602413,"geocoding":{},"distantMaxMiles":5,"cities":{"Mozirje":{"countryName":"Slovenia","stateName":"Mozirje Municipality","name":"Mozirje","lat":46.33944,"lon":14.96333,"geocoding":{},"distantMaxMiles":5}}},"Municipality of Apače":{"countryName":"Slovenia","name":"Municipality of Apače","isoCode":"195","lat":46.6974679,"lon":15.9102534,"geocoding":{},"distantMaxMiles":5,"cities":{"Apače":{"countryName":"Slovenia","stateName":"Municipality of Apače","name":"Apače","lat":46.69722,"lon":15.91056,"geocoding":{},"distantMaxMiles":5}}},"Municipality of Cirkulane":{"countryName":"Slovenia","name":"Municipality of Cirkulane","isoCode":"196","lat":46.3298322,"lon":15.9980666,"geocoding":{},"distantMaxMiles":5,"cities":{}},"Municipality of Ilirska Bistrica":{"countryName":"Slovenia","name":"Municipality of Ilirska Bistrica","isoCode":"038","lat":45.5791323,"lon":14.2809729,"geocoding":{},"distantMaxMiles":5,"cities":{"Ilirska Bistrica":{"countryName":"Slovenia","stateName":"Municipality of Ilirska Bistrica","name":"Ilirska Bistrica","lat":45.56757,"lon":14.24571,"geocoding":{},"distantMaxMiles":5}}},"Municipality of Krško":{"countryName":"Slovenia","name":"Municipality of Krško","isoCode":"054","lat":45.9589609,"lon":15.4923555,"geocoding":{},"distantMaxMiles":5,"cities":{"Krško":{"countryName":"Slovenia","stateName":"Municipality of Krško","name":"Krško","lat":45.95915,"lon":15.49167,"geocoding":{},"distantMaxMiles":5},"Leskovec pri Krškem":{"countryName":"Slovenia","stateName":"Municipality of Krško","name":"Leskovec pri Krškem","lat":45.93566,"lon":15.47184,"geocoding":{},"distantMaxMiles":5},"Senovo":{"countryName":"Slovenia","stateName":"Municipality of Krško","name":"Senovo","lat":46.02361,"lon":15.47694,"geocoding":{},"distantMaxMiles":5}}},"Municipality of Škofljica":{"countryName":"Slovenia","name":"Municipality of Škofljica","isoCode":"123","lat":45.9840962,"lon":14.5746626,"geocoding":{},"distantMaxMiles":5,"cities":{"Lavrica":{"countryName":"Slovenia","stateName":"Municipality of Škofljica","name":"Lavrica","lat":46.00002,"lon":14.5573,"geocoding":{},"distantMaxMiles":5},"Škofljica":{"countryName":"Slovenia","stateName":"Municipality of Škofljica","name":"Škofljica","lat":45.98333,"lon":14.57667,"geocoding":{},"distantMaxMiles":5}}},"Murska Sobota City Municipality":{"countryName":"Slovenia","name":"Murska Sobota City Municipality","isoCode":"080","lat":46.6432147,"lon":16.1515754,"geocoding":{},"distantMaxMiles":5,"cities":{"Bakovci":{"countryName":"Slovenia","stateName":"Murska Sobota City Municipality","name":"Bakovci","lat":46.61889,"lon":16.15028,"geocoding":{},"distantMaxMiles":5},"Krog":{"countryName":"Slovenia","stateName":"Murska Sobota City Municipality","name":"Krog","lat":46.63806,"lon":16.14139,"geocoding":{},"distantMaxMiles":5},"Murska Sobota":{"countryName":"Slovenia","stateName":"Murska Sobota City Municipality","name":"Murska Sobota","lat":46.6625,"lon":16.16639,"geocoding":{},"distantMaxMiles":5},"Rakičan":{"countryName":"Slovenia","stateName":"Murska Sobota City Municipality","name":"Rakičan","lat":46.65167,"lon":16.20417,"geocoding":{},"distantMaxMiles":5},"Černelavci":{"countryName":"Slovenia","stateName":"Murska Sobota City Municipality","name":"Černelavci","lat":46.66667,"lon":16.13333,"geocoding":{},"distantMaxMiles":5}}},"Muta Municipality":{"countryName":"Slovenia","name":"Muta Municipality","isoCode":"081","lat":46.6097366,"lon":15.1629995,"geocoding":{},"distantMaxMiles":5,"cities":{"Muta":{"countryName":"Slovenia","stateName":"Muta Municipality","name":"Muta","lat":46.61139,"lon":15.16611,"geocoding":{},"distantMaxMiles":5}}},"Naklo Municipality":{"countryName":"Slovenia","name":"Naklo Municipality","isoCode":"082","lat":46.2718663,"lon":14.3156932,"geocoding":{},"distantMaxMiles":5,"cities":{"Naklo":{"countryName":"Slovenia","stateName":"Naklo Municipality","name":"Naklo","lat":46.27278,"lon":14.31722,"geocoding":{},"distantMaxMiles":5}}},"Nazarje Municipality":{"countryName":"Slovenia","name":"Nazarje Municipality","isoCode":"083","lat":46.2821741,"lon":14.9225629,"geocoding":{},"distantMaxMiles":5,"cities":{"Nazarje":{"countryName":"Slovenia","stateName":"Nazarje Municipality","name":"Nazarje","lat":46.31757,"lon":14.94674,"geocoding":{},"distantMaxMiles":5}}},"Nova Gorica City Municipality":{"countryName":"Slovenia","name":"Nova Gorica City Municipality","isoCode":"084","lat":45.976276,"lon":13.7308881,"geocoding":{},"distantMaxMiles":5,"cities":{"Kromberk":{"countryName":"Slovenia","stateName":"Nova Gorica City Municipality","name":"Kromberk","lat":45.96083,"lon":13.66556,"geocoding":{},"distantMaxMiles":5},"Nova Gorica":{"countryName":"Slovenia","stateName":"Nova Gorica City Municipality","name":"Nova Gorica","lat":45.95604,"lon":13.64837,"geocoding":{},"distantMaxMiles":5},"Prvačina":{"countryName":"Slovenia","stateName":"Nova Gorica City Municipality","name":"Prvačina","lat":45.89,"lon":13.71806,"geocoding":{},"distantMaxMiles":5},"Solkan":{"countryName":"Slovenia","stateName":"Nova Gorica City Municipality","name":"Solkan","lat":45.97139,"lon":13.64944,"geocoding":{},"distantMaxMiles":5},"Šempas":{"countryName":"Slovenia","stateName":"Nova Gorica City Municipality","name":"Šempas","lat":45.93028,"lon":13.74361,"geocoding":{},"distantMaxMiles":5}}},"Odranci Municipality":{"countryName":"Slovenia","name":"Odranci Municipality","isoCode":"086","lat":46.5901017,"lon":16.2788165,"geocoding":{},"distantMaxMiles":5,"cities":{"Odranci":{"countryName":"Slovenia","stateName":"Odranci Municipality","name":"Odranci","lat":46.58667,"lon":16.28028,"geocoding":{},"distantMaxMiles":5}}},"Oplotnica":{"countryName":"Slovenia","name":"Oplotnica","isoCode":"171","lat":46.387163,"lon":15.4458131,"geocoding":{},"distantMaxMiles":5,"cities":{"Oplotnica":{"countryName":"Slovenia","stateName":"Oplotnica","name":"Oplotnica","lat":46.38778,"lon":15.44667,"geocoding":{},"distantMaxMiles":5}}},"Ormož Municipality":{"countryName":"Slovenia","name":"Ormož Municipality","isoCode":"087","lat":46.4353333,"lon":16.154374,"geocoding":{},"distantMaxMiles":5,"cities":{"Ormož":{"countryName":"Slovenia","stateName":"Ormož Municipality","name":"Ormož","lat":46.41139,"lon":16.15444,"geocoding":{},"distantMaxMiles":5}}},"Osilnica Municipality":{"countryName":"Slovenia","name":"Osilnica Municipality","isoCode":"088","lat":45.5418467,"lon":14.7156303,"geocoding":{},"distantMaxMiles":5,"cities":{"Osilnica":{"countryName":"Slovenia","stateName":"Osilnica Municipality","name":"Osilnica","lat":45.52914,"lon":14.69838,"geocoding":{},"distantMaxMiles":5}}},"Pesnica Municipality":{"countryName":"Slovenia","name":"Pesnica Municipality","isoCode":"089","lat":46.6088755,"lon":15.6757051,"geocoding":{},"distantMaxMiles":5,"cities":{"Pesnica pri Mariboru":{"countryName":"Slovenia","stateName":"Pesnica Municipality","name":"Pesnica pri Mariboru","lat":46.60694,"lon":15.67667,"geocoding":{},"distantMaxMiles":5}}},"Piran Municipality":{"countryName":"Slovenia","name":"Piran Municipality","isoCode":"090","lat":45.5288856,"lon":13.5680735,"geocoding":{},"distantMaxMiles":5,"cities":{"Lucija":{"countryName":"Slovenia","stateName":"Piran Municipality","name":"Lucija","lat":45.50526,"lon":13.6024,"geocoding":{},"distantMaxMiles":5},"Piran":{"countryName":"Slovenia","stateName":"Piran Municipality","name":"Piran","lat":45.52778,"lon":13.57056,"geocoding":{},"distantMaxMiles":5},"Portorož":{"countryName":"Slovenia","stateName":"Piran Municipality","name":"Portorož","lat":45.51429,"lon":13.59206,"geocoding":{},"distantMaxMiles":5},"Seča":{"countryName":"Slovenia","stateName":"Piran Municipality","name":"Seča","lat":45.49584,"lon":13.61466,"geocoding":{},"distantMaxMiles":5}}},"Pivka Municipality":{"countryName":"Slovenia","name":"Pivka Municipality","isoCode":"091","lat":45.6789296,"lon":14.2542689,"geocoding":{},"distantMaxMiles":5,"cities":{"Pivka":{"countryName":"Slovenia","stateName":"Pivka Municipality","name":"Pivka","lat":45.68292,"lon":14.19588,"geocoding":{},"distantMaxMiles":5}}},"Podlehnik Municipality":{"countryName":"Slovenia","name":"Podlehnik Municipality","isoCode":"172","lat":46.3310782,"lon":15.8785836,"geocoding":{},"distantMaxMiles":5,"cities":{"Podlehnik":{"countryName":"Slovenia","stateName":"Podlehnik Municipality","name":"Podlehnik","lat":46.33528,"lon":15.88,"geocoding":{},"distantMaxMiles":5}}},"Podvelka Municipality":{"countryName":"Slovenia","name":"Podvelka Municipality","isoCode":"093","lat":46.6221952,"lon":15.3889922,"geocoding":{},"distantMaxMiles":5,"cities":{"Podvelka":{"countryName":"Slovenia","stateName":"Podvelka Municipality","name":"Podvelka","lat":46.58694,"lon":15.33056,"geocoding":{},"distantMaxMiles":5}}},"Podčetrtek Municipality":{"countryName":"Slovenia","name":"Podčetrtek Municipality","isoCode":"092","lat":46.1739542,"lon":15.6013816,"geocoding":{},"distantMaxMiles":5,"cities":{"Podčetrtek":{"countryName":"Slovenia","stateName":"Podčetrtek Municipality","name":"Podčetrtek","lat":46.15694,"lon":15.59861,"geocoding":{},"distantMaxMiles":5}}},"Poljčane Municipality":{"countryName":"Slovenia","name":"Poljčane Municipality","isoCode":"200","lat":46.3139853,"lon":15.5784791,"geocoding":{},"distantMaxMiles":5,"cities":{}},"Polzela Municipality":{"countryName":"Slovenia","name":"Polzela Municipality","isoCode":"173","lat":46.280897,"lon":15.0737321,"geocoding":{},"distantMaxMiles":5,"cities":{"Polzela":{"countryName":"Slovenia","stateName":"Polzela Municipality","name":"Polzela","lat":46.28333,"lon":15.06667,"geocoding":{},"distantMaxMiles":5}}},"Postojna Municipality":{"countryName":"Slovenia","name":"Postojna Municipality","isoCode":"094","lat":45.774939,"lon":14.2134263,"geocoding":{},"distantMaxMiles":5,"cities":{"Postojna":{"countryName":"Slovenia","stateName":"Postojna Municipality","name":"Postojna","lat":45.77435,"lon":14.21528,"geocoding":{},"distantMaxMiles":5}}},"Prebold Municipality":{"countryName":"Slovenia","name":"Prebold Municipality","isoCode":"174","lat":46.2359136,"lon":15.0936912,"geocoding":{},"distantMaxMiles":5,"cities":{"Prebold":{"countryName":"Slovenia","stateName":"Prebold Municipality","name":"Prebold","lat":46.23694,"lon":15.0925,"geocoding":{},"distantMaxMiles":5}}},"Preddvor Municipality":{"countryName":"Slovenia","name":"Preddvor Municipality","isoCode":"095","lat":46.3017139,"lon":14.4218165,"geocoding":{},"distantMaxMiles":5,"cities":{"Preddvor":{"countryName":"Slovenia","stateName":"Preddvor Municipality","name":"Preddvor","lat":46.3025,"lon":14.42306,"geocoding":{},"distantMaxMiles":5}}},"Prevalje Municipality":{"countryName":"Slovenia","name":"Prevalje Municipality","isoCode":"175","lat":46.5621146,"lon":14.8847861,"geocoding":{},"distantMaxMiles":5,"cities":{"Prevalje":{"countryName":"Slovenia","stateName":"Prevalje Municipality","name":"Prevalje","lat":46.54694,"lon":14.92083,"geocoding":{},"distantMaxMiles":5}}},"Ptuj City Municipality":{"countryName":"Slovenia","name":"Ptuj City Municipality","isoCode":"096","lat":46.4199535,"lon":15.8696884,"geocoding":{},"distantMaxMiles":5,"cities":{"Ptuj":{"countryName":"Slovenia","stateName":"Ptuj City Municipality","name":"Ptuj","lat":46.42005,"lon":15.87018,"geocoding":{},"distantMaxMiles":5}}},"Puconci Municipality":{"countryName":"Slovenia","name":"Puconci Municipality","isoCode":"097","lat":46.7200418,"lon":16.0997792,"geocoding":{},"distantMaxMiles":5,"cities":{"Puconci":{"countryName":"Slovenia","stateName":"Puconci Municipality","name":"Puconci","lat":46.70667,"lon":16.15639,"geocoding":{},"distantMaxMiles":5}}},"Radenci Municipality":{"countryName":"Slovenia","name":"Radenci Municipality","isoCode":"100","lat":46.6231121,"lon":16.0506903,"geocoding":{},"distantMaxMiles":5,"cities":{"Radenci":{"countryName":"Slovenia","stateName":"Radenci Municipality","name":"Radenci","lat":46.64201,"lon":16.03781,"geocoding":{},"distantMaxMiles":5}}},"Radeče Municipality":{"countryName":"Slovenia","name":"Radeče Municipality","isoCode":"099","lat":46.0666954,"lon":15.1820438,"geocoding":{},"distantMaxMiles":5,"cities":{"Radeče":{"countryName":"Slovenia","stateName":"Radeče Municipality","name":"Radeče","lat":46.06806,"lon":15.18389,"geocoding":{},"distantMaxMiles":5}}},"Radlje ob Dravi Municipality":{"countryName":"Slovenia","name":"Radlje ob Dravi Municipality","isoCode":"101","lat":46.6135732,"lon":15.2354438,"geocoding":{},"distantMaxMiles":5,"cities":{"Radlje ob Dravi":{"countryName":"Slovenia","stateName":"Radlje ob Dravi Municipality","name":"Radlje ob Dravi","lat":46.61417,"lon":15.22639,"geocoding":{},"distantMaxMiles":5}}},"Radovljica Municipality":{"countryName":"Slovenia","name":"Radovljica Municipality","isoCode":"102","lat":46.3355827,"lon":14.2094534,"geocoding":{},"distantMaxMiles":5,"cities":{"Lesce":{"countryName":"Slovenia","stateName":"Radovljica Municipality","name":"Lesce","lat":46.36111,"lon":14.15778,"geocoding":{},"distantMaxMiles":5},"Radovljica":{"countryName":"Slovenia","stateName":"Radovljica Municipality","name":"Radovljica","lat":46.34444,"lon":14.17444,"geocoding":{},"distantMaxMiles":5}}},"Ravne na Koroškem Municipality":{"countryName":"Slovenia","name":"Ravne na Koroškem Municipality","isoCode":"103","lat":46.5521194,"lon":14.9599084,"geocoding":{},"distantMaxMiles":5,"cities":{"Kotlje":{"countryName":"Slovenia","stateName":"Ravne na Koroškem Municipality","name":"Kotlje","lat":46.52139,"lon":14.98694,"geocoding":{},"distantMaxMiles":5},"Ravne na Koroškem":{"countryName":"Slovenia","stateName":"Ravne na Koroškem Municipality","name":"Ravne na Koroškem","lat":46.54306,"lon":14.96917,"geocoding":{},"distantMaxMiles":5}}},"Razkrižje Municipality":{"countryName":"Slovenia","name":"Razkrižje Municipality","isoCode":"176","lat":46.5226339,"lon":16.2668638,"geocoding":{},"distantMaxMiles":5,"cities":{"Razkrižje":{"countryName":"Slovenia","stateName":"Razkrižje Municipality","name":"Razkrižje","lat":46.52167,"lon":16.28111,"geocoding":{},"distantMaxMiles":5}}},"Rače–Fram Municipality":{"countryName":"Slovenia","name":"Rače–Fram Municipality","isoCode":"098","lat":46.4542083,"lon":15.6329467,"geocoding":{},"distantMaxMiles":5,"cities":{"Fram":{"countryName":"Slovenia","stateName":"Rače–Fram Municipality","name":"Fram","lat":46.456,"lon":15.63007,"geocoding":{},"distantMaxMiles":5},"Morje":{"countryName":"Slovenia","stateName":"Rače–Fram Municipality","name":"Morje","lat":46.44444,"lon":15.62139,"geocoding":{},"distantMaxMiles":5},"Rače":{"countryName":"Slovenia","stateName":"Rače–Fram Municipality","name":"Rače","lat":46.45194,"lon":15.68139,"geocoding":{},"distantMaxMiles":5}}},"Renče–Vogrsko Municipality":{"countryName":"Slovenia","name":"Renče–Vogrsko Municipality","isoCode":"201","lat":45.8954617,"lon":13.6785673,"geocoding":{},"distantMaxMiles":5,"cities":{"Renče":{"countryName":"Slovenia","stateName":"Renče–Vogrsko Municipality","name":"Renče","lat":45.89,"lon":13.66861,"geocoding":{},"distantMaxMiles":5},"Volčja Draga":{"countryName":"Slovenia","stateName":"Renče–Vogrsko Municipality","name":"Volčja Draga","lat":45.90694,"lon":13.6775,"geocoding":{},"distantMaxMiles":5}}},"Rečica ob Savinji Municipality":{"countryName":"Slovenia","name":"Rečica ob Savinji Municipality","isoCode":"209","lat":46.323379,"lon":14.922367,"geocoding":{},"distantMaxMiles":5,"cities":{}},"Ribnica Municipality":{"countryName":"Slovenia","name":"Ribnica Municipality","isoCode":"104","lat":45.7400303,"lon":14.7265782,"geocoding":{},"distantMaxMiles":5,"cities":{"Ribnica":{"countryName":"Slovenia","stateName":"Ribnica Municipality","name":"Ribnica","lat":45.73861,"lon":14.7275,"geocoding":{},"distantMaxMiles":5}}},"Ribnica na Pohorju Municipality":{"countryName":"Slovenia","name":"Ribnica na Pohorju Municipality","isoCode":"177","lat":46.5356145,"lon":15.2674538,"geocoding":{},"distantMaxMiles":5,"cities":{"Ribnica na Pohorju":{"countryName":"Slovenia","stateName":"Ribnica na Pohorju Municipality","name":"Ribnica na Pohorju","lat":46.535,"lon":15.27278,"geocoding":{},"distantMaxMiles":5}}},"Rogatec Municipality":{"countryName":"Slovenia","name":"Rogatec Municipality","isoCode":"107","lat":46.2286626,"lon":15.6991338,"geocoding":{},"distantMaxMiles":5,"cities":{"Rogatec":{"countryName":"Slovenia","stateName":"Rogatec Municipality","name":"Rogatec","lat":46.22944,"lon":15.70028,"geocoding":{},"distantMaxMiles":5}}},"Rogaška Slatina Municipality":{"countryName":"Slovenia","name":"Rogaška Slatina Municipality","isoCode":"106","lat":46.2453973,"lon":15.6265014,"geocoding":{},"distantMaxMiles":5,"cities":{"Rogaška Slatina":{"countryName":"Slovenia","stateName":"Rogaška Slatina Municipality","name":"Rogaška Slatina","lat":46.2375,"lon":15.63972,"geocoding":{},"distantMaxMiles":5}}},"Rogašovci Municipality":{"countryName":"Slovenia","name":"Rogašovci Municipality","isoCode":"105","lat":46.8055785,"lon":16.0345237,"geocoding":{},"distantMaxMiles":5,"cities":{"Rogašovci":{"countryName":"Slovenia","stateName":"Rogašovci Municipality","name":"Rogašovci","lat":46.8,"lon":16.03333,"geocoding":{},"distantMaxMiles":5}}},"Ruše Municipality":{"countryName":"Slovenia","name":"Ruše Municipality","isoCode":"108","lat":46.5206265,"lon":15.4817869,"geocoding":{},"distantMaxMiles":5,"cities":{"Bistrica ob Dravi":{"countryName":"Slovenia","stateName":"Ruše Municipality","name":"Bistrica ob Dravi","lat":46.55419,"lon":15.54855,"geocoding":{},"distantMaxMiles":5},"Ruše":{"countryName":"Slovenia","stateName":"Ruše Municipality","name":"Ruše","lat":46.53944,"lon":15.51583,"geocoding":{},"distantMaxMiles":5}}},"Selnica ob Dravi Municipality":{"countryName":"Slovenia","name":"Selnica ob Dravi Municipality","isoCode":"178","lat":46.5513918,"lon":15.492941,"geocoding":{},"distantMaxMiles":5,"cities":{"Selnica ob Dravi":{"countryName":"Slovenia","stateName":"Selnica ob Dravi Municipality","name":"Selnica ob Dravi","lat":46.55,"lon":15.495,"geocoding":{},"distantMaxMiles":5}}},"Semič Municipality":{"countryName":"Slovenia","name":"Semič Municipality","isoCode":"109","lat":45.6520534,"lon":15.1820701,"geocoding":{},"distantMaxMiles":5,"cities":{"Semič":{"countryName":"Slovenia","stateName":"Semič Municipality","name":"Semič","lat":45.64611,"lon":15.18222,"geocoding":{},"distantMaxMiles":5}}},"Sevnica Municipality":{"countryName":"Slovenia","name":"Sevnica Municipality","isoCode":"110","lat":46.0070317,"lon":15.3045679,"geocoding":{},"distantMaxMiles":5,"cities":{"Sevnica":{"countryName":"Slovenia","stateName":"Sevnica Municipality","name":"Sevnica","lat":46.00778,"lon":15.31556,"geocoding":{},"distantMaxMiles":5}}},"Sežana Municipality":{"countryName":"Slovenia","name":"Sežana Municipality","isoCode":"111","lat":45.7275109,"lon":13.8661931,"geocoding":{},"distantMaxMiles":5,"cities":{"Sežana":{"countryName":"Slovenia","stateName":"Sežana Municipality","name":"Sežana","lat":45.70924,"lon":13.87333,"geocoding":{},"distantMaxMiles":5}}},"Slovenj Gradec City Municipality":{"countryName":"Slovenia","name":"Slovenj Gradec City Municipality","isoCode":"112","lat":46.4877718,"lon":15.0729478,"geocoding":{},"distantMaxMiles":5,"cities":{"Legen":{"countryName":"Slovenia","stateName":"Slovenj Gradec City Municipality","name":"Legen","lat":46.50651,"lon":15.14424,"geocoding":{},"distantMaxMiles":5},"Pameče":{"countryName":"Slovenia","stateName":"Slovenj Gradec City Municipality","name":"Pameče","lat":46.53417,"lon":15.07917,"geocoding":{},"distantMaxMiles":5},"Slovenj Gradec":{"countryName":"Slovenia","stateName":"Slovenj Gradec City Municipality","name":"Slovenj Gradec","lat":46.51028,"lon":15.08056,"geocoding":{},"distantMaxMiles":5},"Šmartno pri Slovenj Gradcu":{"countryName":"Slovenia","stateName":"Slovenj Gradec City Municipality","name":"Šmartno pri Slovenj Gradcu","lat":46.48944,"lon":15.10667,"geocoding":{},"distantMaxMiles":5}}},"Slovenska Bistrica Municipality":{"countryName":"Slovenia","name":"Slovenska Bistrica Municipality","isoCode":"113","lat":46.3919813,"lon":15.5727869,"geocoding":{},"distantMaxMiles":5,"cities":{"Pragersko":{"countryName":"Slovenia","stateName":"Slovenska Bistrica Municipality","name":"Pragersko","lat":46.39667,"lon":15.66,"geocoding":{},"distantMaxMiles":5},"Slovenska Bistrica":{"countryName":"Slovenia","stateName":"Slovenska Bistrica Municipality","name":"Slovenska Bistrica","lat":46.39278,"lon":15.57444,"geocoding":{},"distantMaxMiles":5},"Zgornja Polskava":{"countryName":"Slovenia","stateName":"Slovenska Bistrica Municipality","name":"Zgornja Polskava","lat":46.42556,"lon":15.61222,"geocoding":{},"distantMaxMiles":5}}},"Slovenske Konjice Municipality":{"countryName":"Slovenia","name":"Slovenske Konjice Municipality","isoCode":"114","lat":46.3369191,"lon":15.4214708,"geocoding":{},"distantMaxMiles":5,"cities":{"Slovenske Konjice":{"countryName":"Slovenia","stateName":"Slovenske Konjice Municipality","name":"Slovenske Konjice","lat":46.33667,"lon":15.42583,"geocoding":{},"distantMaxMiles":5}}},"Sodražica Municipality":{"countryName":"Slovenia","name":"Sodražica Municipality","isoCode":"179","lat":45.7616565,"lon":14.6352853,"geocoding":{},"distantMaxMiles":5,"cities":{"Sodražica":{"countryName":"Slovenia","stateName":"Sodražica Municipality","name":"Sodražica","lat":45.76111,"lon":14.63556,"geocoding":{},"distantMaxMiles":5}}},"Solčava Municipality":{"countryName":"Slovenia","name":"Solčava Municipality","isoCode":"180","lat":46.4023526,"lon":14.6802304,"geocoding":{},"distantMaxMiles":5,"cities":{"Solčava":{"countryName":"Slovenia","stateName":"Solčava Municipality","name":"Solčava","lat":46.41944,"lon":14.69361,"geocoding":{},"distantMaxMiles":5}}},"Središče ob Dravi":{"countryName":"Slovenia","name":"Središče ob Dravi","isoCode":"202","lat":46.3959282,"lon":16.2704915,"geocoding":{},"distantMaxMiles":5,"cities":{"Središče ob Dravi":{"countryName":"Slovenia","stateName":"Središče ob Dravi","name":"Središče ob Dravi","lat":46.39417,"lon":16.26806,"geocoding":{},"distantMaxMiles":5}}},"Starše Municipality":{"countryName":"Slovenia","name":"Starše Municipality","isoCode":"115","lat":46.4674331,"lon":15.7640546,"geocoding":{},"distantMaxMiles":5,"cities":{"Starše":{"countryName":"Slovenia","stateName":"Starše Municipality","name":"Starše","lat":46.46583,"lon":15.76722,"geocoding":{},"distantMaxMiles":5}}},"Straža Municipality":{"countryName":"Slovenia","name":"Straža Municipality","isoCode":"203","lat":45.7768428,"lon":15.0948694,"geocoding":{},"distantMaxMiles":5,"cities":{"Straža":{"countryName":"Slovenia","stateName":"Straža Municipality","name":"Straža","lat":45.78,"lon":15.07278,"geocoding":{},"distantMaxMiles":5}}},"Sveta Ana Municipality":{"countryName":"Slovenia","name":"Sveta Ana Municipality","isoCode":"181","lat":46.65,"lon":15.845278,"geocoding":{},"distantMaxMiles":5,"cities":{"Sv. Ana v Slov. Goricah":{"countryName":"Slovenia","stateName":"Sveta Ana Municipality","name":"Sv. Ana v Slov. Goricah","lat":46.64917,"lon":15.84417,"geocoding":{},"distantMaxMiles":5}}},"Sveta Trojica v Slovenskih Goricah Municipality":{"countryName":"Slovenia","name":"Sveta Trojica v Slovenskih Goricah Municipality","isoCode":"204","lat":46.5680809,"lon":15.8823064,"geocoding":{},"distantMaxMiles":5,"cities":{"Sv. Trojica v Slov. Goricah":{"countryName":"Slovenia","stateName":"Sveta Trojica v Slovenskih Goricah Municipality","name":"Sv. Trojica v Slov. Goricah","lat":46.57667,"lon":15.87694,"geocoding":{},"distantMaxMiles":5}}},"Sveti Andraž v Slovenskih Goricah Municipality":{"countryName":"Slovenia","name":"Sveti Andraž v Slovenskih Goricah Municipality","isoCode":"182","lat":46.5189747,"lon":15.9498262,"geocoding":{},"distantMaxMiles":5,"cities":{"Vitomarci":{"countryName":"Slovenia","stateName":"Sveti Andraž v Slovenskih Goricah Municipality","name":"Vitomarci","lat":46.5275,"lon":15.93944,"geocoding":{},"distantMaxMiles":5}}},"Sveti Jurij ob Ščavnici Municipality":{"countryName":"Slovenia","name":"Sveti Jurij ob Ščavnici Municipality","isoCode":"116","lat":46.5687452,"lon":16.0222528,"geocoding":{},"distantMaxMiles":5,"cities":{}},"Sveti Jurij v Slovenskih Goricah Municipality":{"countryName":"Slovenia","name":"Sveti Jurij v Slovenskih Goricah Municipality","isoCode":"210","lat":46.6170791,"lon":15.7804677,"geocoding":{},"distantMaxMiles":5,"cities":{"Sveti Jurij ob Ščavnici":{"countryName":"Slovenia","stateName":"Sveti Jurij v Slovenskih Goricah Municipality","name":"Sveti Jurij ob Ščavnici","lat":46.5695,"lon":16.02347,"geocoding":{},"distantMaxMiles":5}}},"Sveti Tomaž Municipality":{"countryName":"Slovenia","name":"Sveti Tomaž Municipality","isoCode":"205","lat":46.4835283,"lon":16.079442,"geocoding":{},"distantMaxMiles":5,"cities":{"Sveti Tomaž":{"countryName":"Slovenia","stateName":"Sveti Tomaž Municipality","name":"Sveti Tomaž","lat":46.48417,"lon":16.08361,"geocoding":{},"distantMaxMiles":5}}},"Tabor Municipality":{"countryName":"Slovenia","name":"Tabor Municipality","isoCode":"184","lat":46.2107921,"lon":15.0174249,"geocoding":{},"distantMaxMiles":5,"cities":{"Tabor":{"countryName":"Slovenia","stateName":"Tabor Municipality","name":"Tabor","lat":46.23611,"lon":15.01833,"geocoding":{},"distantMaxMiles":5}}},"Tišina Municipality":{"countryName":"Slovenia","name":"Tišina Municipality","isoCode":"010","lat":46.6541884,"lon":16.0754781,"geocoding":{},"distantMaxMiles":5,"cities":{"Tišina":{"countryName":"Slovenia","stateName":"Tišina Municipality","name":"Tišina","lat":46.65806,"lon":16.09167,"geocoding":{},"distantMaxMiles":5}}},"Tolmin Municipality":{"countryName":"Slovenia","name":"Tolmin Municipality","isoCode":"128","lat":46.1857188,"lon":13.7319838,"geocoding":{},"distantMaxMiles":5,"cities":{"Tolmin":{"countryName":"Slovenia","stateName":"Tolmin Municipality","name":"Tolmin","lat":46.18304,"lon":13.73321,"geocoding":{},"distantMaxMiles":5}}},"Trbovlje Municipality":{"countryName":"Slovenia","name":"Trbovlje Municipality","isoCode":"129","lat":46.1503563,"lon":15.0453137,"geocoding":{},"distantMaxMiles":5,"cities":{"Trbovlje":{"countryName":"Slovenia","stateName":"Trbovlje Municipality","name":"Trbovlje","lat":46.155,"lon":15.05333,"geocoding":{},"distantMaxMiles":5}}},"Trebnje Municipality":{"countryName":"Slovenia","name":"Trebnje Municipality","isoCode":"130","lat":45.9080163,"lon":15.0131905,"geocoding":{},"distantMaxMiles":5,"cities":{"Trebnje":{"countryName":"Slovenia","stateName":"Trebnje Municipality","name":"Trebnje","lat":45.90417,"lon":15.02167,"geocoding":{},"distantMaxMiles":5}}},"Trnovska Vas Municipality":{"countryName":"Slovenia","name":"Trnovska Vas Municipality","isoCode":"185","lat":46.5294035,"lon":15.8853118,"geocoding":{},"distantMaxMiles":5,"cities":{"Trnovska Vas":{"countryName":"Slovenia","stateName":"Trnovska Vas Municipality","name":"Trnovska Vas","lat":46.52019,"lon":15.88657,"geocoding":{},"distantMaxMiles":5}}},"Trzin Municipality":{"countryName":"Slovenia","name":"Trzin Municipality","isoCode":"186","lat":46.1298241,"lon":14.5577637,"geocoding":{},"distantMaxMiles":5,"cities":{"Trzin":{"countryName":"Slovenia","stateName":"Trzin Municipality","name":"Trzin","lat":46.13333,"lon":14.56667,"geocoding":{},"distantMaxMiles":5},"Črnuče District":{"countryName":"Slovenia","stateName":"Trzin Municipality","name":"Črnuče District","lat":46.11506,"lon":14.55371,"geocoding":{},"distantMaxMiles":5}}},"Tržič Municipality":{"countryName":"Slovenia","name":"Tržič Municipality","isoCode":"131","lat":46.3593514,"lon":14.3006623,"geocoding":{},"distantMaxMiles":5,"cities":{"Bistrica pri Tržiču":{"countryName":"Slovenia","stateName":"Tržič Municipality","name":"Bistrica pri Tržiču","lat":46.35472,"lon":14.29167,"geocoding":{},"distantMaxMiles":5},"Tržič":{"countryName":"Slovenia","stateName":"Tržič Municipality","name":"Tržič","lat":46.36357,"lon":14.31046,"geocoding":{},"distantMaxMiles":5}}},"Turnišče Municipality":{"countryName":"Slovenia","name":"Turnišče Municipality","isoCode":"132","lat":46.6137504,"lon":16.32021,"geocoding":{},"distantMaxMiles":5,"cities":{"Turnišče":{"countryName":"Slovenia","stateName":"Turnišče Municipality","name":"Turnišče","lat":46.62778,"lon":16.32028,"geocoding":{},"distantMaxMiles":5}}},"Velika Polana Municipality":{"countryName":"Slovenia","name":"Velika Polana Municipality","isoCode":"187","lat":46.5731715,"lon":16.3444126,"geocoding":{},"distantMaxMiles":5,"cities":{"Velika Polana":{"countryName":"Slovenia","stateName":"Velika Polana Municipality","name":"Velika Polana","lat":46.57194,"lon":16.34694,"geocoding":{},"distantMaxMiles":5}}},"Velike Lašče Municipality":{"countryName":"Slovenia","name":"Velike Lašče Municipality","isoCode":"134","lat":45.8336591,"lon":14.6362363,"geocoding":{},"distantMaxMiles":5,"cities":{"Velike Lašče":{"countryName":"Slovenia","stateName":"Velike Lašče Municipality","name":"Velike Lašče","lat":45.83222,"lon":14.63639,"geocoding":{},"distantMaxMiles":5}}},"Veržej Municipality":{"countryName":"Slovenia","name":"Veržej Municipality","isoCode":"188","lat":46.5841135,"lon":16.16208,"geocoding":{},"distantMaxMiles":5,"cities":{"Veržej":{"countryName":"Slovenia","stateName":"Veržej Municipality","name":"Veržej","lat":46.58361,"lon":16.16528,"geocoding":{},"distantMaxMiles":5}}},"Videm Municipality":{"countryName":"Slovenia","name":"Videm Municipality","isoCode":"135","lat":46.363833,"lon":15.8781212,"geocoding":{},"distantMaxMiles":5,"cities":{"Videm pri Ptuju":{"countryName":"Slovenia","stateName":"Videm Municipality","name":"Videm pri Ptuju","lat":46.36861,"lon":15.90639,"geocoding":{},"distantMaxMiles":5}}},"Vipava Municipality":{"countryName":"Slovenia","name":"Vipava Municipality","isoCode":"136","lat":45.8412674,"lon":13.9609613,"geocoding":{},"distantMaxMiles":5,"cities":{"Vipava":{"countryName":"Slovenia","stateName":"Vipava Municipality","name":"Vipava","lat":45.84667,"lon":13.96306,"geocoding":{},"distantMaxMiles":5}}},"Vitanje Municipality":{"countryName":"Slovenia","name":"Vitanje Municipality","isoCode":"137","lat":46.3815323,"lon":15.2950687,"geocoding":{},"distantMaxMiles":5,"cities":{"Vitanje":{"countryName":"Slovenia","stateName":"Vitanje Municipality","name":"Vitanje","lat":46.38167,"lon":15.29583,"geocoding":{},"distantMaxMiles":5}}},"Vodice Municipality":{"countryName":"Slovenia","name":"Vodice Municipality","isoCode":"138","lat":46.1896643,"lon":14.4938539,"geocoding":{},"distantMaxMiles":5,"cities":{"Vodice":{"countryName":"Slovenia","stateName":"Vodice Municipality","name":"Vodice","lat":46.18987,"lon":14.49492,"geocoding":{},"distantMaxMiles":5}}},"Vojnik Municipality":{"countryName":"Slovenia","name":"Vojnik Municipality","isoCode":"139","lat":46.2920581,"lon":15.302058,"geocoding":{},"distantMaxMiles":5,"cities":{"Vojnik":{"countryName":"Slovenia","stateName":"Vojnik Municipality","name":"Vojnik","lat":46.29333,"lon":15.30333,"geocoding":{},"distantMaxMiles":5}}},"Vransko Municipality":{"countryName":"Slovenia","name":"Vransko Municipality","isoCode":"189","lat":46.239006,"lon":14.9527249,"geocoding":{},"distantMaxMiles":5,"cities":{"Vransko":{"countryName":"Slovenia","stateName":"Vransko Municipality","name":"Vransko","lat":46.24389,"lon":14.95139,"geocoding":{},"distantMaxMiles":5}}},"Vrhnika Municipality":{"countryName":"Slovenia","name":"Vrhnika Municipality","isoCode":"140","lat":45.9502719,"lon":14.3276422,"geocoding":{},"distantMaxMiles":5,"cities":{"Verd":{"countryName":"Slovenia","stateName":"Vrhnika Municipality","name":"Verd","lat":45.95667,"lon":14.30583,"geocoding":{},"distantMaxMiles":5},"Vrhnika":{"countryName":"Slovenia","stateName":"Vrhnika Municipality","name":"Vrhnika","lat":45.9635,"lon":14.29484,"geocoding":{},"distantMaxMiles":5}}},"Vuzenica Municipality":{"countryName":"Slovenia","name":"Vuzenica Municipality","isoCode":"141","lat":46.5980836,"lon":15.1657237,"geocoding":{},"distantMaxMiles":5,"cities":{"Vuzenica":{"countryName":"Slovenia","stateName":"Vuzenica Municipality","name":"Vuzenica","lat":46.59639,"lon":15.16722,"geocoding":{},"distantMaxMiles":5}}},"Zagorje ob Savi Municipality":{"countryName":"Slovenia","name":"Zagorje ob Savi Municipality","isoCode":"142","lat":46.1345202,"lon":14.9964384,"geocoding":{},"distantMaxMiles":5,"cities":{"Izlake":{"countryName":"Slovenia","stateName":"Zagorje ob Savi Municipality","name":"Izlake","lat":46.15,"lon":14.95,"geocoding":{},"distantMaxMiles":5},"Kisovec":{"countryName":"Slovenia","stateName":"Zagorje ob Savi Municipality","name":"Kisovec","lat":46.13911,"lon":14.96295,"geocoding":{},"distantMaxMiles":5},"Zagorje ob Savi":{"countryName":"Slovenia","stateName":"Zagorje ob Savi Municipality","name":"Zagorje ob Savi","lat":46.13179,"lon":14.99694,"geocoding":{},"distantMaxMiles":5}}},"Zavrč Municipality":{"countryName":"Slovenia","name":"Zavrč Municipality","isoCode":"143","lat":46.35713,"lon":16.0477747,"geocoding":{},"distantMaxMiles":5,"cities":{"Zavrč":{"countryName":"Slovenia","stateName":"Zavrč Municipality","name":"Zavrč","lat":46.39167,"lon":16.04972,"geocoding":{},"distantMaxMiles":5}}},"Zreče Municipality":{"countryName":"Slovenia","name":"Zreče Municipality","isoCode":"144","lat":46.4177786,"lon":15.3709431,"geocoding":{},"distantMaxMiles":5,"cities":{"Zreče":{"countryName":"Slovenia","stateName":"Zreče Municipality","name":"Zreče","lat":46.38222,"lon":15.37917,"geocoding":{},"distantMaxMiles":5}}},"Črenšovci Municipality":{"countryName":"Slovenia","name":"Črenšovci Municipality","isoCode":"015","lat":46.5720029,"lon":16.2877346,"geocoding":{},"distantMaxMiles":5,"cities":{"Črenšovci":{"countryName":"Slovenia","stateName":"Črenšovci Municipality","name":"Črenšovci","lat":46.55794,"lon":16.3041,"geocoding":{},"distantMaxMiles":5}}},"Črna na Koroškem Municipality":{"countryName":"Slovenia","name":"Črna na Koroškem Municipality","isoCode":"016","lat":46.4704529,"lon":14.8499998,"geocoding":{},"distantMaxMiles":5,"cities":{"Črna na Koroškem":{"countryName":"Slovenia","stateName":"Črna na Koroškem Municipality","name":"Črna na Koroškem","lat":46.47045,"lon":14.85009,"geocoding":{},"distantMaxMiles":5}}},"Črnomelj Municipality":{"countryName":"Slovenia","name":"Črnomelj Municipality","isoCode":"017","lat":45.5361225,"lon":15.1944143,"geocoding":{},"distantMaxMiles":5,"cities":{"Črnomelj":{"countryName":"Slovenia","stateName":"Črnomelj Municipality","name":"Črnomelj","lat":45.57111,"lon":15.18889,"geocoding":{},"distantMaxMiles":5}}},"Šalovci Municipality":{"countryName":"Slovenia","name":"Šalovci Municipality","isoCode":"033","lat":46.8533568,"lon":16.2591791,"geocoding":{},"distantMaxMiles":5,"cities":{"Šalovci":{"countryName":"Slovenia","stateName":"Šalovci Municipality","name":"Šalovci","lat":46.825,"lon":16.29806,"geocoding":{},"distantMaxMiles":5}}},"Šempeter–Vrtojba Municipality":{"countryName":"Slovenia","name":"Šempeter–Vrtojba Municipality","isoCode":"183","lat":45.9290095,"lon":13.6415594,"geocoding":{},"distantMaxMiles":5,"cities":{"Rožna Dolina":{"countryName":"Slovenia","stateName":"Šempeter–Vrtojba Municipality","name":"Rožna Dolina","lat":45.94194,"lon":13.66779,"geocoding":{},"distantMaxMiles":5},"Vrtojba":{"countryName":"Slovenia","stateName":"Šempeter–Vrtojba Municipality","name":"Vrtojba","lat":45.9125,"lon":13.63417,"geocoding":{},"distantMaxMiles":5},"Šempeter pri Gorici":{"countryName":"Slovenia","stateName":"Šempeter–Vrtojba Municipality","name":"Šempeter pri Gorici","lat":45.9275,"lon":13.64111,"geocoding":{},"distantMaxMiles":5}}},"Šentilj Municipality":{"countryName":"Slovenia","name":"Šentilj Municipality","isoCode":"118","lat":46.6862839,"lon":15.7103567,"geocoding":{},"distantMaxMiles":5,"cities":{"Selnica ob Muri":{"countryName":"Slovenia","stateName":"Šentilj Municipality","name":"Selnica ob Muri","lat":46.68333,"lon":15.7,"geocoding":{},"distantMaxMiles":5},"Šentilj v Slov. Goricah":{"countryName":"Slovenia","stateName":"Šentilj Municipality","name":"Šentilj v Slov. Goricah","lat":46.68167,"lon":15.64806,"geocoding":{},"distantMaxMiles":5}}},"Šentjernej Municipality":{"countryName":"Slovenia","name":"Šentjernej Municipality","isoCode":"119","lat":45.843413,"lon":15.3378312,"geocoding":{},"distantMaxMiles":5,"cities":{"Šentjernej":{"countryName":"Slovenia","stateName":"Šentjernej Municipality","name":"Šentjernej","lat":45.84,"lon":15.33611,"geocoding":{},"distantMaxMiles":5}}},"Šentjur Municipality":{"countryName":"Slovenia","name":"Šentjur Municipality","isoCode":"120","lat":46.2654339,"lon":15.408,"geocoding":{},"distantMaxMiles":5,"cities":{"Šentjur":{"countryName":"Slovenia","stateName":"Šentjur Municipality","name":"Šentjur","lat":46.21722,"lon":15.3975,"geocoding":{},"distantMaxMiles":5}}},"Šentrupert Municipality":{"countryName":"Slovenia","name":"Šentrupert Municipality","isoCode":"211","lat":45.9873142,"lon":15.0829783,"geocoding":{},"distantMaxMiles":5,"cities":{"Šentrupert":{"countryName":"Slovenia","stateName":"Šentrupert Municipality","name":"Šentrupert","lat":45.97778,"lon":15.09556,"geocoding":{},"distantMaxMiles":5}}},"Šenčur Municipality":{"countryName":"Slovenia","name":"Šenčur Municipality","isoCode":"117","lat":46.2433699,"lon":14.4192223,"geocoding":{},"distantMaxMiles":5,"cities":{"Hrastje":{"countryName":"Slovenia","stateName":"Šenčur Municipality","name":"Hrastje","lat":46.21667,"lon":14.4,"geocoding":{},"distantMaxMiles":5},"Šenčur":{"countryName":"Slovenia","stateName":"Šenčur Municipality","name":"Šenčur","lat":46.24556,"lon":14.41972,"geocoding":{},"distantMaxMiles":5}}},"Škocjan Municipality":{"countryName":"Slovenia","name":"Škocjan Municipality","isoCode":"121","lat":45.9175454,"lon":15.3101736,"geocoding":{},"distantMaxMiles":5,"cities":{"Škocjan":{"countryName":"Slovenia","stateName":"Škocjan Municipality","name":"Škocjan","lat":45.90667,"lon":15.29139,"geocoding":{},"distantMaxMiles":5}}},"Škofja Loka Municipality":{"countryName":"Slovenia","name":"Škofja Loka Municipality","isoCode":"122","lat":46.1409844,"lon":14.2811873,"geocoding":{},"distantMaxMiles":5,"cities":{"Sv. Duh":{"countryName":"Slovenia","stateName":"Škofja Loka Municipality","name":"Sv. Duh","lat":46.18333,"lon":14.33333,"geocoding":{},"distantMaxMiles":5},"Škofja Loka":{"countryName":"Slovenia","stateName":"Škofja Loka Municipality","name":"Škofja Loka","lat":46.16551,"lon":14.30626,"geocoding":{},"distantMaxMiles":5}}},"Šmarje pri Jelšah Municipality":{"countryName":"Slovenia","name":"Šmarje pri Jelšah Municipality","isoCode":"124","lat":46.2287025,"lon":15.5190353,"geocoding":{},"distantMaxMiles":5,"cities":{"Šmarje pri Jelšah":{"countryName":"Slovenia","stateName":"Šmarje pri Jelšah Municipality","name":"Šmarje pri Jelšah","lat":46.22722,"lon":15.51917,"geocoding":{},"distantMaxMiles":5}}},"Šmarješke Toplice Municipality":{"countryName":"Slovenia","name":"Šmarješke Toplice Municipality","isoCode":"206","lat":45.8680377,"lon":15.2347422,"geocoding":{},"distantMaxMiles":5,"cities":{"Šmarjeta":{"countryName":"Slovenia","stateName":"Šmarješke Toplice Municipality","name":"Šmarjeta","lat":45.88333,"lon":15.25,"geocoding":{},"distantMaxMiles":5}}},"Šmartno ob Paki Municipality":{"countryName":"Slovenia","name":"Šmartno ob Paki Municipality","isoCode":"125","lat":46.3290372,"lon":15.0333937,"geocoding":{},"distantMaxMiles":5,"cities":{"Šmartno ob Paki":{"countryName":"Slovenia","stateName":"Šmartno ob Paki Municipality","name":"Šmartno ob Paki","lat":46.33333,"lon":15.03333,"geocoding":{},"distantMaxMiles":5}}},"Šmartno pri Litiji Municipality":{"countryName":"Slovenia","name":"Šmartno pri Litiji Municipality","isoCode":"194","lat":46.0454971,"lon":14.8410133,"geocoding":{},"distantMaxMiles":5,"cities":{"Šmartno pri Litiji":{"countryName":"Slovenia","stateName":"Šmartno pri Litiji Municipality","name":"Šmartno pri Litiji","lat":46.04444,"lon":14.84417,"geocoding":{},"distantMaxMiles":5}}},"Šoštanj Municipality":{"countryName":"Slovenia","name":"Šoštanj Municipality","isoCode":"126","lat":46.3782836,"lon":15.0461378,"geocoding":{},"distantMaxMiles":5,"cities":{"Ravne":{"countryName":"Slovenia","stateName":"Šoštanj Municipality","name":"Ravne","lat":46.41413,"lon":15.06087,"geocoding":{},"distantMaxMiles":5},"Topolšica":{"countryName":"Slovenia","stateName":"Šoštanj Municipality","name":"Topolšica","lat":46.40028,"lon":15.02157,"geocoding":{},"distantMaxMiles":5},"Šoštanj":{"countryName":"Slovenia","stateName":"Šoštanj Municipality","name":"Šoštanj","lat":46.38,"lon":15.04861,"geocoding":{},"distantMaxMiles":5}}},"Štore Municipality":{"countryName":"Slovenia","name":"Štore Municipality","isoCode":"127","lat":46.2222514,"lon":15.3126116,"geocoding":{},"distantMaxMiles":5,"cities":{"Štore":{"countryName":"Slovenia","stateName":"Štore Municipality","name":"Štore","lat":46.22083,"lon":15.31389,"geocoding":{},"distantMaxMiles":5}}},"Žalec Municipality":{"countryName":"Slovenia","name":"Žalec Municipality","isoCode":"190","lat":46.2519712,"lon":15.1650072,"geocoding":{},"distantMaxMiles":5,"cities":{"Gotovlje":{"countryName":"Slovenia","stateName":"Žalec Municipality","name":"Gotovlje","lat":46.27418,"lon":15.15186,"geocoding":{},"distantMaxMiles":5},"Zabukovica":{"countryName":"Slovenia","stateName":"Žalec Municipality","name":"Zabukovica","lat":46.21408,"lon":15.15954,"geocoding":{},"distantMaxMiles":5},"Šempeter v Savinj. Dolini":{"countryName":"Slovenia","stateName":"Žalec Municipality","name":"Šempeter v Savinj. Dolini","lat":46.25639,"lon":15.12194,"geocoding":{},"distantMaxMiles":5},"Žalec":{"countryName":"Slovenia","stateName":"Žalec Municipality","name":"Žalec","lat":46.25151,"lon":15.16482,"geocoding":{},"distantMaxMiles":5}}},"Železniki Municipality":{"countryName":"Slovenia","name":"Železniki Municipality","isoCode":"146","lat":46.2256377,"lon":14.1693617,"geocoding":{},"distantMaxMiles":5,"cities":{"Železniki":{"countryName":"Slovenia","stateName":"Železniki Municipality","name":"Železniki","lat":46.22482,"lon":14.17205,"geocoding":{},"distantMaxMiles":5}}},"Žetale Municipality":{"countryName":"Slovenia","name":"Žetale Municipality","isoCode":"191","lat":46.2742833,"lon":15.7913359,"geocoding":{},"distantMaxMiles":5,"cities":{"Žetale":{"countryName":"Slovenia","stateName":"Žetale Municipality","name":"Žetale","lat":46.27356,"lon":15.82658,"geocoding":{},"distantMaxMiles":5}}},"Žiri Municipality":{"countryName":"Slovenia","name":"Žiri Municipality","isoCode":"147","lat":46.0472499,"lon":14.1098451,"geocoding":{},"distantMaxMiles":5,"cities":{"Žiri":{"countryName":"Slovenia","stateName":"Žiri Municipality","name":"Žiri","lat":46.04222,"lon":14.10722,"geocoding":{},"distantMaxMiles":5}}},"Žirovnica Municipality":{"countryName":"Slovenia","name":"Žirovnica Municipality","isoCode":"192","lat":46.3954403,"lon":14.1539632,"geocoding":{},"distantMaxMiles":5,"cities":{"Žirovnica":{"countryName":"Slovenia","stateName":"Žirovnica Municipality","name":"Žirovnica","lat":46.40472,"lon":14.14,"geocoding":{},"distantMaxMiles":5}}},"Žužemberk Municipality":{"countryName":"Slovenia","name":"Žužemberk Municipality","isoCode":"193","lat":45.820035,"lon":14.9535919,"geocoding":{},"distantMaxMiles":5,"cities":{"Žužemberk":{"countryName":"Slovenia","stateName":"Žužemberk Municipality","name":"Žužemberk","lat":45.83389,"lon":14.92917,"geocoding":{},"distantMaxMiles":5}}}}}