{"name":"The Bahamas","isoCode":"BS","lat":24.25,"lon":-76,"geocoding":{},"distantMaxMiles":5,"states":{"Acklins":{"countryName":"The Bahamas","name":"Acklins","isoCode":"AK","lat":22.3657708,"lon":-74.0535126,"geocoding":{},"distantMaxMiles":5,"cities":{}},"Acklins and Crooked Islands":{"countryName":"The Bahamas","name":"Acklins and Crooked Islands","isoCode":"AC","lat":22.3657708,"lon":-74.0535126,"geocoding":{},"distantMaxMiles":5,"cities":{}},"Berry Islands":{"countryName":"The Bahamas","name":"Berry Islands","isoCode":"BY","lat":25.6250042,"lon":-77.8252203,"geocoding":{},"distantMaxMiles":5,"cities":{}},"Bimini":{"countryName":"The Bahamas","name":"Bimini","isoCode":"BI","lat":24.6415325,"lon":-79.8506226,"geocoding":{},"distantMaxMiles":5,"cities":{"Alice Town":{"countryName":"The Bahamas","stateName":"Bimini","name":"Alice Town","lat":25.728,"lon":-79.29721,"geocoding":{},"distantMaxMiles":5}}},"Black Point":{"countryName":"The Bahamas","name":"Black Point","isoCode":"BP","lat":41.3951024,"lon":-71.4650556,"geocoding":{},"distantMaxMiles":5,"cities":{}},"Cat Island":{"countryName":"The Bahamas","name":"Cat Island","isoCode":"CI","lat":30.2280136,"lon":-89.1014933,"geocoding":{},"distantMaxMiles":5,"cities":{"Arthur’s Town":{"countryName":"The Bahamas","stateName":"Cat Island","name":"Arthur’s Town","lat":24.6224,"lon":-75.67151,"geocoding":{},"distantMaxMiles":5}}},"Central Abaco":{"countryName":"The Bahamas","name":"Central Abaco","isoCode":"CO","lat":26.3555029,"lon":-77.1485163,"geocoding":{},"distantMaxMiles":5,"cities":{"Marsh Harbour":{"countryName":"The Bahamas","stateName":"Central Abaco","name":"Marsh Harbour","lat":26.54124,"lon":-77.0636,"geocoding":{},"distantMaxMiles":5}}},"Central Andros":{"countryName":"The Bahamas","name":"Central Andros","isoCode":"CS","lat":24.4688482,"lon":-77.973865,"geocoding":{},"distantMaxMiles":5,"cities":{}},"Central Eleuthera":{"countryName":"The Bahamas","name":"Central Eleuthera","isoCode":"CE","lat":25.1362037,"lon":-76.1435915,"geocoding":{},"distantMaxMiles":5,"cities":{}},"Crooked Island":{"countryName":"The Bahamas","name":"Crooked Island","isoCode":"CK","lat":22.6390982,"lon":-74.006509,"geocoding":{},"distantMaxMiles":5,"cities":{"Colonel Hill":{"countryName":"The Bahamas","stateName":"Crooked Island","name":"Colonel Hill","lat":22.7545,"lon":-74.20415,"geocoding":{},"distantMaxMiles":5}}},"East Grand Bahama":{"countryName":"The Bahamas","name":"East Grand Bahama","isoCode":"EG","lat":26.6582823,"lon":-78.2248291,"geocoding":{},"distantMaxMiles":5,"cities":{"High Rock":{"countryName":"The Bahamas","stateName":"East Grand Bahama","name":"High Rock","lat":26.60999,"lon":-78.27863,"geocoding":{},"distantMaxMiles":5}}},"Exuma":{"countryName":"The Bahamas","name":"Exuma","isoCode":"EX","lat":23.6192598,"lon":-75.9695465,"geocoding":{},"distantMaxMiles":5,"cities":{"George Town":{"countryName":"The Bahamas","stateName":"Exuma","name":"George Town","lat":23.51616,"lon":-75.78665,"geocoding":{},"distantMaxMiles":5}}},"Freeport":{"countryName":"The Bahamas","name":"Freeport","isoCode":"FP","lat":42.2966861,"lon":-89.6212271,"geocoding":{},"distantMaxMiles":5,"cities":{"Freeport":{"countryName":"The Bahamas","stateName":"Freeport","name":"Freeport","lat":26.53333,"lon":-78.7,"geocoding":{},"distantMaxMiles":5},"Lucaya":{"countryName":"The Bahamas","stateName":"Freeport","name":"Lucaya","lat":26.53333,"lon":-78.66667,"geocoding":{},"distantMaxMiles":5}}},"Fresh Creek":{"countryName":"The Bahamas","name":"Fresh Creek","isoCode":"FC","lat":40.6543756,"lon":-73.8947939,"geocoding":{},"distantMaxMiles":5,"cities":{}},"Governor's Harbour":{"countryName":"The Bahamas","name":"Governor's Harbour","isoCode":"GH","lat":25.1948096,"lon":-76.2439622,"geocoding":{},"distantMaxMiles":5,"cities":{}},"Grand Cay":{"countryName":"The Bahamas","name":"Grand Cay","isoCode":"GC","lat":27.2162615,"lon":-78.3230559,"geocoding":{},"distantMaxMiles":5,"cities":{}},"Green Turtle Cay":{"countryName":"The Bahamas","name":"Green Turtle Cay","isoCode":"GT","lat":26.7747107,"lon":-77.3295708,"geocoding":{},"distantMaxMiles":5,"cities":{}},"Harbour Island":{"countryName":"The Bahamas","name":"Harbour Island","isoCode":"HI","lat":25.50011,"lon":-76.6340511,"geocoding":{},"distantMaxMiles":5,"cities":{"Dunmore Town":{"countryName":"The Bahamas","stateName":"Harbour Island","name":"Dunmore Town","lat":25.50216,"lon":-76.63633,"geocoding":{},"distantMaxMiles":5}}},"High Rock":{"countryName":"The Bahamas","name":"High Rock","isoCode":"HR","lat":46.6843415,"lon":-121.9017461,"geocoding":{},"distantMaxMiles":5,"cities":{}},"Hope Town":{"countryName":"The Bahamas","name":"Hope Town","isoCode":"HT","lat":26.5009504,"lon":-76.9959872,"geocoding":{},"distantMaxMiles":5,"cities":{}},"Inagua":{"countryName":"The Bahamas","name":"Inagua","isoCode":"IN","lat":21.0656066,"lon":-73.323708,"geocoding":{},"distantMaxMiles":5,"cities":{"Matthew Town":{"countryName":"The Bahamas","stateName":"Inagua","name":"Matthew Town","lat":20.94982,"lon":-73.67346,"geocoding":{},"distantMaxMiles":5}}},"Kemps Bay":{"countryName":"The Bahamas","name":"Kemps Bay","isoCode":"KB","lat":24.02364,"lon":-77.545349,"geocoding":{},"distantMaxMiles":5,"cities":{}},"Long Island":{"countryName":"The Bahamas","name":"Long Island","isoCode":"LI","lat":40.789142,"lon":-73.134961,"geocoding":{},"distantMaxMiles":5,"cities":{"Clarence Town":{"countryName":"The Bahamas","stateName":"Long Island","name":"Clarence Town","lat":23.1,"lon":-74.98333,"geocoding":{},"distantMaxMiles":5}}},"Mangrove Cay":{"countryName":"The Bahamas","name":"Mangrove Cay","isoCode":"MC","lat":24.1481425,"lon":-77.7680952,"geocoding":{},"distantMaxMiles":5,"cities":{}},"Marsh Harbour":{"countryName":"The Bahamas","name":"Marsh Harbour","isoCode":"MH","lat":26.5241653,"lon":-77.0909809,"geocoding":{},"distantMaxMiles":5,"cities":{}},"Mayaguana District":{"countryName":"The Bahamas","name":"Mayaguana District","isoCode":"MG","lat":22.4017714,"lon":-73.0641396,"geocoding":{},"distantMaxMiles":5,"cities":{"Abraham’s Bay":{"countryName":"The Bahamas","stateName":"Mayaguana District","name":"Abraham’s Bay","lat":22.36667,"lon":-72.96667,"geocoding":{},"distantMaxMiles":5}}},"New Providence":{"countryName":"The Bahamas","name":"New Providence","isoCode":"NP","lat":40.6984348,"lon":-74.4015405,"geocoding":{},"distantMaxMiles":5,"cities":{"Nassau":{"countryName":"The Bahamas","stateName":"New Providence","name":"Nassau","lat":25.06666667,"lon":-77.33333333,"geocoding":{},"distantMaxMiles":5}}},"Nichollstown and Berry Islands":{"countryName":"The Bahamas","name":"Nichollstown and Berry Islands","isoCode":"NB","lat":25.7236234,"lon":-77.8310104,"geocoding":{},"distantMaxMiles":5,"cities":{}},"North Abaco":{"countryName":"The Bahamas","name":"North Abaco","isoCode":"NO","lat":26.7871697,"lon":-77.4357739,"geocoding":{},"distantMaxMiles":5,"cities":{"Cooper’s Town":{"countryName":"The Bahamas","stateName":"North Abaco","name":"Cooper’s Town","lat":26.87137,"lon":-77.51131,"geocoding":{},"distantMaxMiles":5}}},"North Andros":{"countryName":"The Bahamas","name":"North Andros","isoCode":"NS","lat":24.7063805,"lon":-78.0195387,"geocoding":{},"distantMaxMiles":5,"cities":{"Andros Town":{"countryName":"The Bahamas","stateName":"North Andros","name":"Andros Town","lat":24.70502,"lon":-77.76912,"geocoding":{},"distantMaxMiles":5},"San Andros":{"countryName":"The Bahamas","stateName":"North Andros","name":"San Andros","lat":25.06667,"lon":-78.05,"geocoding":{},"distantMaxMiles":5}}},"North Eleuthera":{"countryName":"The Bahamas","name":"North Eleuthera","isoCode":"NE","lat":25.4647517,"lon":-76.675922,"geocoding":{},"distantMaxMiles":5,"cities":{}},"Ragged Island":{"countryName":"The Bahamas","name":"Ragged Island","isoCode":"RI","lat":41.597431,"lon":-71.260202,"geocoding":{},"distantMaxMiles":5,"cities":{"Duncan Town":{"countryName":"The Bahamas","stateName":"Ragged Island","name":"Duncan Town","lat":22.19083,"lon":-75.72583,"geocoding":{},"distantMaxMiles":5}}},"Rock Sound":{"countryName":"The Bahamas","name":"Rock Sound","isoCode":"RS","lat":39.0142443,"lon":-95.6708989,"geocoding":{},"distantMaxMiles":5,"cities":{}},"Rum Cay District":{"countryName":"The Bahamas","name":"Rum Cay District","isoCode":"RC","lat":23.6854676,"lon":-74.8390162,"geocoding":{},"distantMaxMiles":5,"cities":{"Port Nelson":{"countryName":"The Bahamas","stateName":"Rum Cay District","name":"Port Nelson","lat":23.64967,"lon":-74.84157,"geocoding":{},"distantMaxMiles":5}}},"San Salvador Island":{"countryName":"The Bahamas","name":"San Salvador Island","isoCode":"SS","lat":24.0775546,"lon":-74.4760088,"geocoding":{},"distantMaxMiles":5,"cities":{"Cockburn Town":{"countryName":"The Bahamas","stateName":"San Salvador Island","name":"Cockburn Town","lat":24.05179,"lon":-74.53138,"geocoding":{},"distantMaxMiles":5}}},"San Salvador and Rum Cay":{"countryName":"The Bahamas","name":"San Salvador and Rum Cay","isoCode":"SR","lat":23.6854676,"lon":-74.8390162,"geocoding":{},"distantMaxMiles":5,"cities":{}},"Sandy Point":{"countryName":"The Bahamas","name":"Sandy Point","isoCode":"SP","lat":39.0145464,"lon":-76.3998925,"geocoding":{},"distantMaxMiles":5,"cities":{}},"South Abaco":{"countryName":"The Bahamas","name":"South Abaco","isoCode":"SO","lat":26.0640591,"lon":-77.2635038,"geocoding":{},"distantMaxMiles":5,"cities":{}},"South Andros":{"countryName":"The Bahamas","name":"South Andros","isoCode":"SA","lat":23.9713556,"lon":-77.6077865,"geocoding":{},"distantMaxMiles":5,"cities":{}},"South Eleuthera":{"countryName":"The Bahamas","name":"South Eleuthera","isoCode":"SE","lat":24.7708562,"lon":-76.2131474,"geocoding":{},"distantMaxMiles":5,"cities":{}},"Spanish Wells":{"countryName":"The Bahamas","name":"Spanish Wells","isoCode":"SW","lat":26.3250599,"lon":-81.7980328,"geocoding":{},"distantMaxMiles":5,"cities":{"Spanish Wells":{"countryName":"The Bahamas","stateName":"Spanish Wells","name":"Spanish Wells","lat":25.54717,"lon":-76.76405,"geocoding":{},"distantMaxMiles":5}}},"West Grand Bahama":{"countryName":"The Bahamas","name":"West Grand Bahama","isoCode":"WG","lat":26.659447,"lon":-78.52065,"geocoding":{},"distantMaxMiles":5,"cities":{"West End":{"countryName":"The Bahamas","stateName":"West Grand Bahama","name":"West End","lat":26.68711,"lon":-78.97702,"geocoding":{},"distantMaxMiles":5}}}}}