{"name":"Trinidad And Tobago","isoCode":"TT","lat":11,"lon":-61,"geocoding":{},"distantMaxMiles":5,"states":{"Arima":{"countryName":"Trinidad And Tobago","name":"Arima","isoCode":"ARI","lat":46.7931604,"lon":-71.2584311,"geocoding":{},"distantMaxMiles":5,"cities":{"Arima":{"countryName":"Trinidad And Tobago","stateName":"Arima","name":"Arima","lat":10.63737,"lon":-61.28228,"geocoding":{},"distantMaxMiles":5}}},"Chaguanas":{"countryName":"Trinidad And Tobago","name":"Chaguanas","isoCode":"CHA","lat":10.5168387,"lon":-61.4114482,"geocoding":{},"distantMaxMiles":5,"cities":{"Chaguanas":{"countryName":"Trinidad And Tobago","stateName":"Chaguanas","name":"Chaguanas","lat":10.51667,"lon":-61.41667,"geocoding":{},"distantMaxMiles":5},"Ward of Chaguanas":{"countryName":"Trinidad And Tobago","stateName":"Chaguanas","name":"Ward of Chaguanas","lat":10.5,"lon":-61.38333,"geocoding":{},"distantMaxMiles":5}}},"Couva-Tabaquite-Talparo Regional Corporation":{"countryName":"Trinidad And Tobago","name":"Couva-Tabaquite-Talparo Regional Corporation","isoCode":"CTT","lat":10.4297145,"lon":-61.373521,"geocoding":{},"distantMaxMiles":5,"cities":{"Couva":{"countryName":"Trinidad And Tobago","stateName":"Couva-Tabaquite-Talparo Regional Corporation","name":"Couva","lat":10.42248,"lon":-61.46748,"geocoding":{},"distantMaxMiles":5},"Tabaquite":{"countryName":"Trinidad And Tobago","stateName":"Couva-Tabaquite-Talparo Regional Corporation","name":"Tabaquite","lat":10.38824,"lon":-61.29704,"geocoding":{},"distantMaxMiles":5}}},"Diego Martin Regional Corporation":{"countryName":"Trinidad And Tobago","name":"Diego Martin Regional Corporation","isoCode":"DMN","lat":10.7362286,"lon":-61.5544836,"geocoding":{},"distantMaxMiles":5,"cities":{"Petit Valley":{"countryName":"Trinidad And Tobago","stateName":"Diego Martin Regional Corporation","name":"Petit Valley","lat":10.69974,"lon":-61.54717,"geocoding":{},"distantMaxMiles":5},"Ward of Diego Martin":{"countryName":"Trinidad And Tobago","stateName":"Diego Martin Regional Corporation","name":"Ward of Diego Martin","lat":10.7,"lon":-61.58333,"geocoding":{},"distantMaxMiles":5}}},"Eastern Tobago":{"countryName":"Trinidad And Tobago","name":"Eastern Tobago","isoCode":"ETO","lat":11.2979348,"lon":-60.5588524,"geocoding":{},"distantMaxMiles":5,"cities":{"Scarborough":{"countryName":"Trinidad And Tobago","stateName":"Eastern Tobago","name":"Scarborough","lat":11.18229,"lon":-60.73525,"geocoding":{},"distantMaxMiles":5}}},"Penal-Debe Regional Corporation":{"countryName":"Trinidad And Tobago","name":"Penal-Debe Regional Corporation","isoCode":"PED","lat":10.1337402,"lon":-61.4435474,"geocoding":{},"distantMaxMiles":5,"cities":{"Debe":{"countryName":"Trinidad And Tobago","stateName":"Penal-Debe Regional Corporation","name":"Debe","lat":10.20846,"lon":-61.45273,"geocoding":{},"distantMaxMiles":5},"Peñal":{"countryName":"Trinidad And Tobago","stateName":"Penal-Debe Regional Corporation","name":"Peñal","lat":10.16667,"lon":-61.46667,"geocoding":{},"distantMaxMiles":5}}},"Point Fortin":{"countryName":"Trinidad And Tobago","name":"Point Fortin","isoCode":"PTF","lat":10.1702737,"lon":-61.6713386,"geocoding":{},"distantMaxMiles":5,"cities":{"Point Fortin":{"countryName":"Trinidad And Tobago","stateName":"Point Fortin","name":"Point Fortin","lat":10.17411,"lon":-61.68407,"geocoding":{},"distantMaxMiles":5}}},"Port of Spain":{"countryName":"Trinidad And Tobago","name":"Port of Spain","isoCode":"POS","lat":10.6603196,"lon":-61.5085625,"geocoding":{},"distantMaxMiles":5,"cities":{"Mucurapo":{"countryName":"Trinidad And Tobago","stateName":"Port of Spain","name":"Mucurapo","lat":10.66253,"lon":-61.53697,"geocoding":{},"distantMaxMiles":5},"Port of Spain":{"countryName":"Trinidad And Tobago","stateName":"Port of Spain","name":"Port of Spain","lat":10.66668,"lon":-61.51889,"geocoding":{},"distantMaxMiles":5}}},"Princes Town Regional Corporation":{"countryName":"Trinidad And Tobago","name":"Princes Town Regional Corporation","isoCode":"PRT","lat":10.1786746,"lon":-61.2801996,"geocoding":{},"distantMaxMiles":5,"cities":{"Princes Town":{"countryName":"Trinidad And Tobago","stateName":"Princes Town Regional Corporation","name":"Princes Town","lat":10.27184,"lon":-61.37103,"geocoding":{},"distantMaxMiles":5}}},"Rio Claro-Mayaro Regional Corporation":{"countryName":"Trinidad And Tobago","name":"Rio Claro-Mayaro Regional Corporation","isoCode":"MRC","lat":10.2412832,"lon":-61.0937206,"geocoding":{},"distantMaxMiles":5,"cities":{}},"San Fernando":{"countryName":"Trinidad And Tobago","name":"San Fernando","isoCode":"SFO","lat":34.2819461,"lon":-118.4389719,"geocoding":{},"distantMaxMiles":5,"cities":{"Marabella":{"countryName":"Trinidad And Tobago","stateName":"San Fernando","name":"Marabella","lat":10.30618,"lon":-61.44671,"geocoding":{},"distantMaxMiles":5},"Mon Repos":{"countryName":"Trinidad And Tobago","stateName":"San Fernando","name":"Mon Repos","lat":10.27979,"lon":-61.4459,"geocoding":{},"distantMaxMiles":5},"San Fernando":{"countryName":"Trinidad And Tobago","stateName":"San Fernando","name":"San Fernando","lat":10.27969,"lon":-61.46835,"geocoding":{},"distantMaxMiles":5}}},"San Juan-Laventille Regional Corporation":{"countryName":"Trinidad And Tobago","name":"San Juan-Laventille Regional Corporation","isoCode":"SJL","lat":10.6908578,"lon":-61.4552213,"geocoding":{},"distantMaxMiles":5,"cities":{"Laventille":{"countryName":"Trinidad And Tobago","stateName":"San Juan-Laventille Regional Corporation","name":"Laventille","lat":10.64917,"lon":-61.49889,"geocoding":{},"distantMaxMiles":5}}},"Sangre Grande Regional Corporation":{"countryName":"Trinidad And Tobago","name":"Sangre Grande Regional Corporation","isoCode":"SGE","lat":10.5852939,"lon":-61.1315813,"geocoding":{},"distantMaxMiles":5,"cities":{"Sangre Grande":{"countryName":"Trinidad And Tobago","stateName":"Sangre Grande Regional Corporation","name":"Sangre Grande","lat":10.58705,"lon":-61.13008,"geocoding":{},"distantMaxMiles":5}}},"Siparia Regional Corporation":{"countryName":"Trinidad And Tobago","name":"Siparia Regional Corporation","isoCode":"SIP","lat":10.1245626,"lon":-61.5603244,"geocoding":{},"distantMaxMiles":5,"cities":{"Siparia":{"countryName":"Trinidad And Tobago","stateName":"Siparia Regional Corporation","name":"Siparia","lat":10.14525,"lon":-61.5074,"geocoding":{},"distantMaxMiles":5},"Ward of Siparia":{"countryName":"Trinidad And Tobago","stateName":"Siparia Regional Corporation","name":"Ward of Siparia","lat":10.15,"lon":-61.46667,"geocoding":{},"distantMaxMiles":5}}},"Tunapuna-Piarco Regional Corporation":{"countryName":"Trinidad And Tobago","name":"Tunapuna-Piarco Regional Corporation","isoCode":"TUP","lat":10.6859096,"lon":-61.3035248,"geocoding":{},"distantMaxMiles":5,"cities":{"Arouca":{"countryName":"Trinidad And Tobago","stateName":"Tunapuna-Piarco Regional Corporation","name":"Arouca","lat":10.62877,"lon":-61.33487,"geocoding":{},"distantMaxMiles":5},"Paradise":{"countryName":"Trinidad And Tobago","stateName":"Tunapuna-Piarco Regional Corporation","name":"Paradise","lat":10.65298,"lon":-61.36298,"geocoding":{},"distantMaxMiles":5},"Tunapuna":{"countryName":"Trinidad And Tobago","stateName":"Tunapuna-Piarco Regional Corporation","name":"Tunapuna","lat":10.65245,"lon":-61.38878,"geocoding":{},"distantMaxMiles":5}}},"Western Tobago":{"countryName":"Trinidad And Tobago","name":"Western Tobago","isoCode":"WTO","lat":11.1897072,"lon":-60.7795452,"geocoding":{},"distantMaxMiles":5,"cities":{"Rio Claro":{"countryName":"Trinidad And Tobago","stateName":"Western Tobago","name":"Rio Claro","lat":10.30594,"lon":-61.17556,"geocoding":{},"distantMaxMiles":5}}}}}