{"name":"Papua new Guinea","isoCode":"PG","lat":-6,"lon":147,"geocoding":{},"distantMaxMiles":5,"states":{"Bougainville":{"countryName":"Papua new Guinea","name":"Bougainville","isoCode":"NSB","lat":-6.3753919,"lon":155.3807101,"geocoding":{},"distantMaxMiles":5,"cities":{"Arawa":{"countryName":"Papua new Guinea","stateName":"Bougainville","name":"Arawa","lat":-6.22977,"lon":155.56598,"geocoding":{},"distantMaxMiles":5},"Central Bougainville":{"countryName":"Papua new Guinea","stateName":"Bougainville","name":"Central Bougainville","lat":-6.22806,"lon":155.56583,"geocoding":{},"distantMaxMiles":5},"Kieta":{"countryName":"Papua new Guinea","stateName":"Bougainville","name":"Kieta","lat":-6.21462,"lon":155.63251,"geocoding":{},"distantMaxMiles":5},"North Bougainville":{"countryName":"Papua new Guinea","stateName":"Bougainville","name":"North Bougainville","lat":-5.42194,"lon":154.67278,"geocoding":{},"distantMaxMiles":5},"Panguna":{"countryName":"Papua new Guinea","stateName":"Bougainville","name":"Panguna","lat":-6.31639,"lon":155.48483,"geocoding":{},"distantMaxMiles":5},"South Bougainville":{"countryName":"Papua new Guinea","stateName":"Bougainville","name":"South Bougainville","lat":-6.74593,"lon":155.6964,"geocoding":{},"distantMaxMiles":5}}},"Central Province":{"countryName":"Papua new Guinea","name":"Central Province","isoCode":"CPM","geocoding":{},"distantMaxMiles":5,"cities":{"Abau":{"countryName":"Papua new Guinea","stateName":"Central Province","name":"Abau","lat":-10.08333,"lon":148.91667,"geocoding":{},"distantMaxMiles":5},"Goilala":{"countryName":"Papua new Guinea","stateName":"Central Province","name":"Goilala","lat":-8.33333,"lon":147,"geocoding":{},"distantMaxMiles":5},"Kairuku-Hiri":{"countryName":"Papua new Guinea","stateName":"Central Province","name":"Kairuku-Hiri","lat":-9.13648,"lon":147.27905,"geocoding":{},"distantMaxMiles":5},"Rigo":{"countryName":"Papua new Guinea","stateName":"Central Province","name":"Rigo","lat":-9.75,"lon":147.83333,"geocoding":{},"distantMaxMiles":5}}},"Chimbu Province":{"countryName":"Papua new Guinea","name":"Chimbu Province","isoCode":"CPK","lat":-6.3087682,"lon":144.8731219,"geocoding":{},"distantMaxMiles":5,"cities":{"Chuave":{"countryName":"Papua new Guinea","stateName":"Chimbu Province","name":"Chuave","lat":-6.16667,"lon":145.08333,"geocoding":{},"distantMaxMiles":5},"Gumine":{"countryName":"Papua new Guinea","stateName":"Chimbu Province","name":"Gumine","lat":-6.25,"lon":144.88333,"geocoding":{},"distantMaxMiles":5},"Karimui Nomane":{"countryName":"Papua new Guinea","stateName":"Chimbu Province","name":"Karimui Nomane","lat":-6.58333,"lon":144.83333,"geocoding":{},"distantMaxMiles":5},"Kerowagi":{"countryName":"Papua new Guinea","stateName":"Chimbu Province","name":"Kerowagi","lat":-5.93333,"lon":144.88333,"geocoding":{},"distantMaxMiles":5},"Kundiawa":{"countryName":"Papua new Guinea","stateName":"Chimbu Province","name":"Kundiawa","lat":-5.91667,"lon":145.05,"geocoding":{},"distantMaxMiles":5},"Sinasina Yonggamugl":{"countryName":"Papua new Guinea","stateName":"Chimbu Province","name":"Sinasina Yonggamugl","lat":-6.08333,"lon":145.01667,"geocoding":{},"distantMaxMiles":5}}},"East New Britain":{"countryName":"Papua new Guinea","name":"East New Britain","isoCode":"EBR","lat":-4.6128943,"lon":151.8877321,"geocoding":{},"distantMaxMiles":5,"cities":{"Gazelle":{"countryName":"Papua new Guinea","stateName":"East New Britain","name":"Gazelle","lat":-4.48333,"lon":151.86667,"geocoding":{},"distantMaxMiles":5},"Kokopo":{"countryName":"Papua new Guinea","stateName":"East New Britain","name":"Kokopo","lat":-4.4,"lon":152.28333,"geocoding":{},"distantMaxMiles":5},"Pomio":{"countryName":"Papua new Guinea","stateName":"East New Britain","name":"Pomio","lat":-5.5,"lon":151.33333,"geocoding":{},"distantMaxMiles":5},"Rabaul":{"countryName":"Papua new Guinea","stateName":"East New Britain","name":"Rabaul","lat":-4.18333,"lon":152.16667,"geocoding":{},"distantMaxMiles":5}}},"Eastern Highlands Province":{"countryName":"Papua new Guinea","name":"Eastern Highlands Province","isoCode":"EHG","lat":-6.5861674,"lon":145.6689636,"geocoding":{},"distantMaxMiles":5,"cities":{"Daulo":{"countryName":"Papua new Guinea","stateName":"Eastern Highlands Province","name":"Daulo","lat":-5.98333,"lon":145.23333,"geocoding":{},"distantMaxMiles":5},"Goroka":{"countryName":"Papua new Guinea","stateName":"Eastern Highlands Province","name":"Goroka","lat":-6.05,"lon":145.38333,"geocoding":{},"distantMaxMiles":5},"Henganofi":{"countryName":"Papua new Guinea","stateName":"Eastern Highlands Province","name":"Henganofi","lat":-6.21667,"lon":145.66667,"geocoding":{},"distantMaxMiles":5},"Kainantu":{"countryName":"Papua new Guinea","stateName":"Eastern Highlands Province","name":"Kainantu","lat":-6.41667,"lon":145.91667,"geocoding":{},"distantMaxMiles":5},"Lufa":{"countryName":"Papua new Guinea","stateName":"Eastern Highlands Province","name":"Lufa","lat":-6.45,"lon":145.25,"geocoding":{},"distantMaxMiles":5},"Obura Wonenara":{"countryName":"Papua new Guinea","stateName":"Eastern Highlands Province","name":"Obura Wonenara","lat":-6.55434,"lon":145.97328,"geocoding":{},"distantMaxMiles":5},"Okapa":{"countryName":"Papua new Guinea","stateName":"Eastern Highlands Province","name":"Okapa","lat":-6.63333,"lon":145.5,"geocoding":{},"distantMaxMiles":5},"Unggai Bena":{"countryName":"Papua new Guinea","stateName":"Eastern Highlands Province","name":"Unggai Bena","lat":-6.11667,"lon":145.51667,"geocoding":{},"distantMaxMiles":5}}},"Enga Province":{"countryName":"Papua new Guinea","name":"Enga Province","isoCode":"EPW","lat":-5.3005849,"lon":143.5635637,"geocoding":{},"distantMaxMiles":5,"cities":{"Kandep":{"countryName":"Papua new Guinea","stateName":"Enga Province","name":"Kandep","lat":-5.83333,"lon":143.55,"geocoding":{},"distantMaxMiles":5},"Kompiam Ambum":{"countryName":"Papua new Guinea","stateName":"Enga Province","name":"Kompiam Ambum","lat":-5.25,"lon":144,"geocoding":{},"distantMaxMiles":5},"Lagaip Porgera":{"countryName":"Papua new Guinea","stateName":"Enga Province","name":"Lagaip Porgera","lat":-5.38333,"lon":143.16667,"geocoding":{},"distantMaxMiles":5},"Porgera":{"countryName":"Papua new Guinea","stateName":"Enga Province","name":"Porgera","lat":-5.463,"lon":143.148,"geocoding":{},"distantMaxMiles":5},"Wabag":{"countryName":"Papua new Guinea","stateName":"Enga Province","name":"Wabag","lat":-5.33333,"lon":143.65,"geocoding":{},"distantMaxMiles":5},"Wapenamanda":{"countryName":"Papua new Guinea","stateName":"Enga Province","name":"Wapenamanda","lat":-5.66667,"lon":143.91667,"geocoding":{},"distantMaxMiles":5}}},"Gulf":{"countryName":"Papua new Guinea","name":"Gulf","isoCode":"GPK","lat":37.0548315,"lon":-94.4370419,"geocoding":{},"distantMaxMiles":5,"cities":{"Kerema":{"countryName":"Papua new Guinea","stateName":"Gulf","name":"Kerema","lat":-7.796,"lon":146.093,"geocoding":{},"distantMaxMiles":5},"Kikori":{"countryName":"Papua new Guinea","stateName":"Gulf","name":"Kikori","lat":-7.25,"lon":144.33333,"geocoding":{},"distantMaxMiles":5}}},"Hela":{"countryName":"Papua new Guinea","name":"Hela","isoCode":"HLA","lat":42.3329516,"lon":-83.0482618,"geocoding":{},"distantMaxMiles":5,"cities":{"Komo Margarima":{"countryName":"Papua new Guinea","stateName":"Hela","name":"Komo Margarima","lat":-6.11667,"lon":143,"geocoding":{},"distantMaxMiles":5},"Koroba-Lake Kopiago":{"countryName":"Papua new Guinea","stateName":"Hela","name":"Koroba-Lake Kopiago","lat":-5.41667,"lon":142.5,"geocoding":{},"distantMaxMiles":5},"Tari":{"countryName":"Papua new Guinea","stateName":"Hela","name":"Tari","lat":-5.845,"lon":142.94667,"geocoding":{},"distantMaxMiles":5},"Tari Pori":{"countryName":"Papua new Guinea","stateName":"Hela","name":"Tari Pori","lat":-6.28333,"lon":142.83333,"geocoding":{},"distantMaxMiles":5}}},"Jiwaka Province":{"countryName":"Papua new Guinea","name":"Jiwaka Province","isoCode":"JWK","lat":-5.8691154,"lon":144.6972774,"geocoding":{},"distantMaxMiles":5,"cities":{"Angalimp South Wahgi":{"countryName":"Papua new Guinea","stateName":"Jiwaka Province","name":"Angalimp South Wahgi","lat":-6.05,"lon":144.56667,"geocoding":{},"distantMaxMiles":5},"Jimi":{"countryName":"Papua new Guinea","stateName":"Jiwaka Province","name":"Jimi","lat":-5.53333,"lon":144.56667,"geocoding":{},"distantMaxMiles":5},"North Wahgi":{"countryName":"Papua new Guinea","stateName":"Jiwaka Province","name":"North Wahgi","lat":-5.8,"lon":144.68333,"geocoding":{},"distantMaxMiles":5}}},"Madang Province":{"countryName":"Papua new Guinea","name":"Madang Province","isoCode":"MPM","lat":-4.9849733,"lon":145.1375834,"geocoding":{},"distantMaxMiles":5,"cities":{"Bogia":{"countryName":"Papua new Guinea","stateName":"Madang Province","name":"Bogia","lat":-4.5,"lon":145,"geocoding":{},"distantMaxMiles":5},"Madang":{"countryName":"Papua new Guinea","stateName":"Madang Province","name":"Madang","lat":-5.22152,"lon":145.78695,"geocoding":{},"distantMaxMiles":5},"Middle Ramu":{"countryName":"Papua new Guinea","stateName":"Madang Province","name":"Middle Ramu","lat":-4.91667,"lon":144.75,"geocoding":{},"distantMaxMiles":5},"Rai Coast":{"countryName":"Papua new Guinea","stateName":"Madang Province","name":"Rai Coast","lat":-5.72303,"lon":146.46149,"geocoding":{},"distantMaxMiles":5},"Sumkar":{"countryName":"Papua new Guinea","stateName":"Madang Province","name":"Sumkar","lat":-4.8,"lon":145.55,"geocoding":{},"distantMaxMiles":5},"Usino Bundi":{"countryName":"Papua new Guinea","stateName":"Madang Province","name":"Usino Bundi","lat":-5.53333,"lon":145.16667,"geocoding":{},"distantMaxMiles":5}}},"Manus Province":{"countryName":"Papua new Guinea","name":"Manus Province","isoCode":"MRL","lat":-2.0941169,"lon":146.8760951,"geocoding":{},"distantMaxMiles":5,"cities":{"Lorengau":{"countryName":"Papua new Guinea","stateName":"Manus Province","name":"Lorengau","lat":-2.0341,"lon":147.27173,"geocoding":{},"distantMaxMiles":5},"Manus":{"countryName":"Papua new Guinea","stateName":"Manus Province","name":"Manus","lat":-2.09626,"lon":146.96612,"geocoding":{},"distantMaxMiles":5}}},"Milne Bay Province":{"countryName":"Papua new Guinea","name":"Milne Bay Province","isoCode":"MBA","lat":-9.5221451,"lon":150.6749653,"geocoding":{},"distantMaxMiles":5,"cities":{"Alotau":{"countryName":"Papua new Guinea","stateName":"Milne Bay Province","name":"Alotau","lat":-10.25,"lon":150.08333,"geocoding":{},"distantMaxMiles":5},"Esa’ala":{"countryName":"Papua new Guinea","stateName":"Milne Bay Province","name":"Esa’ala","lat":-9.58333,"lon":150.75,"geocoding":{},"distantMaxMiles":5},"Kiriwina Goodenough":{"countryName":"Papua new Guinea","stateName":"Milne Bay Province","name":"Kiriwina Goodenough","lat":-8.48333,"lon":151.06667,"geocoding":{},"distantMaxMiles":5},"Samarai":{"countryName":"Papua new Guinea","stateName":"Milne Bay Province","name":"Samarai","lat":-10.61038,"lon":150.66207,"geocoding":{},"distantMaxMiles":5},"Samarai Murua":{"countryName":"Papua new Guinea","stateName":"Milne Bay Province","name":"Samarai Murua","lat":-10.49636,"lon":150.54703,"geocoding":{},"distantMaxMiles":5}}},"Morobe Province":{"countryName":"Papua new Guinea","name":"Morobe Province","isoCode":"MPL","lat":-6.8013737,"lon":146.561647,"geocoding":{},"distantMaxMiles":5,"cities":{"Bulolo":{"countryName":"Papua new Guinea","stateName":"Morobe Province","name":"Bulolo","lat":-7.41667,"lon":146.75,"geocoding":{},"distantMaxMiles":5},"Finschhafen":{"countryName":"Papua new Guinea","stateName":"Morobe Province","name":"Finschhafen","lat":-6.41667,"lon":147.5,"geocoding":{},"distantMaxMiles":5},"Huon Gulf":{"countryName":"Papua new Guinea","stateName":"Morobe Province","name":"Huon Gulf","lat":-7.18333,"lon":146.95,"geocoding":{},"distantMaxMiles":5},"Kabwum":{"countryName":"Papua new Guinea","stateName":"Morobe Province","name":"Kabwum","lat":-6.08333,"lon":147,"geocoding":{},"distantMaxMiles":5},"Lae":{"countryName":"Papua new Guinea","stateName":"Morobe Province","name":"Lae","lat":-6.5,"lon":146.83333,"geocoding":{},"distantMaxMiles":5},"Markham":{"countryName":"Papua new Guinea","stateName":"Morobe Province","name":"Markham","lat":-6.64153,"lon":146.86043,"geocoding":{},"distantMaxMiles":5},"Menyamya":{"countryName":"Papua new Guinea","stateName":"Morobe Province","name":"Menyamya","lat":-7.25,"lon":146.16667,"geocoding":{},"distantMaxMiles":5},"Nawae":{"countryName":"Papua new Guinea","stateName":"Morobe Province","name":"Nawae","lat":-6.46667,"lon":146.96667,"geocoding":{},"distantMaxMiles":5},"Tewai Siassi":{"countryName":"Papua new Guinea","stateName":"Morobe Province","name":"Tewai Siassi","lat":-6.15,"lon":147.53333,"geocoding":{},"distantMaxMiles":5},"Wau":{"countryName":"Papua new Guinea","stateName":"Morobe Province","name":"Wau","lat":-7.33778,"lon":146.71649,"geocoding":{},"distantMaxMiles":5}}},"New Ireland Province":{"countryName":"Papua new Guinea","name":"New Ireland Province","isoCode":"NIK","lat":-4.2853256,"lon":152.9205918,"geocoding":{},"distantMaxMiles":5,"cities":{"Kavieng":{"countryName":"Papua new Guinea","stateName":"New Ireland Province","name":"Kavieng","lat":-3,"lon":151.41667,"geocoding":{},"distantMaxMiles":5},"Namatanai":{"countryName":"Papua new Guinea","stateName":"New Ireland Province","name":"Namatanai","lat":-4.33333,"lon":152.83333,"geocoding":{},"distantMaxMiles":5}}},"Oro Province":{"countryName":"Papua new Guinea","name":"Oro Province","isoCode":"NPP","lat":-8.8988063,"lon":148.1892921,"geocoding":{},"distantMaxMiles":5,"cities":{"Ijivitari":{"countryName":"Papua new Guinea","stateName":"Oro Province","name":"Ijivitari","lat":-9.33333,"lon":148.58333,"geocoding":{},"distantMaxMiles":5},"Kokoda":{"countryName":"Papua new Guinea","stateName":"Oro Province","name":"Kokoda","lat":-8.87778,"lon":147.73642,"geocoding":{},"distantMaxMiles":5},"Popondetta":{"countryName":"Papua new Guinea","stateName":"Oro Province","name":"Popondetta","lat":-8.76536,"lon":148.23252,"geocoding":{},"distantMaxMiles":5},"Sohe":{"countryName":"Papua new Guinea","stateName":"Oro Province","name":"Sohe","lat":-9,"lon":147.91667,"geocoding":{},"distantMaxMiles":5}}},"Port Moresby":{"countryName":"Papua new Guinea","name":"Port Moresby","isoCode":"NCD","lat":-9.4438004,"lon":147.1802671,"geocoding":{},"distantMaxMiles":5,"cities":{"National Capital District":{"countryName":"Papua new Guinea","stateName":"Port Moresby","name":"National Capital District","lat":-9.42257,"lon":147.16641,"geocoding":{},"distantMaxMiles":5},"Port Moresby":{"countryName":"Papua new Guinea","stateName":"Port Moresby","name":"Port Moresby","lat":-9.47723,"lon":147.15089,"geocoding":{},"distantMaxMiles":5}}},"Sandaun Province":{"countryName":"Papua new Guinea","name":"Sandaun Province","isoCode":"SAN","lat":-3.7126179,"lon":141.6834275,"geocoding":{},"distantMaxMiles":5,"cities":{"Aitape":{"countryName":"Papua new Guinea","stateName":"Sandaun Province","name":"Aitape","lat":-3.13697,"lon":142.34913,"geocoding":{},"distantMaxMiles":5},"Aitape Lumi":{"countryName":"Papua new Guinea","stateName":"Sandaun Province","name":"Aitape Lumi","lat":-3.25,"lon":142.08333,"geocoding":{},"distantMaxMiles":5},"Nuku":{"countryName":"Papua new Guinea","stateName":"Sandaun Province","name":"Nuku","lat":-3.66667,"lon":142.41667,"geocoding":{},"distantMaxMiles":5},"Telefomin":{"countryName":"Papua new Guinea","stateName":"Sandaun Province","name":"Telefomin","lat":-4.91667,"lon":141.66667,"geocoding":{},"distantMaxMiles":5},"Vanimo":{"countryName":"Papua new Guinea","stateName":"Sandaun Province","name":"Vanimo","lat":-2.68372,"lon":141.30195,"geocoding":{},"distantMaxMiles":5},"Vanimo Green":{"countryName":"Papua new Guinea","stateName":"Sandaun Province","name":"Vanimo Green","lat":-3.36667,"lon":141.35,"geocoding":{},"distantMaxMiles":5}}},"Southern Highlands Province":{"countryName":"Papua new Guinea","name":"Southern Highlands Province","isoCode":"SHM","lat":-6.4179083,"lon":143.5635637,"geocoding":{},"distantMaxMiles":5,"cities":{"Ialibu":{"countryName":"Papua new Guinea","stateName":"Southern Highlands Province","name":"Ialibu","lat":-6.28208,"lon":143.99354,"geocoding":{},"distantMaxMiles":5},"Ialibu Pangia":{"countryName":"Papua new Guinea","stateName":"Southern Highlands Province","name":"Ialibu Pangia","lat":-6.16667,"lon":144,"geocoding":{},"distantMaxMiles":5},"Imbonggu":{"countryName":"Papua new Guinea","stateName":"Southern Highlands Province","name":"Imbonggu","lat":-6.16667,"lon":144,"geocoding":{},"distantMaxMiles":5},"Kagua Erave":{"countryName":"Papua new Guinea","stateName":"Southern Highlands Province","name":"Kagua Erave","lat":-6.66667,"lon":144,"geocoding":{},"distantMaxMiles":5},"Mendi":{"countryName":"Papua new Guinea","stateName":"Southern Highlands Province","name":"Mendi","lat":-6.14755,"lon":143.65633,"geocoding":{},"distantMaxMiles":5},"Nipa Kutubu":{"countryName":"Papua new Guinea","stateName":"Southern Highlands Province","name":"Nipa Kutubu","lat":-6.33333,"lon":143.33333,"geocoding":{},"distantMaxMiles":5}}},"West New Britain Province":{"countryName":"Papua new Guinea","name":"West New Britain Province","isoCode":"WBK","lat":-5.7047432,"lon":150.0259466,"geocoding":{},"distantMaxMiles":5,"cities":{"Kandrian":{"countryName":"Papua new Guinea","stateName":"West New Britain Province","name":"Kandrian","lat":-6.20655,"lon":149.54744,"geocoding":{},"distantMaxMiles":5},"Kandrian Gloucester":{"countryName":"Papua new Guinea","stateName":"West New Britain Province","name":"Kandrian Gloucester","lat":-6.08333,"lon":149.91667,"geocoding":{},"distantMaxMiles":5},"Kimbe":{"countryName":"Papua new Guinea","stateName":"West New Britain Province","name":"Kimbe","lat":-5.55085,"lon":150.13766,"geocoding":{},"distantMaxMiles":5},"Talasea":{"countryName":"Papua new Guinea","stateName":"West New Britain Province","name":"Talasea","lat":-5.66667,"lon":149.58333,"geocoding":{},"distantMaxMiles":5}}},"Western Highlands Province":{"countryName":"Papua new Guinea","name":"Western Highlands Province","isoCode":"WHM","lat":-5.6268128,"lon":144.2593118,"geocoding":{},"distantMaxMiles":5,"cities":{"Baiyer Mul":{"countryName":"Papua new Guinea","stateName":"Western Highlands Province","name":"Baiyer Mul","lat":-5.53333,"lon":144.15,"geocoding":{},"distantMaxMiles":5},"Dei":{"countryName":"Papua new Guinea","stateName":"Western Highlands Province","name":"Dei","lat":-5.68333,"lon":144.36667,"geocoding":{},"distantMaxMiles":5},"Hagen":{"countryName":"Papua new Guinea","stateName":"Western Highlands Province","name":"Hagen","lat":-5.83333,"lon":144.28333,"geocoding":{},"distantMaxMiles":5},"Mount Hagen":{"countryName":"Papua new Guinea","stateName":"Western Highlands Province","name":"Mount Hagen","lat":-5.85746,"lon":144.23058,"geocoding":{},"distantMaxMiles":5},"Tambul Nebilyer":{"countryName":"Papua new Guinea","stateName":"Western Highlands Province","name":"Tambul Nebilyer","lat":-5.98333,"lon":144.15,"geocoding":{},"distantMaxMiles":5}}},"Western Province":{"countryName":"Papua new Guinea","name":"Western Province","isoCode":"WPD","geocoding":{},"distantMaxMiles":5,"cities":{"Daru":{"countryName":"Papua new Guinea","stateName":"Western Province","name":"Daru","lat":-9.07786,"lon":143.20893,"geocoding":{},"distantMaxMiles":5},"Kiunga":{"countryName":"Papua new Guinea","stateName":"Western Province","name":"Kiunga","lat":-6.12193,"lon":141.29061,"geocoding":{},"distantMaxMiles":5},"Middle Fly":{"countryName":"Papua new Guinea","stateName":"Western Province","name":"Middle Fly","lat":-7.16667,"lon":142.03333,"geocoding":{},"distantMaxMiles":5},"Morehead":{"countryName":"Papua new Guinea","stateName":"Western Province","name":"Morehead","lat":-8.71065,"lon":141.63668,"geocoding":{},"distantMaxMiles":5},"North Fly":{"countryName":"Papua new Guinea","stateName":"Western Province","name":"North Fly","lat":-5.72896,"lon":141.37482,"geocoding":{},"distantMaxMiles":5},"South Fly":{"countryName":"Papua new Guinea","stateName":"Western Province","name":"South Fly","lat":-8.61667,"lon":142.11667,"geocoding":{},"distantMaxMiles":5}}}}}