{"name":"Venezuela","isoCode":"VE","lat":8,"lon":-66,"geocoding":{},"distantMaxMiles":5,"states":{"Amazonas":{"countryName":"Venezuela","name":"Amazonas","isoCode":"Z","lat":-3.4168427,"lon":-65.8560646,"geocoding":{},"distantMaxMiles":5,"cities":{"Maroa":{"countryName":"Venezuela","stateName":"Amazonas","name":"Maroa","lat":2.7188,"lon":-67.56046,"geocoding":{},"distantMaxMiles":5},"Municipio Autónomo Alto Orinoco":{"countryName":"Venezuela","stateName":"Amazonas","name":"Municipio Autónomo Alto Orinoco","lat":2.73456,"lon":-64.83032,"geocoding":{},"distantMaxMiles":5},"Puerto Ayacucho":{"countryName":"Venezuela","stateName":"Amazonas","name":"Puerto Ayacucho","lat":5.66049,"lon":-67.58343,"geocoding":{},"distantMaxMiles":5},"San Carlos de Río Negro":{"countryName":"Venezuela","stateName":"Amazonas","name":"San Carlos de Río Negro","lat":1.92027,"lon":-67.06089,"geocoding":{},"distantMaxMiles":5},"San Fernando de Atabapo":{"countryName":"Venezuela","stateName":"Amazonas","name":"San Fernando de Atabapo","lat":4.04564,"lon":-67.69934,"geocoding":{},"distantMaxMiles":5},"San Juan de Manapiare":{"countryName":"Venezuela","stateName":"Amazonas","name":"San Juan de Manapiare","lat":5.32665,"lon":-66.05402,"geocoding":{},"distantMaxMiles":5}}},"Anzoátegui":{"countryName":"Venezuela","name":"Anzoátegui","isoCode":"B","lat":8.5913073,"lon":-63.9586111,"geocoding":{},"distantMaxMiles":5,"cities":{"Anaco":{"countryName":"Venezuela","stateName":"Anzoátegui","name":"Anaco","lat":9.42958,"lon":-64.46428,"geocoding":{},"distantMaxMiles":5},"Aragua de Barcelona":{"countryName":"Venezuela","stateName":"Anzoátegui","name":"Aragua de Barcelona","lat":9.45588,"lon":-64.82928,"geocoding":{},"distantMaxMiles":5},"Barcelona":{"countryName":"Venezuela","stateName":"Anzoátegui","name":"Barcelona","lat":10.13625,"lon":-64.68618,"geocoding":{},"distantMaxMiles":5},"Cantaura":{"countryName":"Venezuela","stateName":"Anzoátegui","name":"Cantaura","lat":9.30571,"lon":-64.35841,"geocoding":{},"distantMaxMiles":5},"El Tigre":{"countryName":"Venezuela","stateName":"Anzoátegui","name":"El Tigre","lat":8.88902,"lon":-64.2527,"geocoding":{},"distantMaxMiles":5},"Municipio José Gregorio Monagas":{"countryName":"Venezuela","stateName":"Anzoátegui","name":"Municipio José Gregorio Monagas","lat":7.73874,"lon":-64.71876,"geocoding":{},"distantMaxMiles":5},"Onoto":{"countryName":"Venezuela","stateName":"Anzoátegui","name":"Onoto","lat":9.59714,"lon":-65.1935,"geocoding":{},"distantMaxMiles":5},"Puerto La Cruz":{"countryName":"Venezuela","stateName":"Anzoátegui","name":"Puerto La Cruz","lat":10.21382,"lon":-64.6328,"geocoding":{},"distantMaxMiles":5},"Puerto Píritu":{"countryName":"Venezuela","stateName":"Anzoátegui","name":"Puerto Píritu","lat":10.05896,"lon":-65.03698,"geocoding":{},"distantMaxMiles":5},"San José de Guanipa":{"countryName":"Venezuela","stateName":"Anzoátegui","name":"San José de Guanipa","lat":8.88724,"lon":-64.16512,"geocoding":{},"distantMaxMiles":5}}},"Apure":{"countryName":"Venezuela","name":"Apure","isoCode":"C","lat":6.9269483,"lon":-68.5247149,"geocoding":{},"distantMaxMiles":5,"cities":{}},"Aragua":{"countryName":"Venezuela","name":"Aragua","isoCode":"D","lat":10.0635758,"lon":-67.2847875,"geocoding":{},"distantMaxMiles":5,"cities":{"Cagua":{"countryName":"Venezuela","stateName":"Aragua","name":"Cagua","lat":10.18634,"lon":-67.45935,"geocoding":{},"distantMaxMiles":5},"El Limón":{"countryName":"Venezuela","stateName":"Aragua","name":"El Limón","lat":10.30589,"lon":-67.63212,"geocoding":{},"distantMaxMiles":5},"La Victoria":{"countryName":"Venezuela","stateName":"Aragua","name":"La Victoria","lat":10.22677,"lon":-67.33122,"geocoding":{},"distantMaxMiles":5},"Las Tejerías":{"countryName":"Venezuela","stateName":"Aragua","name":"Las Tejerías","lat":10.25416,"lon":-67.17333,"geocoding":{},"distantMaxMiles":5},"Maracay":{"countryName":"Venezuela","stateName":"Aragua","name":"Maracay","lat":10.23535,"lon":-67.59113,"geocoding":{},"distantMaxMiles":5},"Palo Negro":{"countryName":"Venezuela","stateName":"Aragua","name":"Palo Negro","lat":10.17389,"lon":-67.54194,"geocoding":{},"distantMaxMiles":5},"San Mateo":{"countryName":"Venezuela","stateName":"Aragua","name":"San Mateo","lat":10.21302,"lon":-67.42365,"geocoding":{},"distantMaxMiles":5},"Santa Rita":{"countryName":"Venezuela","stateName":"Aragua","name":"Santa Rita","lat":10.2054,"lon":-67.55948,"geocoding":{},"distantMaxMiles":5},"Turmero":{"countryName":"Venezuela","stateName":"Aragua","name":"Turmero","lat":10.22856,"lon":-67.47421,"geocoding":{},"distantMaxMiles":5},"Villa de Cura":{"countryName":"Venezuela","stateName":"Aragua","name":"Villa de Cura","lat":10.03863,"lon":-67.48938,"geocoding":{},"distantMaxMiles":5}}},"Barinas":{"countryName":"Venezuela","name":"Barinas","isoCode":"E","lat":8.6231498,"lon":-70.2371045,"geocoding":{},"distantMaxMiles":5,"cities":{"Alto Barinas":{"countryName":"Venezuela","stateName":"Barinas","name":"Alto Barinas","lat":8.5931,"lon":-70.2261,"geocoding":{},"distantMaxMiles":5},"Barinas":{"countryName":"Venezuela","stateName":"Barinas","name":"Barinas","lat":8.62261,"lon":-70.20749,"geocoding":{},"distantMaxMiles":5},"Barinitas":{"countryName":"Venezuela","stateName":"Barinas","name":"Barinitas","lat":8.76171,"lon":-70.41199,"geocoding":{},"distantMaxMiles":5},"Municipio Barinas":{"countryName":"Venezuela","stateName":"Barinas","name":"Municipio Barinas","lat":8.61497,"lon":-70.19852,"geocoding":{},"distantMaxMiles":5}}},"Bolívar":{"countryName":"Venezuela","name":"Bolívar","isoCode":"F","lat":37.6144838,"lon":-93.4104749,"geocoding":{},"distantMaxMiles":5,"cities":{"Ciudad Bolívar":{"countryName":"Venezuela","stateName":"Bolívar","name":"Ciudad Bolívar","lat":8.12923,"lon":-63.54086,"geocoding":{},"distantMaxMiles":5},"Ciudad Guayana":{"countryName":"Venezuela","stateName":"Bolívar","name":"Ciudad Guayana","lat":8.35122,"lon":-62.64102,"geocoding":{},"distantMaxMiles":5},"Municipio Padre Pedro Chien":{"countryName":"Venezuela","stateName":"Bolívar","name":"Municipio Padre Pedro Chien","lat":8.02455,"lon":-61.88187,"geocoding":{},"distantMaxMiles":5},"Santa Elena de Uairén":{"countryName":"Venezuela","stateName":"Bolívar","name":"Santa Elena de Uairén","lat":4.60226,"lon":-61.11025,"geocoding":{},"distantMaxMiles":5},"Upata":{"countryName":"Venezuela","stateName":"Bolívar","name":"Upata","lat":8.0162,"lon":-62.40561,"geocoding":{},"distantMaxMiles":5}}},"Carabobo":{"countryName":"Venezuela","name":"Carabobo","isoCode":"G","lat":10.1176433,"lon":-68.0477509,"geocoding":{},"distantMaxMiles":5,"cities":{"Guacara":{"countryName":"Venezuela","stateName":"Carabobo","name":"Guacara","lat":10.22609,"lon":-67.877,"geocoding":{},"distantMaxMiles":5},"Güigüe":{"countryName":"Venezuela","stateName":"Carabobo","name":"Güigüe","lat":10.08344,"lon":-67.77799,"geocoding":{},"distantMaxMiles":5},"Los Guayos":{"countryName":"Venezuela","stateName":"Carabobo","name":"Los Guayos","lat":10.18932,"lon":-67.93828,"geocoding":{},"distantMaxMiles":5},"Mariara":{"countryName":"Venezuela","stateName":"Carabobo","name":"Mariara","lat":10.29532,"lon":-67.7177,"geocoding":{},"distantMaxMiles":5},"Morón":{"countryName":"Venezuela","stateName":"Carabobo","name":"Morón","lat":10.48715,"lon":-68.20078,"geocoding":{},"distantMaxMiles":5},"Puerto Cabello":{"countryName":"Venezuela","stateName":"Carabobo","name":"Puerto Cabello","lat":10.47306,"lon":-68.0125,"geocoding":{},"distantMaxMiles":5},"San Joaquín":{"countryName":"Venezuela","stateName":"Carabobo","name":"San Joaquín","lat":10.26061,"lon":-67.79348,"geocoding":{},"distantMaxMiles":5},"Tacarigua":{"countryName":"Venezuela","stateName":"Carabobo","name":"Tacarigua","lat":10.08621,"lon":-67.91982,"geocoding":{},"distantMaxMiles":5},"Tocuyito":{"countryName":"Venezuela","stateName":"Carabobo","name":"Tocuyito","lat":10.11347,"lon":-68.06783,"geocoding":{},"distantMaxMiles":5},"Valencia":{"countryName":"Venezuela","stateName":"Carabobo","name":"Valencia","lat":10.16202,"lon":-68.00765,"geocoding":{},"distantMaxMiles":5}}},"Cojedes":{"countryName":"Venezuela","name":"Cojedes","isoCode":"H","lat":9.3816682,"lon":-68.3339275,"geocoding":{},"distantMaxMiles":5,"cities":{"San Carlos":{"countryName":"Venezuela","stateName":"Cojedes","name":"San Carlos","lat":9.66124,"lon":-68.58268,"geocoding":{},"distantMaxMiles":5},"Tinaquillo":{"countryName":"Venezuela","stateName":"Cojedes","name":"Tinaquillo","lat":9.91861,"lon":-68.30472,"geocoding":{},"distantMaxMiles":5}}},"Delta Amacuro":{"countryName":"Venezuela","name":"Delta Amacuro","isoCode":"Y","lat":8.8499307,"lon":-61.1403196,"geocoding":{},"distantMaxMiles":5,"cities":{"Tucupita":{"countryName":"Venezuela","stateName":"Delta Amacuro","name":"Tucupita","lat":9.05806,"lon":-62.05,"geocoding":{},"distantMaxMiles":5}}},"Distrito Capital":{"countryName":"Venezuela","name":"Distrito Capital","isoCode":"A","lat":41.2614846,"lon":-95.9310807,"geocoding":{},"distantMaxMiles":5,"cities":{"Caracas":{"countryName":"Venezuela","stateName":"Distrito Capital","name":"Caracas","lat":10.5,"lon":-66.93333333,"geocoding":{},"distantMaxMiles":5}}},"Falcón":{"countryName":"Venezuela","name":"Falcón","isoCode":"I","lat":11.1810674,"lon":-69.8597406,"geocoding":{},"distantMaxMiles":5,"cities":{"Chichiriviche":{"countryName":"Venezuela","stateName":"Falcón","name":"Chichiriviche","lat":10.92872,"lon":-68.27283,"geocoding":{},"distantMaxMiles":5},"Coro":{"countryName":"Venezuela","stateName":"Falcón","name":"Coro","lat":11.4045,"lon":-69.67344,"geocoding":{},"distantMaxMiles":5},"Municipio Los Taques":{"countryName":"Venezuela","stateName":"Falcón","name":"Municipio Los Taques","lat":11.82308,"lon":-70.25353,"geocoding":{},"distantMaxMiles":5},"Municipio Miranda":{"countryName":"Venezuela","stateName":"Falcón","name":"Municipio Miranda","lat":11.31667,"lon":-69.86667,"geocoding":{},"distantMaxMiles":5},"Punta Cardón":{"countryName":"Venezuela","stateName":"Falcón","name":"Punta Cardón","lat":11.65806,"lon":-70.215,"geocoding":{},"distantMaxMiles":5},"Punto Fijo":{"countryName":"Venezuela","stateName":"Falcón","name":"Punto Fijo","lat":11.69152,"lon":-70.19918,"geocoding":{},"distantMaxMiles":5},"Tucacas":{"countryName":"Venezuela","stateName":"Falcón","name":"Tucacas","lat":10.79006,"lon":-68.32564,"geocoding":{},"distantMaxMiles":5}}},"Federal Dependencies of Venezuela":{"countryName":"Venezuela","name":"Federal Dependencies of Venezuela","isoCode":"W","lat":10.9377053,"lon":-65.3569573,"geocoding":{},"distantMaxMiles":5,"cities":{}},"Guárico":{"countryName":"Venezuela","name":"Guárico","isoCode":"J","lat":8.7489309,"lon":-66.2367172,"geocoding":{},"distantMaxMiles":5,"cities":{"Altagracia de Orituco":{"countryName":"Venezuela","stateName":"Guárico","name":"Altagracia de Orituco","lat":9.86005,"lon":-66.38139,"geocoding":{},"distantMaxMiles":5},"Calabozo":{"countryName":"Venezuela","stateName":"Guárico","name":"Calabozo","lat":8.92416,"lon":-67.42929,"geocoding":{},"distantMaxMiles":5},"San Juan de los Morros":{"countryName":"Venezuela","stateName":"Guárico","name":"San Juan de los Morros","lat":9.91152,"lon":-67.35381,"geocoding":{},"distantMaxMiles":5},"Valle de La Pascua":{"countryName":"Venezuela","stateName":"Guárico","name":"Valle de La Pascua","lat":9.21554,"lon":-66.00734,"geocoding":{},"distantMaxMiles":5},"Zaraza":{"countryName":"Venezuela","stateName":"Guárico","name":"Zaraza","lat":9.35029,"lon":-65.32452,"geocoding":{},"distantMaxMiles":5}}},"La Guaira":{"countryName":"Venezuela","name":"La Guaira","isoCode":"X","lat":29.3052268,"lon":-94.7913854,"geocoding":{},"distantMaxMiles":5,"cities":{"Caraballeda":{"countryName":"Venezuela","stateName":"La Guaira","name":"Caraballeda","lat":10.61216,"lon":-66.85192,"geocoding":{},"distantMaxMiles":5},"Catia La Mar":{"countryName":"Venezuela","stateName":"La Guaira","name":"Catia La Mar","lat":10.60545,"lon":-67.03238,"geocoding":{},"distantMaxMiles":5},"La Guaira":{"countryName":"Venezuela","stateName":"La Guaira","name":"La Guaira","lat":10.60156,"lon":-66.93293,"geocoding":{},"distantMaxMiles":5},"Maiquetía":{"countryName":"Venezuela","stateName":"La Guaira","name":"Maiquetía","lat":10.5945,"lon":-66.95624,"geocoding":{},"distantMaxMiles":5}}},"Lara":{"countryName":"Venezuela","name":"Lara","isoCode":"K","lat":33.9822165,"lon":-118.1322747,"geocoding":{},"distantMaxMiles":5,"cities":{"Barquisimeto":{"countryName":"Venezuela","stateName":"Lara","name":"Barquisimeto","lat":10.0647,"lon":-69.35703,"geocoding":{},"distantMaxMiles":5},"Cabudare":{"countryName":"Venezuela","stateName":"Lara","name":"Cabudare","lat":10.02658,"lon":-69.26203,"geocoding":{},"distantMaxMiles":5},"Carora":{"countryName":"Venezuela","stateName":"Lara","name":"Carora","lat":10.17283,"lon":-70.081,"geocoding":{},"distantMaxMiles":5},"El Tocuyo":{"countryName":"Venezuela","stateName":"Lara","name":"El Tocuyo","lat":9.78709,"lon":-69.79294,"geocoding":{},"distantMaxMiles":5},"Los Rastrojos":{"countryName":"Venezuela","stateName":"Lara","name":"Los Rastrojos","lat":10.02588,"lon":-69.24166,"geocoding":{},"distantMaxMiles":5},"Quíbor":{"countryName":"Venezuela","stateName":"Lara","name":"Quíbor","lat":9.92866,"lon":-69.6201,"geocoding":{},"distantMaxMiles":5}}},"Miranda":{"countryName":"Venezuela","name":"Miranda","isoCode":"M","lat":42.3519383,"lon":-71.5290766,"geocoding":{},"distantMaxMiles":5,"cities":{"Baruta":{"countryName":"Venezuela","stateName":"Miranda","name":"Baruta","lat":10.43424,"lon":-66.87558,"geocoding":{},"distantMaxMiles":5},"Carrizal":{"countryName":"Venezuela","stateName":"Miranda","name":"Carrizal","lat":10.34985,"lon":-66.98632,"geocoding":{},"distantMaxMiles":5},"Caucaguita":{"countryName":"Venezuela","stateName":"Miranda","name":"Caucaguita","lat":10.35782,"lon":-66.80252,"geocoding":{},"distantMaxMiles":5},"Caucagüito":{"countryName":"Venezuela","stateName":"Miranda","name":"Caucagüito","lat":10.48666,"lon":-66.73799,"geocoding":{},"distantMaxMiles":5},"Chacao":{"countryName":"Venezuela","stateName":"Miranda","name":"Chacao","lat":10.49581,"lon":-66.85367,"geocoding":{},"distantMaxMiles":5},"Charallave":{"countryName":"Venezuela","stateName":"Miranda","name":"Charallave","lat":10.24247,"lon":-66.85723,"geocoding":{},"distantMaxMiles":5},"Cúa":{"countryName":"Venezuela","stateName":"Miranda","name":"Cúa","lat":10.16245,"lon":-66.88248,"geocoding":{},"distantMaxMiles":5},"El Cafetal":{"countryName":"Venezuela","stateName":"Miranda","name":"El Cafetal","lat":10.46541,"lon":-66.82951,"geocoding":{},"distantMaxMiles":5},"El Hatillo":{"countryName":"Venezuela","stateName":"Miranda","name":"El Hatillo","lat":10.42411,"lon":-66.82581,"geocoding":{},"distantMaxMiles":5},"Guarenas":{"countryName":"Venezuela","stateName":"Miranda","name":"Guarenas","lat":10.47027,"lon":-66.61934,"geocoding":{},"distantMaxMiles":5},"Guatire":{"countryName":"Venezuela","stateName":"Miranda","name":"Guatire","lat":10.474,"lon":-66.54241,"geocoding":{},"distantMaxMiles":5},"La Dolorita":{"countryName":"Venezuela","stateName":"Miranda","name":"La Dolorita","lat":10.4883,"lon":-66.78608,"geocoding":{},"distantMaxMiles":5},"Los Dos Caminos":{"countryName":"Venezuela","stateName":"Miranda","name":"Los Dos Caminos","lat":10.49389,"lon":-66.82863,"geocoding":{},"distantMaxMiles":5},"Los Teques":{"countryName":"Venezuela","stateName":"Miranda","name":"Los Teques","lat":10.34447,"lon":-67.04325,"geocoding":{},"distantMaxMiles":5},"Ocumare del Tuy":{"countryName":"Venezuela","stateName":"Miranda","name":"Ocumare del Tuy","lat":10.1182,"lon":-66.77513,"geocoding":{},"distantMaxMiles":5},"Petare":{"countryName":"Venezuela","stateName":"Miranda","name":"Petare","lat":10.47679,"lon":-66.80786,"geocoding":{},"distantMaxMiles":5},"San Antonio de Los Altos":{"countryName":"Venezuela","stateName":"Miranda","name":"San Antonio de Los Altos","lat":10.38853,"lon":-66.95179,"geocoding":{},"distantMaxMiles":5},"Santa Teresa del Tuy":{"countryName":"Venezuela","stateName":"Miranda","name":"Santa Teresa del Tuy","lat":10.23291,"lon":-66.66474,"geocoding":{},"distantMaxMiles":5}}},"Monagas":{"countryName":"Venezuela","name":"Monagas","isoCode":"N","lat":9.3241652,"lon":-63.0147578,"geocoding":{},"distantMaxMiles":5,"cities":{"Caripito":{"countryName":"Venezuela","stateName":"Monagas","name":"Caripito","lat":10.11135,"lon":-63.09985,"geocoding":{},"distantMaxMiles":5},"Maturín":{"countryName":"Venezuela","stateName":"Monagas","name":"Maturín","lat":9.74569,"lon":-63.18323,"geocoding":{},"distantMaxMiles":5},"Municipio Maturín":{"countryName":"Venezuela","stateName":"Monagas","name":"Municipio Maturín","lat":9.4,"lon":-63.03333,"geocoding":{},"distantMaxMiles":5},"Municipio Uracoa":{"countryName":"Venezuela","stateName":"Monagas","name":"Municipio Uracoa","lat":8.9996,"lon":-62.35164,"geocoding":{},"distantMaxMiles":5}}},"Mérida":{"countryName":"Venezuela","name":"Mérida","isoCode":"L","lat":20.9673702,"lon":-89.5925857,"geocoding":{},"distantMaxMiles":5,"cities":{"Ejido":{"countryName":"Venezuela","stateName":"Mérida","name":"Ejido","lat":8.54665,"lon":-71.24087,"geocoding":{},"distantMaxMiles":5},"El Vigía":{"countryName":"Venezuela","stateName":"Mérida","name":"El Vigía","lat":8.6135,"lon":-71.65702,"geocoding":{},"distantMaxMiles":5},"Mucumpiz":{"countryName":"Venezuela","stateName":"Mérida","name":"Mucumpiz","lat":8.41667,"lon":-71.13333,"geocoding":{},"distantMaxMiles":5},"Municipio Libertador":{"countryName":"Venezuela","stateName":"Mérida","name":"Municipio Libertador","lat":8.33333,"lon":-71.11667,"geocoding":{},"distantMaxMiles":5},"Mérida":{"countryName":"Venezuela","stateName":"Mérida","name":"Mérida","lat":8.58972,"lon":-71.15611,"geocoding":{},"distantMaxMiles":5}}},"Nueva Esparta":{"countryName":"Venezuela","name":"Nueva Esparta","isoCode":"O","lat":10.9970723,"lon":-63.9113296,"geocoding":{},"distantMaxMiles":5,"cities":{"Juan Griego":{"countryName":"Venezuela","stateName":"Nueva Esparta","name":"Juan Griego","lat":11.08172,"lon":-63.96549,"geocoding":{},"distantMaxMiles":5},"La Asunción":{"countryName":"Venezuela","stateName":"Nueva Esparta","name":"La Asunción","lat":11.03333,"lon":-63.86278,"geocoding":{},"distantMaxMiles":5},"Porlamar":{"countryName":"Venezuela","stateName":"Nueva Esparta","name":"Porlamar","lat":10.95771,"lon":-63.86971,"geocoding":{},"distantMaxMiles":5}}},"Portuguesa":{"countryName":"Venezuela","name":"Portuguesa","isoCode":"P","lat":9.0943999,"lon":-69.097023,"geocoding":{},"distantMaxMiles":5,"cities":{"Acarigua":{"countryName":"Venezuela","stateName":"Portuguesa","name":"Acarigua","lat":9.55451,"lon":-69.19564,"geocoding":{},"distantMaxMiles":5},"Araure":{"countryName":"Venezuela","stateName":"Portuguesa","name":"Araure","lat":9.58144,"lon":-69.23851,"geocoding":{},"distantMaxMiles":5},"Guanare":{"countryName":"Venezuela","stateName":"Portuguesa","name":"Guanare","lat":9.04183,"lon":-69.74206,"geocoding":{},"distantMaxMiles":5},"Villa Bruzual":{"countryName":"Venezuela","stateName":"Portuguesa","name":"Villa Bruzual","lat":9.33186,"lon":-69.11968,"geocoding":{},"distantMaxMiles":5}}},"Sucre":{"countryName":"Venezuela","name":"Sucre","isoCode":"R","lat":-19.035345,"lon":-65.2592128,"geocoding":{},"distantMaxMiles":5,"cities":{"Carúpano":{"countryName":"Venezuela","stateName":"Sucre","name":"Carúpano","lat":10.66516,"lon":-63.25387,"geocoding":{},"distantMaxMiles":5},"Cumaná":{"countryName":"Venezuela","stateName":"Sucre","name":"Cumaná","lat":10.45397,"lon":-64.18256,"geocoding":{},"distantMaxMiles":5},"Güiria":{"countryName":"Venezuela","stateName":"Sucre","name":"Güiria","lat":10.57721,"lon":-62.29841,"geocoding":{},"distantMaxMiles":5},"Municipio Valdez":{"countryName":"Venezuela","stateName":"Sucre","name":"Municipio Valdez","lat":10.57945,"lon":-62.30029,"geocoding":{},"distantMaxMiles":5}}},"Trujillo":{"countryName":"Venezuela","name":"Trujillo","isoCode":"T","lat":36.6734343,"lon":-121.6287588,"geocoding":{},"distantMaxMiles":5,"cities":{"Boconó":{"countryName":"Venezuela","stateName":"Trujillo","name":"Boconó","lat":9.25385,"lon":-70.25105,"geocoding":{},"distantMaxMiles":5},"Municipio Pampanito":{"countryName":"Venezuela","stateName":"Trujillo","name":"Municipio Pampanito","lat":9.41147,"lon":-70.49592,"geocoding":{},"distantMaxMiles":5},"Municipio San Rafael de Carvajal":{"countryName":"Venezuela","stateName":"Trujillo","name":"Municipio San Rafael de Carvajal","lat":9.30756,"lon":-70.58965,"geocoding":{},"distantMaxMiles":5},"Trujillo":{"countryName":"Venezuela","stateName":"Trujillo","name":"Trujillo","lat":9.36583,"lon":-70.43694,"geocoding":{},"distantMaxMiles":5},"Valera":{"countryName":"Venezuela","stateName":"Trujillo","name":"Valera","lat":9.31778,"lon":-70.60361,"geocoding":{},"distantMaxMiles":5}}},"Táchira":{"countryName":"Venezuela","name":"Táchira","isoCode":"S","lat":7.9137001,"lon":-72.1416132,"geocoding":{},"distantMaxMiles":5,"cities":{"Colón":{"countryName":"Venezuela","stateName":"Táchira","name":"Colón","lat":8.03125,"lon":-72.26053,"geocoding":{},"distantMaxMiles":5},"La Fría":{"countryName":"Venezuela","stateName":"Táchira","name":"La Fría","lat":8.21523,"lon":-72.24888,"geocoding":{},"distantMaxMiles":5},"La Grita":{"countryName":"Venezuela","stateName":"Táchira","name":"La Grita","lat":8.13316,"lon":-71.9839,"geocoding":{},"distantMaxMiles":5},"Municipio José María Vargas":{"countryName":"Venezuela","stateName":"Táchira","name":"Municipio José María Vargas","lat":8.03514,"lon":-72.05675,"geocoding":{},"distantMaxMiles":5},"Rubio":{"countryName":"Venezuela","stateName":"Táchira","name":"Rubio","lat":7.70131,"lon":-72.35569,"geocoding":{},"distantMaxMiles":5},"San Antonio del Táchira":{"countryName":"Venezuela","stateName":"Táchira","name":"San Antonio del Táchira","lat":7.81454,"lon":-72.4431,"geocoding":{},"distantMaxMiles":5},"San Cristóbal":{"countryName":"Venezuela","stateName":"Táchira","name":"San Cristóbal","lat":7.76694,"lon":-72.225,"geocoding":{},"distantMaxMiles":5},"Táriba":{"countryName":"Venezuela","stateName":"Táchira","name":"Táriba","lat":7.8188,"lon":-72.22427,"geocoding":{},"distantMaxMiles":5}}},"Yaracuy":{"countryName":"Venezuela","name":"Yaracuy","isoCode":"U","lat":10.339389,"lon":-68.8108849,"geocoding":{},"distantMaxMiles":5,"cities":{"Chivacoa":{"countryName":"Venezuela","stateName":"Yaracuy","name":"Chivacoa","lat":10.15951,"lon":-68.89453,"geocoding":{},"distantMaxMiles":5},"Municipio Independencia":{"countryName":"Venezuela","stateName":"Yaracuy","name":"Municipio Independencia","lat":10.33472,"lon":-68.75555,"geocoding":{},"distantMaxMiles":5},"Nirgua":{"countryName":"Venezuela","stateName":"Yaracuy","name":"Nirgua","lat":10.15039,"lon":-68.56478,"geocoding":{},"distantMaxMiles":5},"San Felipe":{"countryName":"Venezuela","stateName":"Yaracuy","name":"San Felipe","lat":10.33991,"lon":-68.74247,"geocoding":{},"distantMaxMiles":5},"Yaritagua":{"countryName":"Venezuela","stateName":"Yaracuy","name":"Yaritagua","lat":10.08081,"lon":-69.1242,"geocoding":{},"distantMaxMiles":5}}},"Zulia":{"countryName":"Venezuela","name":"Zulia","isoCode":"V","lat":10.2910237,"lon":-72.1416132,"geocoding":{},"distantMaxMiles":5,"cities":{"Cabimas":{"countryName":"Venezuela","stateName":"Zulia","name":"Cabimas","lat":10.39907,"lon":-71.45206,"geocoding":{},"distantMaxMiles":5},"Ciudad Ojeda":{"countryName":"Venezuela","stateName":"Zulia","name":"Ciudad Ojeda","lat":10.20161,"lon":-71.3148,"geocoding":{},"distantMaxMiles":5},"La Villa del Rosario":{"countryName":"Venezuela","stateName":"Zulia","name":"La Villa del Rosario","lat":10.3258,"lon":-72.31343,"geocoding":{},"distantMaxMiles":5},"Lagunillas":{"countryName":"Venezuela","stateName":"Zulia","name":"Lagunillas","lat":10.13008,"lon":-71.25946,"geocoding":{},"distantMaxMiles":5},"Machiques":{"countryName":"Venezuela","stateName":"Zulia","name":"Machiques","lat":10.06077,"lon":-72.55212,"geocoding":{},"distantMaxMiles":5},"Maracaibo":{"countryName":"Venezuela","stateName":"Zulia","name":"Maracaibo","lat":10.66663,"lon":-71.61245,"geocoding":{},"distantMaxMiles":5},"San Carlos del Zulia":{"countryName":"Venezuela","stateName":"Zulia","name":"San Carlos del Zulia","lat":9.00098,"lon":-71.92683,"geocoding":{},"distantMaxMiles":5},"Santa Rita":{"countryName":"Venezuela","stateName":"Zulia","name":"Santa Rita","lat":10.53642,"lon":-71.51104,"geocoding":{},"distantMaxMiles":5}}}}}