{"name":"Malta","isoCode":"MT","lat":35.83333333,"lon":14.58333333,"geocoding":{},"distantMaxMiles":5,"states":{"Attard":{"countryName":"Malta","name":"Attard","isoCode":"01","lat":35.8904967,"lon":14.4199322,"geocoding":{},"distantMaxMiles":5,"cities":{"Attard":{"countryName":"Malta","stateName":"Attard","name":"Attard","lat":35.88972,"lon":14.4425,"geocoding":{},"distantMaxMiles":5}}},"Balzan":{"countryName":"Malta","name":"Balzan","isoCode":"02","lat":35.8957414,"lon":14.4534065,"geocoding":{},"distantMaxMiles":5,"cities":{"Balzan":{"countryName":"Malta","stateName":"Balzan","name":"Balzan","lat":35.90028,"lon":14.455,"geocoding":{},"distantMaxMiles":5}}},"Birgu":{"countryName":"Malta","name":"Birgu","isoCode":"03","lat":35.8879214,"lon":14.522562,"geocoding":{},"distantMaxMiles":5,"cities":{"Vittoriosa":{"countryName":"Malta","stateName":"Birgu","name":"Vittoriosa","lat":35.89222,"lon":14.51833,"geocoding":{},"distantMaxMiles":5}}},"Birkirkara":{"countryName":"Malta","name":"Birkirkara","isoCode":"04","lat":35.8954706,"lon":14.4665072,"geocoding":{},"distantMaxMiles":5,"cities":{"Birkirkara":{"countryName":"Malta","stateName":"Birkirkara","name":"Birkirkara","lat":35.89722,"lon":14.46111,"geocoding":{},"distantMaxMiles":5}}},"Birżebbuġa":{"countryName":"Malta","name":"Birżebbuġa","isoCode":"05","lat":35.8135989,"lon":14.5247463,"geocoding":{},"distantMaxMiles":5,"cities":{"Birżebbuġa":{"countryName":"Malta","stateName":"Birżebbuġa","name":"Birżebbuġa","lat":35.82583,"lon":14.52694,"geocoding":{},"distantMaxMiles":5}}},"Cospicua":{"countryName":"Malta","name":"Cospicua","isoCode":"06","lat":35.8806753,"lon":14.5218338,"geocoding":{},"distantMaxMiles":5,"cities":{"Cospicua":{"countryName":"Malta","stateName":"Cospicua","name":"Cospicua","lat":35.88556,"lon":14.5275,"geocoding":{},"distantMaxMiles":5}}},"Dingli":{"countryName":"Malta","name":"Dingli","isoCode":"07","lat":35.8627309,"lon":14.3850107,"geocoding":{},"distantMaxMiles":5,"cities":{"Dingli":{"countryName":"Malta","stateName":"Dingli","name":"Dingli","lat":35.86139,"lon":14.38222,"geocoding":{},"distantMaxMiles":5}}},"Fgura":{"countryName":"Malta","name":"Fgura","isoCode":"08","lat":35.8738269,"lon":14.5232901,"geocoding":{},"distantMaxMiles":5,"cities":{"Fgura":{"countryName":"Malta","stateName":"Fgura","name":"Fgura","lat":35.87028,"lon":14.51333,"geocoding":{},"distantMaxMiles":5}}},"Floriana":{"countryName":"Malta","name":"Floriana","isoCode":"09","lat":45.4952185,"lon":-73.7139576,"geocoding":{},"distantMaxMiles":5,"cities":{"Floriana":{"countryName":"Malta","stateName":"Floriana","name":"Floriana","lat":35.89583,"lon":14.50833,"geocoding":{},"distantMaxMiles":5}}},"Fontana":{"countryName":"Malta","name":"Fontana","isoCode":"10","lat":34.0922335,"lon":-117.435048,"geocoding":{},"distantMaxMiles":5,"cities":{"Fontana":{"countryName":"Malta","stateName":"Fontana","name":"Fontana","lat":36.0375,"lon":14.23611,"geocoding":{},"distantMaxMiles":5}}},"Gudja":{"countryName":"Malta","name":"Gudja","isoCode":"11","lat":35.8469803,"lon":14.502904,"geocoding":{},"distantMaxMiles":5,"cities":{}},"Għajnsielem":{"countryName":"Malta","name":"Għajnsielem","isoCode":"13","lat":36.0247966,"lon":14.2802961,"geocoding":{},"distantMaxMiles":5,"cities":{"Għajnsielem":{"countryName":"Malta","stateName":"Għajnsielem","name":"Għajnsielem","lat":36.02639,"lon":14.285,"geocoding":{},"distantMaxMiles":5},"Hal Gharghur":{"countryName":"Malta","stateName":"Għajnsielem","name":"Hal Gharghur","lat":35.92409,"lon":14.45118,"geocoding":{},"distantMaxMiles":5}}},"Għarb":{"countryName":"Malta","name":"Għarb","isoCode":"14","lat":36.068909,"lon":14.2018098,"geocoding":{},"distantMaxMiles":5,"cities":{}},"Għargħur":{"countryName":"Malta","name":"Għargħur","isoCode":"15","lat":35.9220569,"lon":14.4563176,"geocoding":{},"distantMaxMiles":5,"cities":{"Għaxaq":{"countryName":"Malta","stateName":"Għargħur","name":"Għaxaq","lat":35.84889,"lon":14.51667,"geocoding":{},"distantMaxMiles":5}}},"Għasri":{"countryName":"Malta","name":"Għasri","isoCode":"16","lat":36.0668075,"lon":14.2192475,"geocoding":{},"distantMaxMiles":5,"cities":{"Gudja":{"countryName":"Malta","stateName":"Għasri","name":"Gudja","lat":35.84917,"lon":14.50306,"geocoding":{},"distantMaxMiles":5}}},"Għaxaq":{"countryName":"Malta","name":"Għaxaq","isoCode":"17","lat":35.8440359,"lon":14.516009,"geocoding":{},"distantMaxMiles":5,"cities":{"Gżira":{"countryName":"Malta","stateName":"Għaxaq","name":"Gżira","lat":35.90583,"lon":14.48806,"geocoding":{},"distantMaxMiles":5}}},"Gżira":{"countryName":"Malta","name":"Gżira","isoCode":"12","lat":35.905897,"lon":14.4953338,"geocoding":{},"distantMaxMiles":5,"cities":{"Għarb":{"countryName":"Malta","stateName":"Gżira","name":"Għarb","lat":36.06,"lon":14.20889,"geocoding":{},"distantMaxMiles":5}}},"Iklin":{"countryName":"Malta","name":"Iklin","isoCode":"19","lat":35.9098774,"lon":14.4577732,"geocoding":{},"distantMaxMiles":5,"cities":{"L-Iklin":{"countryName":"Malta","stateName":"Iklin","name":"L-Iklin","lat":35.90414,"lon":14.45415,"geocoding":{},"distantMaxMiles":5}}},"Kalkara":{"countryName":"Malta","name":"Kalkara","isoCode":"21","lat":35.8914242,"lon":14.5320278,"geocoding":{},"distantMaxMiles":5,"cities":{"Imġarr":{"countryName":"Malta","stateName":"Kalkara","name":"Imġarr","lat":35.92056,"lon":14.36639,"geocoding":{},"distantMaxMiles":5},"Mġarr":{"countryName":"Malta","stateName":"Kalkara","name":"Mġarr","lat":36.02528,"lon":14.295,"geocoding":{},"distantMaxMiles":5}}},"Kerċem":{"countryName":"Malta","name":"Kerċem","isoCode":"22","lat":36.0447939,"lon":14.2250605,"geocoding":{},"distantMaxMiles":5,"cities":{"Mqabba":{"countryName":"Malta","stateName":"Kerċem","name":"Mqabba","lat":35.84763,"lon":14.46824,"geocoding":{},"distantMaxMiles":5}}},"Kirkop":{"countryName":"Malta","name":"Kirkop","isoCode":"23","lat":35.8437862,"lon":14.4854324,"geocoding":{},"distantMaxMiles":5,"cities":{"Imsida":{"countryName":"Malta","stateName":"Kirkop","name":"Imsida","lat":35.8925,"lon":14.48278,"geocoding":{},"distantMaxMiles":5},"Kirkop":{"countryName":"Malta","stateName":"Kirkop","name":"Kirkop","lat":35.84222,"lon":14.48528,"geocoding":{},"distantMaxMiles":5}}},"Lija":{"countryName":"Malta","name":"Lija","isoCode":"24","lat":49.180076,"lon":-123.103317,"geocoding":{},"distantMaxMiles":5,"cities":{"Imtarfa":{"countryName":"Malta","stateName":"Lija","name":"Imtarfa","lat":35.89333,"lon":14.39889,"geocoding":{},"distantMaxMiles":5},"Lija":{"countryName":"Malta","stateName":"Lija","name":"Lija","lat":35.90056,"lon":14.44639,"geocoding":{},"distantMaxMiles":5}}},"Luqa":{"countryName":"Malta","name":"Luqa","isoCode":"25","lat":35.8582865,"lon":14.4868883,"geocoding":{},"distantMaxMiles":5,"cities":{"Luqa":{"countryName":"Malta","stateName":"Luqa","name":"Luqa","lat":35.85889,"lon":14.48861,"geocoding":{},"distantMaxMiles":5},"Senglea":{"countryName":"Malta","stateName":"Luqa","name":"Senglea","lat":35.8875,"lon":14.51694,"geocoding":{},"distantMaxMiles":5}}},"Marsa":{"countryName":"Malta","name":"Marsa","isoCode":"26","lat":34.0319587,"lon":-118.4455535,"geocoding":{},"distantMaxMiles":5,"cities":{"Kalkara":{"countryName":"Malta","stateName":"Marsa","name":"Kalkara","lat":35.88917,"lon":14.53278,"geocoding":{},"distantMaxMiles":5}}},"Marsaskala":{"countryName":"Malta","name":"Marsaskala","isoCode":"27","lat":35.860364,"lon":14.5567876,"geocoding":{},"distantMaxMiles":5,"cities":{"Kerċem":{"countryName":"Malta","stateName":"Marsaskala","name":"Kerċem","lat":36.04194,"lon":14.22667,"geocoding":{},"distantMaxMiles":5},"Marsaskala":{"countryName":"Malta","stateName":"Marsaskala","name":"Marsaskala","lat":35.8622,"lon":14.56701,"geocoding":{},"distantMaxMiles":5}}},"Marsaxlokk":{"countryName":"Malta","name":"Marsaxlokk","isoCode":"28","lat":35.8411699,"lon":14.5393097,"geocoding":{},"distantMaxMiles":5,"cities":{"Marsaxlokk":{"countryName":"Malta","stateName":"Marsaxlokk","name":"Marsaxlokk","lat":35.84194,"lon":14.54306,"geocoding":{},"distantMaxMiles":5}}},"Mdina":{"countryName":"Malta","name":"Mdina","isoCode":"29","lat":35.888093,"lon":14.4068357,"geocoding":{},"distantMaxMiles":5,"cities":{}},"Mellieħa":{"countryName":"Malta","name":"Mellieħa","isoCode":"30","lat":35.9523529,"lon":14.3500975,"geocoding":{},"distantMaxMiles":5,"cities":{}},"Mosta":{"countryName":"Malta","name":"Mosta","isoCode":"32","lat":35.9141504,"lon":14.4228427,"geocoding":{},"distantMaxMiles":5,"cities":{}},"Mqabba":{"countryName":"Malta","name":"Mqabba","isoCode":"33","lat":35.8444143,"lon":14.4694186,"geocoding":{},"distantMaxMiles":5,"cities":{}},"Msida":{"countryName":"Malta","name":"Msida","isoCode":"34","lat":35.8956388,"lon":14.4868883,"geocoding":{},"distantMaxMiles":5,"cities":{"Mellieħa":{"countryName":"Malta","stateName":"Msida","name":"Mellieħa","lat":35.95639,"lon":14.36222,"geocoding":{},"distantMaxMiles":5}}},"Mtarfa":{"countryName":"Malta","name":"Mtarfa","isoCode":"35","lat":35.8895125,"lon":14.3951953,"geocoding":{},"distantMaxMiles":5,"cities":{}},"Munxar":{"countryName":"Malta","name":"Munxar","isoCode":"36","lat":36.0288058,"lon":14.2250605,"geocoding":{},"distantMaxMiles":5,"cities":{"Munxar":{"countryName":"Malta","stateName":"Munxar","name":"Munxar","lat":36.03,"lon":14.23333,"geocoding":{},"distantMaxMiles":5}}},"Mġarr":{"countryName":"Malta","name":"Mġarr","isoCode":"31","lat":35.9189327,"lon":14.3617343,"geocoding":{},"distantMaxMiles":5,"cities":{"Marsa":{"countryName":"Malta","stateName":"Mġarr","name":"Marsa","lat":35.87917,"lon":14.49528,"geocoding":{},"distantMaxMiles":5}}},"Nadur":{"countryName":"Malta","name":"Nadur","isoCode":"37","lat":36.0447019,"lon":14.2919273,"geocoding":{},"distantMaxMiles":5,"cities":{"Nadur":{"countryName":"Malta","stateName":"Nadur","name":"Nadur","lat":36.03778,"lon":14.29417,"geocoding":{},"distantMaxMiles":5}}},"Naxxar":{"countryName":"Malta","name":"Naxxar","isoCode":"38","lat":35.9317518,"lon":14.4315746,"geocoding":{},"distantMaxMiles":5,"cities":{"Naxxar":{"countryName":"Malta","stateName":"Naxxar","name":"Naxxar","lat":35.91361,"lon":14.44361,"geocoding":{},"distantMaxMiles":5}}},"Paola":{"countryName":"Malta","name":"Paola","isoCode":"39","lat":38.5722353,"lon":-94.8791294,"geocoding":{},"distantMaxMiles":5,"cities":{"Paola":{"countryName":"Malta","stateName":"Paola","name":"Paola","lat":35.87306,"lon":14.49889,"geocoding":{},"distantMaxMiles":5}}},"Pembroke":{"countryName":"Malta","name":"Pembroke","isoCode":"40","lat":34.6801626,"lon":-79.1950373,"geocoding":{},"distantMaxMiles":5,"cities":{"Pembroke":{"countryName":"Malta","stateName":"Pembroke","name":"Pembroke","lat":35.93056,"lon":14.47639,"geocoding":{},"distantMaxMiles":5}}},"Pietà":{"countryName":"Malta","name":"Pietà","isoCode":"41","lat":42.21862,"lon":-83.734647,"geocoding":{},"distantMaxMiles":5,"cities":{"Pietà":{"countryName":"Malta","stateName":"Pietà","name":"Pietà","lat":35.89472,"lon":14.495,"geocoding":{},"distantMaxMiles":5}}},"Qala":{"countryName":"Malta","name":"Qala","isoCode":"42","lat":36.0388628,"lon":14.318101,"geocoding":{},"distantMaxMiles":5,"cities":{"Qala":{"countryName":"Malta","stateName":"Qala","name":"Qala","lat":36.03611,"lon":14.30944,"geocoding":{},"distantMaxMiles":5}}},"Qormi":{"countryName":"Malta","name":"Qormi","isoCode":"43","lat":35.8764388,"lon":14.4694186,"geocoding":{},"distantMaxMiles":5,"cities":{"Qormi":{"countryName":"Malta","stateName":"Qormi","name":"Qormi","lat":35.87601,"lon":14.472,"geocoding":{},"distantMaxMiles":5}}},"Qrendi":{"countryName":"Malta","name":"Qrendi","isoCode":"44","lat":35.8328488,"lon":14.4548621,"geocoding":{},"distantMaxMiles":5,"cities":{"Qrendi":{"countryName":"Malta","stateName":"Qrendi","name":"Qrendi","lat":35.83472,"lon":14.45833,"geocoding":{},"distantMaxMiles":5}}},"Rabat":{"countryName":"Malta","name":"Rabat","isoCode":"46","lat":33.9715904,"lon":-6.8498129,"geocoding":{},"distantMaxMiles":5,"cities":{}},"Saint Lawrence":{"countryName":"Malta","name":"Saint Lawrence","isoCode":"50","lat":38.9578056,"lon":-95.2565689,"geocoding":{},"distantMaxMiles":5,"cities":{"San Lawrenz":{"countryName":"Malta","stateName":"Saint Lawrence","name":"San Lawrenz","lat":36.05556,"lon":14.20361,"geocoding":{},"distantMaxMiles":5}}},"San Ġwann":{"countryName":"Malta","name":"San Ġwann","isoCode":"49","lat":35.9077365,"lon":14.4752416,"geocoding":{},"distantMaxMiles":5,"cities":{"San Ġiljan":{"countryName":"Malta","stateName":"San Ġwann","name":"San Ġiljan","lat":35.91839,"lon":14.48977,"geocoding":{},"distantMaxMiles":5}}},"Sannat":{"countryName":"Malta","name":"Sannat","isoCode":"52","lat":36.0192643,"lon":14.2599437,"geocoding":{},"distantMaxMiles":5,"cities":{"San Pawl il-Baħar":{"countryName":"Malta","stateName":"Sannat","name":"San Pawl il-Baħar","lat":35.95064,"lon":14.41561,"geocoding":{},"distantMaxMiles":5},"Sannat":{"countryName":"Malta","stateName":"Sannat","name":"Sannat","lat":36.02444,"lon":14.24278,"geocoding":{},"distantMaxMiles":5}}},"Santa Luċija":{"countryName":"Malta","name":"Santa Luċija","isoCode":"53","lat":35.856142,"lon":14.50436,"geocoding":{},"distantMaxMiles":5,"cities":{"Santa Venera":{"countryName":"Malta","stateName":"Santa Luċija","name":"Santa Venera","lat":35.89083,"lon":14.47417,"geocoding":{},"distantMaxMiles":5}}},"Santa Venera":{"countryName":"Malta","name":"Santa Venera","isoCode":"54","lat":35.8902201,"lon":14.4766974,"geocoding":{},"distantMaxMiles":5,"cities":{}},"Senglea":{"countryName":"Malta","name":"Senglea","isoCode":"20","lat":35.8873041,"lon":14.5167371,"geocoding":{},"distantMaxMiles":5,"cities":{"Imdina":{"countryName":"Malta","stateName":"Senglea","name":"Imdina","lat":35.88694,"lon":14.4025,"geocoding":{},"distantMaxMiles":5}}},"Siġġiewi":{"countryName":"Malta","name":"Siġġiewi","isoCode":"55","lat":35.8463742,"lon":14.4315746,"geocoding":{},"distantMaxMiles":5,"cities":{"Siġġiewi":{"countryName":"Malta","stateName":"Siġġiewi","name":"Siġġiewi","lat":35.85556,"lon":14.43639,"geocoding":{},"distantMaxMiles":5}}},"Sliema":{"countryName":"Malta","name":"Sliema","isoCode":"56","lat":35.9110081,"lon":14.502904,"geocoding":{},"distantMaxMiles":5,"cities":{"Sliema":{"countryName":"Malta","stateName":"Sliema","name":"Sliema","lat":35.9125,"lon":14.50194,"geocoding":{},"distantMaxMiles":5}}},"St. Julian's":{"countryName":"Malta","name":"St. Julian's","isoCode":"48","lat":42.2122513,"lon":-85.8917127,"geocoding":{},"distantMaxMiles":5,"cities":{"Saint John":{"countryName":"Malta","stateName":"St. Julian's","name":"Saint John","lat":35.90556,"lon":14.47611,"geocoding":{},"distantMaxMiles":5}}},"St. Paul's Bay":{"countryName":"Malta","name":"St. Paul's Bay","isoCode":"51","lat":35.936017,"lon":14.3966503,"geocoding":{},"distantMaxMiles":5,"cities":{"Mosta":{"countryName":"Malta","stateName":"St. Paul's Bay","name":"Mosta","lat":35.90917,"lon":14.42556,"geocoding":{},"distantMaxMiles":5},"Saint Lucia":{"countryName":"Malta","stateName":"St. Paul's Bay","name":"Saint Lucia","lat":36.04306,"lon":14.21722,"geocoding":{},"distantMaxMiles":5},"Santa Luċija":{"countryName":"Malta","stateName":"St. Paul's Bay","name":"Santa Luċija","lat":35.86278,"lon":14.5075,"geocoding":{},"distantMaxMiles":5}}},"Swieqi":{"countryName":"Malta","name":"Swieqi","isoCode":"57","lat":35.9191182,"lon":14.4694186,"geocoding":{},"distantMaxMiles":5,"cities":{"Swieqi":{"countryName":"Malta","stateName":"Swieqi","name":"Swieqi","lat":35.9225,"lon":14.48,"geocoding":{},"distantMaxMiles":5}}},"Ta' Xbiex":{"countryName":"Malta","name":"Ta' Xbiex","isoCode":"58","lat":35.8991448,"lon":14.4963519,"geocoding":{},"distantMaxMiles":5,"cities":{"Ta’ Xbiex":{"countryName":"Malta","stateName":"Ta' Xbiex","name":"Ta’ Xbiex","lat":35.89917,"lon":14.49444,"geocoding":{},"distantMaxMiles":5}}},"Tarxien":{"countryName":"Malta","name":"Tarxien","isoCode":"59","lat":35.8672552,"lon":14.5116405,"geocoding":{},"distantMaxMiles":5,"cities":{"Tarxien":{"countryName":"Malta","stateName":"Tarxien","name":"Tarxien","lat":35.86583,"lon":14.515,"geocoding":{},"distantMaxMiles":5}}},"Valletta":{"countryName":"Malta","name":"Valletta","isoCode":"60","lat":35.8989085,"lon":14.5145528,"geocoding":{},"distantMaxMiles":5,"cities":{"Valletta":{"countryName":"Malta","stateName":"Valletta","name":"Valletta","lat":35.89972,"lon":14.51472,"geocoding":{},"distantMaxMiles":5}}},"Victoria":{"countryName":"Malta","name":"Victoria","isoCode":"45","lat":28.8052674,"lon":-97.0035982,"geocoding":{},"distantMaxMiles":5,"cities":{"Rabat":{"countryName":"Malta","stateName":"Victoria","name":"Rabat","lat":35.88152,"lon":14.39872,"geocoding":{},"distantMaxMiles":5},"Victoria":{"countryName":"Malta","stateName":"Victoria","name":"Victoria","lat":36.04444,"lon":14.23972,"geocoding":{},"distantMaxMiles":5}}},"Xagħra":{"countryName":"Malta","name":"Xagħra","isoCode":"61","lat":36.050845,"lon":14.267482,"geocoding":{},"distantMaxMiles":5,"cities":{"Xagħra":{"countryName":"Malta","stateName":"Xagħra","name":"Xagħra","lat":36.05,"lon":14.26444,"geocoding":{},"distantMaxMiles":5}}},"Xewkija":{"countryName":"Malta","name":"Xewkija","isoCode":"62","lat":36.0299236,"lon":14.2599437,"geocoding":{},"distantMaxMiles":5,"cities":{"Xewkija":{"countryName":"Malta","stateName":"Xewkija","name":"Xewkija","lat":36.03278,"lon":14.25806,"geocoding":{},"distantMaxMiles":5}}},"Xgħajra":{"countryName":"Malta","name":"Xgħajra","isoCode":"63","lat":35.8868282,"lon":14.5472391,"geocoding":{},"distantMaxMiles":5,"cities":{"Xgħajra":{"countryName":"Malta","stateName":"Xgħajra","name":"Xgħajra","lat":35.88556,"lon":14.5475,"geocoding":{},"distantMaxMiles":5}}},"Ħamrun":{"countryName":"Malta","name":"Ħamrun","isoCode":"18","lat":35.8861237,"lon":14.4883442,"geocoding":{},"distantMaxMiles":5,"cities":{"Ħamrun":{"countryName":"Malta","stateName":"Ħamrun","name":"Ħamrun","lat":35.88472,"lon":14.48444,"geocoding":{},"distantMaxMiles":5}}},"Żabbar":{"countryName":"Malta","name":"Żabbar","isoCode":"64","lat":35.8724715,"lon":14.5451354,"geocoding":{},"distantMaxMiles":5,"cities":{"Żabbar":{"countryName":"Malta","stateName":"Żabbar","name":"Żabbar","lat":35.87611,"lon":14.535,"geocoding":{},"distantMaxMiles":5}}},"Żebbuġ Gozo":{"countryName":"Malta","name":"Żebbuġ Gozo","isoCode":"65","lat":36.0716403,"lon":14.245408,"geocoding":{},"distantMaxMiles":5,"cities":{"Haz-Zebbug":{"countryName":"Malta","stateName":"Żebbuġ Gozo","name":"Haz-Zebbug","lat":35.87194,"lon":14.44111,"geocoding":{},"distantMaxMiles":5}}},"Żebbuġ Malta":{"countryName":"Malta","name":"Żebbuġ Malta","isoCode":"66","lat":35.8764648,"lon":14.439084,"geocoding":{},"distantMaxMiles":5,"cities":{"Żebbuġ":{"countryName":"Malta","stateName":"Żebbuġ Malta","name":"Żebbuġ","lat":36.07222,"lon":14.23583,"geocoding":{},"distantMaxMiles":5}}},"Żejtun":{"countryName":"Malta","name":"Żejtun","isoCode":"67","lat":35.8548714,"lon":14.5363969,"geocoding":{},"distantMaxMiles":5,"cities":{"Żejtun":{"countryName":"Malta","stateName":"Żejtun","name":"Żejtun","lat":35.85583,"lon":14.53306,"geocoding":{},"distantMaxMiles":5}}},"Żurrieq":{"countryName":"Malta","name":"Żurrieq","isoCode":"68","lat":35.8216306,"lon":14.4810648,"geocoding":{},"distantMaxMiles":5,"cities":{"Żurrieq":{"countryName":"Malta","stateName":"Żurrieq","name":"Żurrieq","lat":35.83111,"lon":14.47417,"geocoding":{},"distantMaxMiles":5}}}}}