{"name":"East Timor","isoCode":"TL","lat":-8.83333333,"lon":125.91666666,"geocoding":{},"distantMaxMiles":5,"states":{"Aileu municipality":{"countryName":"East Timor","name":"Aileu municipality","isoCode":"AL","lat":-8.7043994,"lon":125.6095474,"geocoding":{},"distantMaxMiles":5,"cities":{"Aileu":{"countryName":"East Timor","stateName":"Aileu municipality","name":"Aileu","lat":-8.72806,"lon":125.56639,"geocoding":{},"distantMaxMiles":5},"Lequidoe":{"countryName":"East Timor","stateName":"Aileu municipality","name":"Lequidoe","lat":-8.69139,"lon":125.63611,"geocoding":{},"distantMaxMiles":5},"Remexio":{"countryName":"East Timor","stateName":"Aileu municipality","name":"Remexio","lat":-8.61667,"lon":125.66667,"geocoding":{},"distantMaxMiles":5}}},"Ainaro Municipality":{"countryName":"East Timor","name":"Ainaro Municipality","isoCode":"AN","lat":-9.0113171,"lon":125.5220012,"geocoding":{},"distantMaxMiles":5,"cities":{"Ainaro":{"countryName":"East Timor","stateName":"Ainaro Municipality","name":"Ainaro","lat":-8.99241,"lon":125.50816,"geocoding":{},"distantMaxMiles":5},"Hato-Udo":{"countryName":"East Timor","stateName":"Ainaro Municipality","name":"Hato-Udo","lat":-9.12036,"lon":125.58935,"geocoding":{},"distantMaxMiles":5}}},"Baucau Municipality":{"countryName":"East Timor","name":"Baucau Municipality","isoCode":"BA","lat":-8.4714308,"lon":126.4575991,"geocoding":{},"distantMaxMiles":5,"cities":{"Baguia":{"countryName":"East Timor","stateName":"Baucau Municipality","name":"Baguia","lat":-8.62787,"lon":126.65743,"geocoding":{},"distantMaxMiles":5},"Baucau":{"countryName":"East Timor","stateName":"Baucau Municipality","name":"Baucau","lat":-8.46667,"lon":126.45,"geocoding":{},"distantMaxMiles":5},"Baukau":{"countryName":"East Timor","stateName":"Baucau Municipality","name":"Baukau","lat":-8.47572,"lon":126.45633,"geocoding":{},"distantMaxMiles":5},"Laga":{"countryName":"East Timor","stateName":"Baucau Municipality","name":"Laga","lat":-8.47411,"lon":126.59228,"geocoding":{},"distantMaxMiles":5},"Quelicai":{"countryName":"East Timor","stateName":"Baucau Municipality","name":"Quelicai","lat":-8.60135,"lon":126.55904,"geocoding":{},"distantMaxMiles":5},"Vemasse":{"countryName":"East Timor","stateName":"Baucau Municipality","name":"Vemasse","lat":-8.51036,"lon":126.20823,"geocoding":{},"distantMaxMiles":5},"Venilale":{"countryName":"East Timor","stateName":"Baucau Municipality","name":"Venilale","lat":-8.64306,"lon":126.37833,"geocoding":{},"distantMaxMiles":5}}},"Bobonaro Municipality":{"countryName":"East Timor","name":"Bobonaro Municipality","isoCode":"BO","lat":-8.9655406,"lon":125.2587964,"geocoding":{},"distantMaxMiles":5,"cities":{"Maliana":{"countryName":"East Timor","stateName":"Bobonaro Municipality","name":"Maliana","lat":-8.99167,"lon":125.21972,"geocoding":{},"distantMaxMiles":5}}},"Cova Lima Municipality":{"countryName":"East Timor","name":"Cova Lima Municipality","isoCode":"CO","lat":-9.2650375,"lon":125.2587964,"geocoding":{},"distantMaxMiles":5,"cities":{"Fatumean":{"countryName":"East Timor","stateName":"Cova Lima Municipality","name":"Fatumean","lat":-9.22917,"lon":125.03583,"geocoding":{},"distantMaxMiles":5},"Fohorem":{"countryName":"East Timor","stateName":"Cova Lima Municipality","name":"Fohorem","lat":-9.28361,"lon":125.08944,"geocoding":{},"distantMaxMiles":5},"Maucatar":{"countryName":"East Timor","stateName":"Cova Lima Municipality","name":"Maucatar","lat":-9.21772,"lon":125.22981,"geocoding":{},"distantMaxMiles":5},"Suai":{"countryName":"East Timor","stateName":"Cova Lima Municipality","name":"Suai","lat":-9.3,"lon":125.25,"geocoding":{},"distantMaxMiles":5},"Tilomar":{"countryName":"East Timor","stateName":"Cova Lima Municipality","name":"Tilomar","lat":-9.34182,"lon":125.10887,"geocoding":{},"distantMaxMiles":5}}},"Dili municipality":{"countryName":"East Timor","name":"Dili municipality","isoCode":"DI","lat":-8.2449613,"lon":125.5876697,"geocoding":{},"distantMaxMiles":5,"cities":{"Atauro Island":{"countryName":"East Timor","stateName":"Dili municipality","name":"Atauro Island","lat":-8.26785,"lon":125.59699,"geocoding":{},"distantMaxMiles":5},"Cristo Rei":{"countryName":"East Timor","stateName":"Dili municipality","name":"Cristo Rei","lat":-8.52047,"lon":125.60837,"geocoding":{},"distantMaxMiles":5},"Dili":{"countryName":"East Timor","stateName":"Dili municipality","name":"Dili","lat":-8.55861,"lon":125.57361,"geocoding":{},"distantMaxMiles":5},"Metinaro":{"countryName":"East Timor","stateName":"Dili municipality","name":"Metinaro","lat":-8.53007,"lon":125.74163,"geocoding":{},"distantMaxMiles":5}}},"Ermera District":{"countryName":"East Timor","name":"Ermera District","isoCode":"ER","lat":-8.7524802,"lon":125.3987294,"geocoding":{},"distantMaxMiles":5,"cities":{"Ermera Villa":{"countryName":"East Timor","stateName":"Ermera District","name":"Ermera Villa","lat":-8.75222,"lon":125.39694,"geocoding":{},"distantMaxMiles":5},"Gleno":{"countryName":"East Timor","stateName":"Ermera District","name":"Gleno","lat":-8.72389,"lon":125.43611,"geocoding":{},"distantMaxMiles":5},"Hatulia":{"countryName":"East Timor","stateName":"Ermera District","name":"Hatulia","lat":-8.81667,"lon":125.31667,"geocoding":{},"distantMaxMiles":5},"Letefoho":{"countryName":"East Timor","stateName":"Ermera District","name":"Letefoho","lat":-8.83444,"lon":125.42639,"geocoding":{},"distantMaxMiles":5},"Railaco":{"countryName":"East Timor","stateName":"Ermera District","name":"Railaco","lat":-8.67237,"lon":125.42546,"geocoding":{},"distantMaxMiles":5}}},"Lautém Municipality":{"countryName":"East Timor","name":"Lautém Municipality","isoCode":"LA","lat":-8.3642307,"lon":126.9043845,"geocoding":{},"distantMaxMiles":5,"cities":{"Iliomar":{"countryName":"East Timor","stateName":"Lautém Municipality","name":"Iliomar","lat":-8.70917,"lon":126.82833,"geocoding":{},"distantMaxMiles":5},"Lautem":{"countryName":"East Timor","stateName":"Lautém Municipality","name":"Lautem","lat":-8.36514,"lon":126.90389,"geocoding":{},"distantMaxMiles":5},"Lospalos":{"countryName":"East Timor","stateName":"Lautém Municipality","name":"Lospalos","lat":-8.52167,"lon":126.99833,"geocoding":{},"distantMaxMiles":5},"Luro":{"countryName":"East Timor","stateName":"Lautém Municipality","name":"Luro","lat":-8.54359,"lon":126.83003,"geocoding":{},"distantMaxMiles":5},"Tutuala":{"countryName":"East Timor","stateName":"Lautém Municipality","name":"Tutuala","lat":-8.39597,"lon":127.25923,"geocoding":{},"distantMaxMiles":5}}},"Liquiçá Municipality":{"countryName":"East Timor","name":"Liquiçá Municipality","isoCode":"LI","lat":-8.6674095,"lon":125.2587964,"geocoding":{},"distantMaxMiles":5,"cities":{"Bazartete":{"countryName":"East Timor","stateName":"Liquiçá Municipality","name":"Bazartete","lat":-8.62464,"lon":125.38168,"geocoding":{},"distantMaxMiles":5},"Likisá":{"countryName":"East Timor","stateName":"Liquiçá Municipality","name":"Likisá","lat":-8.5875,"lon":125.34194,"geocoding":{},"distantMaxMiles":5},"Maubara":{"countryName":"East Timor","stateName":"Liquiçá Municipality","name":"Maubara","lat":-8.61194,"lon":125.20611,"geocoding":{},"distantMaxMiles":5}}},"Manatuto District":{"countryName":"East Timor","name":"Manatuto District","isoCode":"MT","lat":-8.5155608,"lon":126.0159255,"geocoding":{},"distantMaxMiles":5,"cities":{"Barique":{"countryName":"East Timor","stateName":"Manatuto District","name":"Barique","lat":-8.85472,"lon":126.06556,"geocoding":{},"distantMaxMiles":5},"Laclo":{"countryName":"East Timor","stateName":"Manatuto District","name":"Laclo","lat":-8.55,"lon":125.91667,"geocoding":{},"distantMaxMiles":5},"Laclubar":{"countryName":"East Timor","stateName":"Manatuto District","name":"Laclubar","lat":-8.74975,"lon":125.91186,"geocoding":{},"distantMaxMiles":5},"Manatuto":{"countryName":"East Timor","stateName":"Manatuto District","name":"Manatuto","lat":-8.52207,"lon":126.01516,"geocoding":{},"distantMaxMiles":5},"Manatutu":{"countryName":"East Timor","stateName":"Manatuto District","name":"Manatutu","lat":-8.51139,"lon":126.01306,"geocoding":{},"distantMaxMiles":5},"Soibada":{"countryName":"East Timor","stateName":"Manatuto District","name":"Soibada","lat":-8.86,"lon":125.94,"geocoding":{},"distantMaxMiles":5}}},"Manufahi Municipality":{"countryName":"East Timor","name":"Manufahi Municipality","isoCode":"MF","lat":-9.0145495,"lon":125.8279959,"geocoding":{},"distantMaxMiles":5,"cities":{"Alas":{"countryName":"East Timor","stateName":"Manufahi Municipality","name":"Alas","lat":-9.0273,"lon":125.7868,"geocoding":{},"distantMaxMiles":5},"Fatuberliu":{"countryName":"East Timor","stateName":"Manufahi Municipality","name":"Fatuberliu","lat":-8.9479,"lon":125.86633,"geocoding":{},"distantMaxMiles":5},"Same":{"countryName":"East Timor","stateName":"Manufahi Municipality","name":"Same","lat":-9,"lon":125.65,"geocoding":{},"distantMaxMiles":5},"Turiscai":{"countryName":"East Timor","stateName":"Manufahi Municipality","name":"Turiscai","lat":-8.82371,"lon":125.70454,"geocoding":{},"distantMaxMiles":5}}},"Viqueque Municipality":{"countryName":"East Timor","name":"Viqueque Municipality","isoCode":"VI","lat":-8.8597918,"lon":126.3633516,"geocoding":{},"distantMaxMiles":5,"cities":{"Lacluta":{"countryName":"East Timor","stateName":"Viqueque Municipality","name":"Lacluta","lat":-8.8,"lon":126.13333,"geocoding":{},"distantMaxMiles":5},"Ossu":{"countryName":"East Timor","stateName":"Viqueque Municipality","name":"Ossu","lat":-8.73477,"lon":126.38324,"geocoding":{},"distantMaxMiles":5},"Uatocarabau":{"countryName":"East Timor","stateName":"Viqueque Municipality","name":"Uatocarabau","lat":-8.75658,"lon":126.6806,"geocoding":{},"distantMaxMiles":5},"Uatolari":{"countryName":"East Timor","stateName":"Viqueque Municipality","name":"Uatolari","lat":-8.76277,"lon":126.57353,"geocoding":{},"distantMaxMiles":5},"Viqueque":{"countryName":"East Timor","stateName":"Viqueque Municipality","name":"Viqueque","lat":-8.85908,"lon":126.36972,"geocoding":{},"distantMaxMiles":5}}}}}