{"name":"Chile","isoCode":"CL","lat":-30,"lon":-71,"geocoding":{},"distantMaxMiles":5,"states":{"Aisén del General Carlos Ibañez del Campo":{"countryName":"Chile","name":"Aisén del General Carlos Ibañez del Campo","isoCode":"AI","lat":-46.378345,"lon":-72.3007623,"geocoding":{},"distantMaxMiles":5,"cities":{"Aysén":{"countryName":"Chile","stateName":"Aisén del General Carlos Ibañez del Campo","name":"Aysén","lat":-45.40303,"lon":-72.69184,"geocoding":{},"distantMaxMiles":5},"Chile Chico":{"countryName":"Chile","stateName":"Aisén del General Carlos Ibañez del Campo","name":"Chile Chico","lat":-46.5376,"lon":-71.7293,"geocoding":{},"distantMaxMiles":5},"Cisnes":{"countryName":"Chile","stateName":"Aisén del General Carlos Ibañez del Campo","name":"Cisnes","lat":-44.7275,"lon":-72.6805,"geocoding":{},"distantMaxMiles":5},"Cochrane":{"countryName":"Chile","stateName":"Aisén del General Carlos Ibañez del Campo","name":"Cochrane","lat":-47.2539,"lon":-72.5732,"geocoding":{},"distantMaxMiles":5},"Coyhaique":{"countryName":"Chile","stateName":"Aisén del General Carlos Ibañez del Campo","name":"Coyhaique","lat":-45.57524,"lon":-72.06619,"geocoding":{},"distantMaxMiles":5},"Guaitecas":{"countryName":"Chile","stateName":"Aisén del General Carlos Ibañez del Campo","name":"Guaitecas","lat":-43.88333333,"lon":-73.73333333,"geocoding":{},"distantMaxMiles":5},"Lago Verde":{"countryName":"Chile","stateName":"Aisén del General Carlos Ibañez del Campo","name":"Lago Verde","lat":-44.24031,"lon":-71.8495,"geocoding":{},"distantMaxMiles":5},"O'Higgins":{"countryName":"Chile","stateName":"Aisén del General Carlos Ibañez del Campo","name":"O'Higgins","lat":-48.46666667,"lon":-72.56666667,"geocoding":{},"distantMaxMiles":5},"Río Ibáñez":{"countryName":"Chile","stateName":"Aisén del General Carlos Ibañez del Campo","name":"Río Ibáñez","lat":-46.3,"lon":-71.93333333,"geocoding":{},"distantMaxMiles":5},"Tortel":{"countryName":"Chile","stateName":"Aisén del General Carlos Ibañez del Campo","name":"Tortel","lat":-47.83333333,"lon":-73.56666667,"geocoding":{},"distantMaxMiles":5}}},"Antofagasta":{"countryName":"Chile","name":"Antofagasta","isoCode":"AN","lat":-23.8369104,"lon":-69.2877535,"geocoding":{},"distantMaxMiles":5,"cities":{"Antofagasta":{"countryName":"Chile","stateName":"Antofagasta","name":"Antofagasta","lat":-23.65236,"lon":-70.3954,"geocoding":{},"distantMaxMiles":5},"Calama":{"countryName":"Chile","stateName":"Antofagasta","name":"Calama","lat":-22.45667,"lon":-68.92371,"geocoding":{},"distantMaxMiles":5},"María Elena":{"countryName":"Chile","stateName":"Antofagasta","name":"María Elena","lat":-22.35,"lon":-69.66666667,"geocoding":{},"distantMaxMiles":5},"Mejillones":{"countryName":"Chile","stateName":"Antofagasta","name":"Mejillones","lat":-23.1,"lon":-70.45,"geocoding":{},"distantMaxMiles":5},"Ollagüe":{"countryName":"Chile","stateName":"Antofagasta","name":"Ollagüe","lat":-21.22496,"lon":-68.25352,"geocoding":{},"distantMaxMiles":5},"San Pedro de Atacama":{"countryName":"Chile","stateName":"Antofagasta","name":"San Pedro de Atacama","lat":-22.9111,"lon":-68.20113,"geocoding":{},"distantMaxMiles":5},"Sierra Gorda":{"countryName":"Chile","stateName":"Antofagasta","name":"Sierra Gorda","lat":-22.88333333,"lon":-69.31666667,"geocoding":{},"distantMaxMiles":5},"Taltal":{"countryName":"Chile","stateName":"Antofagasta","name":"Taltal","lat":-25.40713,"lon":-70.48554,"geocoding":{},"distantMaxMiles":5},"Tocopilla":{"countryName":"Chile","stateName":"Antofagasta","name":"Tocopilla","lat":-22.09198,"lon":-70.19792,"geocoding":{},"distantMaxMiles":5}}},"Arica y Parinacota":{"countryName":"Chile","name":"Arica y Parinacota","isoCode":"AP","lat":-18.5940485,"lon":-69.4784541,"geocoding":{},"distantMaxMiles":5,"cities":{"Arica":{"countryName":"Chile","stateName":"Arica y Parinacota","name":"Arica","lat":-18.4746,"lon":-70.29792,"geocoding":{},"distantMaxMiles":5},"Camarones":{"countryName":"Chile","stateName":"Arica y Parinacota","name":"Camarones","lat":-19.01666667,"lon":-69.86666667,"geocoding":{},"distantMaxMiles":5},"General Lagos":{"countryName":"Chile","stateName":"Arica y Parinacota","name":"General Lagos","lat":-17.56666667,"lon":-69.5,"geocoding":{},"distantMaxMiles":5},"Putre":{"countryName":"Chile","stateName":"Arica y Parinacota","name":"Putre","lat":-18.1964,"lon":-69.5592,"geocoding":{},"distantMaxMiles":5}}},"Atacama":{"countryName":"Chile","name":"Atacama","isoCode":"AT","lat":-27.5660558,"lon":-70.050314,"geocoding":{},"distantMaxMiles":5,"cities":{"Alto del Carmen":{"countryName":"Chile","stateName":"Atacama","name":"Alto del Carmen","lat":-28.93355556,"lon":-70.46227778,"geocoding":{},"distantMaxMiles":5},"Caldera":{"countryName":"Chile","stateName":"Atacama","name":"Caldera","lat":-27.06666667,"lon":-70.81666667,"geocoding":{},"distantMaxMiles":5},"Chañaral":{"countryName":"Chile","stateName":"Atacama","name":"Chañaral","lat":-26.3479,"lon":-70.6224,"geocoding":{},"distantMaxMiles":5},"Copiapó":{"countryName":"Chile","stateName":"Atacama","name":"Copiapó","lat":-27.3665,"lon":-70.3323,"geocoding":{},"distantMaxMiles":5},"Diego de Almagro":{"countryName":"Chile","stateName":"Atacama","name":"Diego de Almagro","lat":-26.36667,"lon":-70.05,"geocoding":{},"distantMaxMiles":5},"Freirina":{"countryName":"Chile","stateName":"Atacama","name":"Freirina","lat":-28.5,"lon":-71.06666667,"geocoding":{},"distantMaxMiles":5},"Huasco":{"countryName":"Chile","stateName":"Atacama","name":"Huasco","lat":-28.45,"lon":-71.21666667,"geocoding":{},"distantMaxMiles":5},"Tierra Amarilla":{"countryName":"Chile","stateName":"Atacama","name":"Tierra Amarilla","lat":-27.46666667,"lon":-70.26666667,"geocoding":{},"distantMaxMiles":5},"Vallenar":{"countryName":"Chile","stateName":"Atacama","name":"Vallenar","lat":-28.57617,"lon":-70.75938,"geocoding":{},"distantMaxMiles":5}}},"Biobío":{"countryName":"Chile","name":"Biobío","isoCode":"BI","lat":-37.4464428,"lon":-72.1416132,"geocoding":{},"distantMaxMiles":5,"cities":{"Alto Biobío":{"countryName":"Chile","stateName":"Biobío","name":"Alto Biobío","lat":-38.05,"lon":-71.31666667,"geocoding":{},"distantMaxMiles":5},"Antuco":{"countryName":"Chile","stateName":"Biobío","name":"Antuco","lat":-37.33333333,"lon":-71.68333333,"geocoding":{},"distantMaxMiles":5},"Arauco":{"countryName":"Chile","stateName":"Biobío","name":"Arauco","lat":-37.2463,"lon":-73.31752,"geocoding":{},"distantMaxMiles":5},"Cabrero":{"countryName":"Chile","stateName":"Biobío","name":"Cabrero","lat":-37.03394,"lon":-72.40468,"geocoding":{},"distantMaxMiles":5},"Cañete":{"countryName":"Chile","stateName":"Biobío","name":"Cañete","lat":-37.80128,"lon":-73.39616,"geocoding":{},"distantMaxMiles":5},"Chiguayante":{"countryName":"Chile","stateName":"Biobío","name":"Chiguayante","lat":-36.9256,"lon":-73.02841,"geocoding":{},"distantMaxMiles":5},"Concepción":{"countryName":"Chile","stateName":"Biobío","name":"Concepción","lat":-36.82699,"lon":-73.04977,"geocoding":{},"distantMaxMiles":5},"Contulmo":{"countryName":"Chile","stateName":"Biobío","name":"Contulmo","lat":-38,"lon":-73.23333333,"geocoding":{},"distantMaxMiles":5},"Coronel":{"countryName":"Chile","stateName":"Biobío","name":"Coronel","lat":-37.03386,"lon":-73.14019,"geocoding":{},"distantMaxMiles":5},"Curanilahue":{"countryName":"Chile","stateName":"Biobío","name":"Curanilahue","lat":-37.47793,"lon":-73.34495,"geocoding":{},"distantMaxMiles":5},"Florida":{"countryName":"Chile","stateName":"Biobío","name":"Florida","lat":-36.81666667,"lon":-72.66666667,"geocoding":{},"distantMaxMiles":5},"Hualpén":{"countryName":"Chile","stateName":"Biobío","name":"Hualpén","lat":-36.78333333,"lon":-73.08333333,"geocoding":{},"distantMaxMiles":5},"Hualqui":{"countryName":"Chile","stateName":"Biobío","name":"Hualqui","lat":-36.97266,"lon":-72.93559,"geocoding":{},"distantMaxMiles":5},"Laja":{"countryName":"Chile","stateName":"Biobío","name":"Laja","lat":-37.28415,"lon":-72.71105,"geocoding":{},"distantMaxMiles":5},"Lebu":{"countryName":"Chile","stateName":"Biobío","name":"Lebu","lat":-37.60825,"lon":-73.65356,"geocoding":{},"distantMaxMiles":5},"Los Álamos":{"countryName":"Chile","stateName":"Biobío","name":"Los Álamos","lat":-37.61666667,"lon":-73.46666667,"geocoding":{},"distantMaxMiles":5},"Los Ángeles":{"countryName":"Chile","stateName":"Biobío","name":"Los Ángeles","lat":-37.46973,"lon":-72.35366,"geocoding":{},"distantMaxMiles":5},"Lota":{"countryName":"Chile","stateName":"Biobío","name":"Lota","lat":-37.08994,"lon":-73.1577,"geocoding":{},"distantMaxMiles":5},"Mulchén":{"countryName":"Chile","stateName":"Biobío","name":"Mulchén","lat":-37.71893,"lon":-72.24099,"geocoding":{},"distantMaxMiles":5},"Nacimiento":{"countryName":"Chile","stateName":"Biobío","name":"Nacimiento","lat":-37.50253,"lon":-72.67307,"geocoding":{},"distantMaxMiles":5},"Negrete":{"countryName":"Chile","stateName":"Biobío","name":"Negrete","lat":-37.58333333,"lon":-72.51666667,"geocoding":{},"distantMaxMiles":5},"Penco":{"countryName":"Chile","stateName":"Biobío","name":"Penco","lat":-36.74075,"lon":-72.99528,"geocoding":{},"distantMaxMiles":5},"Quilaco":{"countryName":"Chile","stateName":"Biobío","name":"Quilaco","lat":-37.68436111,"lon":-72.00636111,"geocoding":{},"distantMaxMiles":5},"Quilleco":{"countryName":"Chile","stateName":"Biobío","name":"Quilleco","lat":-37.46666667,"lon":-71.96666667,"geocoding":{},"distantMaxMiles":5},"San Pedro de la Paz":{"countryName":"Chile","stateName":"Biobío","name":"San Pedro de la Paz","lat":-36.84082,"lon":-73.10311,"geocoding":{},"distantMaxMiles":5},"San Rosendo":{"countryName":"Chile","stateName":"Biobío","name":"San Rosendo","lat":-37.26666667,"lon":-72.71666667,"geocoding":{},"distantMaxMiles":5},"Santa Bárbara":{"countryName":"Chile","stateName":"Biobío","name":"Santa Bárbara","lat":-37.66666667,"lon":-72.01666667,"geocoding":{},"distantMaxMiles":5},"Santa Juana":{"countryName":"Chile","stateName":"Biobío","name":"Santa Juana","lat":-37.16666667,"lon":-72.93333333,"geocoding":{},"distantMaxMiles":5},"Talcahuano":{"countryName":"Chile","stateName":"Biobío","name":"Talcahuano","lat":-36.72494,"lon":-73.11684,"geocoding":{},"distantMaxMiles":5},"Tirúa":{"countryName":"Chile","stateName":"Biobío","name":"Tirúa","lat":-38.33333333,"lon":-73.5,"geocoding":{},"distantMaxMiles":5},"Tomé":{"countryName":"Chile","stateName":"Biobío","name":"Tomé","lat":-36.61756,"lon":-72.95593,"geocoding":{},"distantMaxMiles":5},"Tucapel":{"countryName":"Chile","stateName":"Biobío","name":"Tucapel","lat":-37.28333333,"lon":-71.95,"geocoding":{},"distantMaxMiles":5},"Yumbel":{"countryName":"Chile","stateName":"Biobío","name":"Yumbel","lat":-37.0982,"lon":-72.56084,"geocoding":{},"distantMaxMiles":5}}},"Coquimbo":{"countryName":"Chile","name":"Coquimbo","isoCode":"CO","lat":-30.540181,"lon":-70.8119953,"geocoding":{},"distantMaxMiles":5,"cities":{"Andacollo":{"countryName":"Chile","stateName":"Coquimbo","name":"Andacollo","lat":-30.21666667,"lon":-71.08333333,"geocoding":{},"distantMaxMiles":5},"Canela":{"countryName":"Chile","stateName":"Coquimbo","name":"Canela","lat":-31.4,"lon":-71.45,"geocoding":{},"distantMaxMiles":5},"Combarbalá":{"countryName":"Chile","stateName":"Coquimbo","name":"Combarbalá","lat":-31.16666667,"lon":-71.05,"geocoding":{},"distantMaxMiles":5},"Coquimbo":{"countryName":"Chile","stateName":"Coquimbo","name":"Coquimbo","lat":-29.95332,"lon":-71.33947,"geocoding":{},"distantMaxMiles":5},"Illapel":{"countryName":"Chile","stateName":"Coquimbo","name":"Illapel","lat":-31.63349,"lon":-71.16967,"geocoding":{},"distantMaxMiles":5},"La Higuera":{"countryName":"Chile","stateName":"Coquimbo","name":"La Higuera","lat":-29.5,"lon":-71.26666667,"geocoding":{},"distantMaxMiles":5},"La Serena":{"countryName":"Chile","stateName":"Coquimbo","name":"La Serena","lat":-29.90453,"lon":-71.24894,"geocoding":{},"distantMaxMiles":5},"Los Vilos":{"countryName":"Chile","stateName":"Coquimbo","name":"Los Vilos","lat":-31.9,"lon":-71.51666667,"geocoding":{},"distantMaxMiles":5},"Monte Patria":{"countryName":"Chile","stateName":"Coquimbo","name":"Monte Patria","lat":-30.69496,"lon":-70.9577,"geocoding":{},"distantMaxMiles":5},"Ovalle":{"countryName":"Chile","stateName":"Coquimbo","name":"Ovalle","lat":-30.60106,"lon":-71.19901,"geocoding":{},"distantMaxMiles":5},"Paihuano":{"countryName":"Chile","stateName":"Coquimbo","name":"Paihuano","lat":-30.02884,"lon":-70.51708,"geocoding":{},"distantMaxMiles":5},"Punitaqui":{"countryName":"Chile","stateName":"Coquimbo","name":"Punitaqui","lat":-30.9,"lon":-71.26666667,"geocoding":{},"distantMaxMiles":5},"Río Hurtado":{"countryName":"Chile","stateName":"Coquimbo","name":"Río Hurtado","lat":-30.26666667,"lon":-70.7,"geocoding":{},"distantMaxMiles":5},"Salamanca":{"countryName":"Chile","stateName":"Coquimbo","name":"Salamanca","lat":-31.77922,"lon":-70.96389,"geocoding":{},"distantMaxMiles":5},"Vicuña":{"countryName":"Chile","stateName":"Coquimbo","name":"Vicuña","lat":-30.03541,"lon":-70.71274,"geocoding":{},"distantMaxMiles":5}}},"La Araucanía":{"countryName":"Chile","name":"La Araucanía","isoCode":"AR","lat":-38.948921,"lon":-72.331113,"geocoding":{},"distantMaxMiles":5,"cities":{"Angol":{"countryName":"Chile","stateName":"La Araucanía","name":"Angol","lat":-37.79519,"lon":-72.71636,"geocoding":{},"distantMaxMiles":5},"Carahue":{"countryName":"Chile","stateName":"La Araucanía","name":"Carahue","lat":-38.71122,"lon":-73.16101,"geocoding":{},"distantMaxMiles":5},"Cholchol":{"countryName":"Chile","stateName":"La Araucanía","name":"Cholchol","lat":-38.6,"lon":-72.85,"geocoding":{},"distantMaxMiles":5},"Collipulli":{"countryName":"Chile","stateName":"La Araucanía","name":"Collipulli","lat":-37.95453,"lon":-72.43438,"geocoding":{},"distantMaxMiles":5},"Cunco":{"countryName":"Chile","stateName":"La Araucanía","name":"Cunco","lat":-38.91666667,"lon":-72.03333333,"geocoding":{},"distantMaxMiles":5},"Curacautín":{"countryName":"Chile","stateName":"La Araucanía","name":"Curacautín","lat":-38.4404921,"lon":-71.905396,"geocoding":{},"distantMaxMiles":5},"Curarrehue":{"countryName":"Chile","stateName":"La Araucanía","name":"Curarrehue","lat":-39.35,"lon":-71.58333333,"geocoding":{},"distantMaxMiles":5},"Ercilla":{"countryName":"Chile","stateName":"La Araucanía","name":"Ercilla","lat":-38.05,"lon":-72.38333333,"geocoding":{},"distantMaxMiles":5},"Freire":{"countryName":"Chile","stateName":"La Araucanía","name":"Freire","lat":-38.95252,"lon":-72.62653,"geocoding":{},"distantMaxMiles":5},"Galvarino":{"countryName":"Chile","stateName":"La Araucanía","name":"Galvarino","lat":-38.4,"lon":-72.78333333,"geocoding":{},"distantMaxMiles":5},"Gorbea":{"countryName":"Chile","stateName":"La Araucanía","name":"Gorbea","lat":-39.1,"lon":-72.68333333,"geocoding":{},"distantMaxMiles":5},"Lautaro":{"countryName":"Chile","stateName":"La Araucanía","name":"Lautaro","lat":-38.53066,"lon":-72.43652,"geocoding":{},"distantMaxMiles":5},"Loncoche":{"countryName":"Chile","stateName":"La Araucanía","name":"Loncoche","lat":-39.36708,"lon":-72.63087,"geocoding":{},"distantMaxMiles":5},"Lonquimay":{"countryName":"Chile","stateName":"La Araucanía","name":"Lonquimay","lat":-38.43333333,"lon":-71.23333333,"geocoding":{},"distantMaxMiles":5},"Los Sauces":{"countryName":"Chile","stateName":"La Araucanía","name":"Los Sauces","lat":-37.96666667,"lon":-72.83333333,"geocoding":{},"distantMaxMiles":5},"Lumaco":{"countryName":"Chile","stateName":"La Araucanía","name":"Lumaco","lat":-38.15,"lon":-72.91666667,"geocoding":{},"distantMaxMiles":5},"Melipeuco":{"countryName":"Chile","stateName":"La Araucanía","name":"Melipeuco","lat":-38.85,"lon":-71.7,"geocoding":{},"distantMaxMiles":5},"Nueva Imperial":{"countryName":"Chile","stateName":"La Araucanía","name":"Nueva Imperial","lat":-38.74451,"lon":-72.95025,"geocoding":{},"distantMaxMiles":5},"Padre Las Casas":{"countryName":"Chile","stateName":"La Araucanía","name":"Padre Las Casas","lat":-38.76666667,"lon":-72.6,"geocoding":{},"distantMaxMiles":5},"Perquenco":{"countryName":"Chile","stateName":"La Araucanía","name":"Perquenco","lat":-38.41666667,"lon":-72.38333333,"geocoding":{},"distantMaxMiles":5},"Pitrufquén":{"countryName":"Chile","stateName":"La Araucanía","name":"Pitrufquén","lat":-38.98635,"lon":-72.63721,"geocoding":{},"distantMaxMiles":5},"Pucón":{"countryName":"Chile","stateName":"La Araucanía","name":"Pucón","lat":-39.28223,"lon":-71.95427,"geocoding":{},"distantMaxMiles":5},"Purén":{"countryName":"Chile","stateName":"La Araucanía","name":"Purén","lat":-38.01666667,"lon":-73.08333333,"geocoding":{},"distantMaxMiles":5},"Renaico":{"countryName":"Chile","stateName":"La Araucanía","name":"Renaico","lat":-37.71779,"lon":-72.5757,"geocoding":{},"distantMaxMiles":5},"Saavedra":{"countryName":"Chile","stateName":"La Araucanía","name":"Saavedra","lat":-38.78333333,"lon":-73.4,"geocoding":{},"distantMaxMiles":5},"Temuco":{"countryName":"Chile","stateName":"La Araucanía","name":"Temuco","lat":-38.73965,"lon":-72.59842,"geocoding":{},"distantMaxMiles":5},"Teodoro Schmidt":{"countryName":"Chile","stateName":"La Araucanía","name":"Teodoro Schmidt","lat":-38.96666667,"lon":-73.05,"geocoding":{},"distantMaxMiles":5},"Toltén":{"countryName":"Chile","stateName":"La Araucanía","name":"Toltén","lat":-39.17852,"lon":-73.16448,"geocoding":{},"distantMaxMiles":5},"Traiguén":{"countryName":"Chile","stateName":"La Araucanía","name":"Traiguén","lat":-38.2496,"lon":-72.67027,"geocoding":{},"distantMaxMiles":5},"Victoria":{"countryName":"Chile","stateName":"La Araucanía","name":"Victoria","lat":-38.23291,"lon":-72.33292,"geocoding":{},"distantMaxMiles":5},"Vilcún":{"countryName":"Chile","stateName":"La Araucanía","name":"Vilcún","lat":-38.66875,"lon":-72.22565,"geocoding":{},"distantMaxMiles":5},"Villarrica":{"countryName":"Chile","stateName":"La Araucanía","name":"Villarrica","lat":-39.28569,"lon":-72.2279,"geocoding":{},"distantMaxMiles":5}}},"Libertador General Bernardo O'Higgins":{"countryName":"Chile","name":"Libertador General Bernardo O'Higgins","isoCode":"LI","lat":-34.5755374,"lon":-71.0022311,"geocoding":{},"distantMaxMiles":5,"cities":{"Chimbarongo":{"countryName":"Chile","stateName":"Libertador General Bernardo O'Higgins","name":"Chimbarongo","lat":-34.71247,"lon":-71.0434,"geocoding":{},"distantMaxMiles":5},"Chépica":{"countryName":"Chile","stateName":"Libertador General Bernardo O'Higgins","name":"Chépica","lat":-34.73333333,"lon":-71.28333333,"geocoding":{},"distantMaxMiles":5},"Codegua":{"countryName":"Chile","stateName":"Libertador General Bernardo O'Higgins","name":"Codegua","lat":-34.03333333,"lon":-70.66666667,"geocoding":{},"distantMaxMiles":5},"Coltauco":{"countryName":"Chile","stateName":"Libertador General Bernardo O'Higgins","name":"Coltauco","lat":-34.3,"lon":-71.1,"geocoding":{},"distantMaxMiles":5},"Coínco":{"countryName":"Chile","stateName":"Libertador General Bernardo O'Higgins","name":"Coínco","lat":-34.26666667,"lon":-70.96666667,"geocoding":{},"distantMaxMiles":5},"Doñihue":{"countryName":"Chile","stateName":"Libertador General Bernardo O'Higgins","name":"Doñihue","lat":-34.23333333,"lon":-70.96666667,"geocoding":{},"distantMaxMiles":5},"Graneros":{"countryName":"Chile","stateName":"Libertador General Bernardo O'Higgins","name":"Graneros","lat":-34.06863,"lon":-70.72747,"geocoding":{},"distantMaxMiles":5},"La Estrella":{"countryName":"Chile","stateName":"Libertador General Bernardo O'Higgins","name":"La Estrella","lat":-34.2,"lon":-71.66666667,"geocoding":{},"distantMaxMiles":5},"Las Cabras":{"countryName":"Chile","stateName":"Libertador General Bernardo O'Higgins","name":"Las Cabras","lat":-34.3,"lon":-71.31666667,"geocoding":{},"distantMaxMiles":5},"Litueche":{"countryName":"Chile","stateName":"Libertador General Bernardo O'Higgins","name":"Litueche","lat":-34.11666667,"lon":-71.73333333,"geocoding":{},"distantMaxMiles":5},"Lolol":{"countryName":"Chile","stateName":"Libertador General Bernardo O'Higgins","name":"Lolol","lat":-34.72861111,"lon":-71.64472222,"geocoding":{},"distantMaxMiles":5},"Machalí":{"countryName":"Chile","stateName":"Libertador General Bernardo O'Higgins","name":"Machalí","lat":-34.18082,"lon":-70.64933,"geocoding":{},"distantMaxMiles":5},"Malloa":{"countryName":"Chile","stateName":"Libertador General Bernardo O'Higgins","name":"Malloa","lat":-34.45,"lon":-70.95,"geocoding":{},"distantMaxMiles":5},"Marchigüe":{"countryName":"Chile","stateName":"Libertador General Bernardo O'Higgins","name":"Marchigüe","lat":-34.4,"lon":-71.63333333,"geocoding":{},"distantMaxMiles":5},"Mostazal":{"countryName":"Chile","stateName":"Libertador General Bernardo O'Higgins","name":"Mostazal","lat":-33.98333333,"lon":-70.7,"geocoding":{},"distantMaxMiles":5},"Nancagua":{"countryName":"Chile","stateName":"Libertador General Bernardo O'Higgins","name":"Nancagua","lat":-34.66666667,"lon":-71.21666667,"geocoding":{},"distantMaxMiles":5},"Navidad":{"countryName":"Chile","stateName":"Libertador General Bernardo O'Higgins","name":"Navidad","lat":-33.93333333,"lon":-71.83333333,"geocoding":{},"distantMaxMiles":5},"Olivar":{"countryName":"Chile","stateName":"Libertador General Bernardo O'Higgins","name":"Olivar","lat":-34.21164,"lon":-70.82012,"geocoding":{},"distantMaxMiles":5},"Palmilla":{"countryName":"Chile","stateName":"Libertador General Bernardo O'Higgins","name":"Palmilla","lat":-34.6,"lon":-71.36666667,"geocoding":{},"distantMaxMiles":5},"Paredones":{"countryName":"Chile","stateName":"Libertador General Bernardo O'Higgins","name":"Paredones","lat":-34.78333333,"lon":-71.16666667,"geocoding":{},"distantMaxMiles":5},"Peralillo":{"countryName":"Chile","stateName":"Libertador General Bernardo O'Higgins","name":"Peralillo","lat":-34.48333333,"lon":-71.48333333,"geocoding":{},"distantMaxMiles":5},"Peumo":{"countryName":"Chile","stateName":"Libertador General Bernardo O'Higgins","name":"Peumo","lat":-34.4,"lon":-71.16666667,"geocoding":{},"distantMaxMiles":5},"Pichidegua":{"countryName":"Chile","stateName":"Libertador General Bernardo O'Higgins","name":"Pichidegua","lat":-34.35,"lon":-71.3,"geocoding":{},"distantMaxMiles":5},"Pichilemu":{"countryName":"Chile","stateName":"Libertador General Bernardo O'Higgins","name":"Pichilemu","lat":-34.38333,"lon":-72,"geocoding":{},"distantMaxMiles":5},"Placilla":{"countryName":"Chile","stateName":"Libertador General Bernardo O'Higgins","name":"Placilla","lat":-34.63333333,"lon":-71.11666667,"geocoding":{},"distantMaxMiles":5},"Pumanque":{"countryName":"Chile","stateName":"Libertador General Bernardo O'Higgins","name":"Pumanque","lat":-34.6,"lon":-71.66666667,"geocoding":{},"distantMaxMiles":5},"Quinta de Tilcoco":{"countryName":"Chile","stateName":"Libertador General Bernardo O'Higgins","name":"Quinta de Tilcoco","lat":-34.3555,"lon":-70.96527,"geocoding":{},"distantMaxMiles":5},"Rancagua":{"countryName":"Chile","stateName":"Libertador General Bernardo O'Higgins","name":"Rancagua","lat":-34.17083,"lon":-70.74444,"geocoding":{},"distantMaxMiles":5},"Rengo":{"countryName":"Chile","stateName":"Libertador General Bernardo O'Higgins","name":"Rengo","lat":-34.40639,"lon":-70.85834,"geocoding":{},"distantMaxMiles":5},"Requínoa":{"countryName":"Chile","stateName":"Libertador General Bernardo O'Higgins","name":"Requínoa","lat":-34.28333333,"lon":-70.83333333,"geocoding":{},"distantMaxMiles":5},"San Fernando":{"countryName":"Chile","stateName":"Libertador General Bernardo O'Higgins","name":"San Fernando","lat":-34.7433,"lon":-70.60328,"geocoding":{},"distantMaxMiles":5},"San Vicente":{"countryName":"Chile","stateName":"Libertador General Bernardo O'Higgins","name":"San Vicente","lat":-34.43859,"lon":-71.07751,"geocoding":{},"distantMaxMiles":5},"Santa Cruz":{"countryName":"Chile","stateName":"Libertador General Bernardo O'Higgins","name":"Santa Cruz","lat":-34.63881,"lon":-71.36576,"geocoding":{},"distantMaxMiles":5}}},"Los Lagos":{"countryName":"Chile","name":"Los Lagos","isoCode":"LL","lat":-41.9197779,"lon":-72.1416132,"geocoding":{},"distantMaxMiles":5,"cities":{"Ancud":{"countryName":"Chile","stateName":"Los Lagos","name":"Ancud","lat":-41.8707,"lon":-73.81622,"geocoding":{},"distantMaxMiles":5},"Calbuco":{"countryName":"Chile","stateName":"Los Lagos","name":"Calbuco","lat":-41.77338,"lon":-73.13049,"geocoding":{},"distantMaxMiles":5},"Castro":{"countryName":"Chile","stateName":"Los Lagos","name":"Castro","lat":-42.4721,"lon":-73.77319,"geocoding":{},"distantMaxMiles":5},"Chaitén":{"countryName":"Chile","stateName":"Los Lagos","name":"Chaitén","lat":-42.91596,"lon":-72.70632,"geocoding":{},"distantMaxMiles":5},"Chonchi":{"countryName":"Chile","stateName":"Los Lagos","name":"Chonchi","lat":-42.62387,"lon":-73.775,"geocoding":{},"distantMaxMiles":5},"Cochamó":{"countryName":"Chile","stateName":"Los Lagos","name":"Cochamó","lat":-41.5,"lon":-72.31666667,"geocoding":{},"distantMaxMiles":5},"Curaco de Vélez":{"countryName":"Chile","stateName":"Los Lagos","name":"Curaco de Vélez","lat":-42.4397,"lon":-73.6029,"geocoding":{},"distantMaxMiles":5},"Dalcahue":{"countryName":"Chile","stateName":"Los Lagos","name":"Dalcahue","lat":-42.37845,"lon":-73.65011,"geocoding":{},"distantMaxMiles":5},"Fresia":{"countryName":"Chile","stateName":"Los Lagos","name":"Fresia","lat":-41.15364,"lon":-73.42102,"geocoding":{},"distantMaxMiles":5},"Frutillar":{"countryName":"Chile","stateName":"Los Lagos","name":"Frutillar","lat":-41.08716,"lon":-73.09563,"geocoding":{},"distantMaxMiles":5},"Futaleufú":{"countryName":"Chile","stateName":"Los Lagos","name":"Futaleufú","lat":-43.18492,"lon":-71.86722,"geocoding":{},"distantMaxMiles":5},"Hualaihué":{"countryName":"Chile","stateName":"Los Lagos","name":"Hualaihué","lat":-42.01666667,"lon":-72.68333333,"geocoding":{},"distantMaxMiles":5},"Llanquihue":{"countryName":"Chile","stateName":"Los Lagos","name":"Llanquihue","lat":-41.34285,"lon":-72.658,"geocoding":{},"distantMaxMiles":5},"Los Muermos":{"countryName":"Chile","stateName":"Los Lagos","name":"Los Muermos","lat":-41.4,"lon":-73.48333333,"geocoding":{},"distantMaxMiles":5},"Maullín":{"countryName":"Chile","stateName":"Los Lagos","name":"Maullín","lat":-41.61666667,"lon":-73.6,"geocoding":{},"distantMaxMiles":5},"Osorno":{"countryName":"Chile","stateName":"Los Lagos","name":"Osorno","lat":-40.57395,"lon":-73.13348,"geocoding":{},"distantMaxMiles":5},"Palena":{"countryName":"Chile","stateName":"Los Lagos","name":"Palena","lat":-43.61876,"lon":-71.80434,"geocoding":{},"distantMaxMiles":5},"Puerto Montt":{"countryName":"Chile","stateName":"Los Lagos","name":"Puerto Montt","lat":-41.4693,"lon":-72.94237,"geocoding":{},"distantMaxMiles":5},"Puerto Octay":{"countryName":"Chile","stateName":"Los Lagos","name":"Puerto Octay","lat":-40.96666667,"lon":-72.9,"geocoding":{},"distantMaxMiles":5},"Puerto Varas":{"countryName":"Chile","stateName":"Los Lagos","name":"Puerto Varas","lat":-41.31946,"lon":-72.98538,"geocoding":{},"distantMaxMiles":5},"Puqueldón":{"countryName":"Chile","stateName":"Los Lagos","name":"Puqueldón","lat":-42.60001,"lon":-73.67458,"geocoding":{},"distantMaxMiles":5},"Purranque":{"countryName":"Chile","stateName":"Los Lagos","name":"Purranque","lat":-40.91305,"lon":-73.15913,"geocoding":{},"distantMaxMiles":5},"Puyehue":{"countryName":"Chile","stateName":"Los Lagos","name":"Puyehue","lat":-40.7096801,"lon":-72.6419056,"geocoding":{},"distantMaxMiles":5},"Queilén":{"countryName":"Chile","stateName":"Los Lagos","name":"Queilén","lat":-42.85572,"lon":-73.56436,"geocoding":{},"distantMaxMiles":5},"Quellón":{"countryName":"Chile","stateName":"Los Lagos","name":"Quellón","lat":-43.11819,"lon":-73.61661,"geocoding":{},"distantMaxMiles":5},"Quemchi":{"countryName":"Chile","stateName":"Los Lagos","name":"Quemchi","lat":-42.13333333,"lon":-73.51666667,"geocoding":{},"distantMaxMiles":5},"Quinchao":{"countryName":"Chile","stateName":"Los Lagos","name":"Quinchao","lat":-42.53333333,"lon":-73.41666667,"geocoding":{},"distantMaxMiles":5},"Río Negro":{"countryName":"Chile","stateName":"Los Lagos","name":"Río Negro","lat":-40.79615,"lon":-73.21614,"geocoding":{},"distantMaxMiles":5},"San Juan de la Costa":{"countryName":"Chile","stateName":"Los Lagos","name":"San Juan de la Costa","lat":-40.51666667,"lon":-73.4,"geocoding":{},"distantMaxMiles":5},"San Pablo":{"countryName":"Chile","stateName":"Los Lagos","name":"San Pablo","lat":-40.4,"lon":-73.01666667,"geocoding":{},"distantMaxMiles":5}}},"Los Ríos":{"countryName":"Chile","name":"Los Ríos","isoCode":"LR","lat":-40.2310217,"lon":-72.331113,"geocoding":{},"distantMaxMiles":5,"cities":{"Corral":{"countryName":"Chile","stateName":"Los Ríos","name":"Corral","lat":-39.8873,"lon":-73.43101,"geocoding":{},"distantMaxMiles":5},"Futrono":{"countryName":"Chile","stateName":"Los Ríos","name":"Futrono","lat":-40.13333333,"lon":-72.4,"geocoding":{},"distantMaxMiles":5},"La Unión":{"countryName":"Chile","stateName":"Los Ríos","name":"La Unión","lat":-40.29313,"lon":-73.08167,"geocoding":{},"distantMaxMiles":5},"Lago Ranco":{"countryName":"Chile","stateName":"Los Ríos","name":"Lago Ranco","lat":-40.31666667,"lon":-72.5,"geocoding":{},"distantMaxMiles":5},"Lanco":{"countryName":"Chile","stateName":"Los Ríos","name":"Lanco","lat":-39.45246,"lon":-72.77117,"geocoding":{},"distantMaxMiles":5},"Los Lagos":{"countryName":"Chile","stateName":"Los Ríos","name":"Los Lagos","lat":-39.85,"lon":-72.83333333,"geocoding":{},"distantMaxMiles":5},"Mariquina":{"countryName":"Chile","stateName":"Los Ríos","name":"Mariquina","lat":-39.51666667,"lon":-72.96666667,"geocoding":{},"distantMaxMiles":5},"Máfil":{"countryName":"Chile","stateName":"Los Ríos","name":"Máfil","lat":-39.65,"lon":-72.95,"geocoding":{},"distantMaxMiles":5},"Paillaco":{"countryName":"Chile","stateName":"Los Ríos","name":"Paillaco","lat":-40.0706,"lon":-72.8727,"geocoding":{},"distantMaxMiles":5},"Panguipulli":{"countryName":"Chile","stateName":"Los Ríos","name":"Panguipulli","lat":-39.64355,"lon":-72.33269,"geocoding":{},"distantMaxMiles":5},"Río Bueno":{"countryName":"Chile","stateName":"Los Ríos","name":"Río Bueno","lat":-40.33494,"lon":-72.95564,"geocoding":{},"distantMaxMiles":5},"Valdivia":{"countryName":"Chile","stateName":"Los Ríos","name":"Valdivia","lat":-39.81422,"lon":-73.24589,"geocoding":{},"distantMaxMiles":5}}},"Magallanes y de la Antártica Chilena":{"countryName":"Chile","name":"Magallanes y de la Antártica Chilena","isoCode":"MA","lat":-52.2064316,"lon":-72.1685001,"geocoding":{},"distantMaxMiles":5,"cities":{"Antártica":{"countryName":"Chile","stateName":"Magallanes y de la Antártica Chilena","name":"Antártica","lat":-75,"lon":-71.5,"geocoding":{},"distantMaxMiles":5},"Cabo de Hornos":{"countryName":"Chile","stateName":"Magallanes y de la Antártica Chilena","name":"Cabo de Hornos","lat":-54.93333333,"lon":-67.61666667,"geocoding":{},"distantMaxMiles":5},"Laguna Blanca":{"countryName":"Chile","stateName":"Magallanes y de la Antártica Chilena","name":"Laguna Blanca","lat":-52.25,"lon":-71.91666667,"geocoding":{},"distantMaxMiles":5},"Natales":{"countryName":"Chile","stateName":"Magallanes y de la Antártica Chilena","name":"Natales","lat":-51.73333333,"lon":-72.51666667,"geocoding":{},"distantMaxMiles":5},"Porvenir":{"countryName":"Chile","stateName":"Magallanes y de la Antártica Chilena","name":"Porvenir","lat":-53.3,"lon":-70.36666667,"geocoding":{},"distantMaxMiles":5},"Primavera":{"countryName":"Chile","stateName":"Magallanes y de la Antártica Chilena","name":"Primavera","lat":-52.71666667,"lon":-69.25,"geocoding":{},"distantMaxMiles":5},"Punta Arenas":{"countryName":"Chile","stateName":"Magallanes y de la Antártica Chilena","name":"Punta Arenas","lat":-53.1627,"lon":-70.9081,"geocoding":{},"distantMaxMiles":5},"Río Verde":{"countryName":"Chile","stateName":"Magallanes y de la Antártica Chilena","name":"Río Verde","lat":-52.65,"lon":-71.48333333,"geocoding":{},"distantMaxMiles":5},"San Gregorio":{"countryName":"Chile","stateName":"Magallanes y de la Antártica Chilena","name":"San Gregorio","lat":-52.31666667,"lon":-69.68333333,"geocoding":{},"distantMaxMiles":5},"Timaukel":{"countryName":"Chile","stateName":"Magallanes y de la Antártica Chilena","name":"Timaukel","lat":-53.66666667,"lon":-69.9,"geocoding":{},"distantMaxMiles":5},"Torres del Paine":{"countryName":"Chile","stateName":"Magallanes y de la Antártica Chilena","name":"Torres del Paine","lat":-51.26666667,"lon":-72.35,"geocoding":{},"distantMaxMiles":5}}},"Maule":{"countryName":"Chile","name":"Maule","isoCode":"ML","lat":-35.5163603,"lon":-71.5723953,"geocoding":{},"distantMaxMiles":5,"cities":{"Cauquenes":{"countryName":"Chile","stateName":"Maule","name":"Cauquenes","lat":-35.9671,"lon":-72.32248,"geocoding":{},"distantMaxMiles":5},"Chanco":{"countryName":"Chile","stateName":"Maule","name":"Chanco","lat":-35.73333333,"lon":-72.53333333,"geocoding":{},"distantMaxMiles":5},"Colbún":{"countryName":"Chile","stateName":"Maule","name":"Colbún","lat":-35.69494,"lon":-71.40568,"geocoding":{},"distantMaxMiles":5},"Constitución":{"countryName":"Chile","stateName":"Maule","name":"Constitución","lat":-35.33321,"lon":-72.41156,"geocoding":{},"distantMaxMiles":5},"Curepto":{"countryName":"Chile","stateName":"Maule","name":"Curepto","lat":-35.08333333,"lon":-72.01666667,"geocoding":{},"distantMaxMiles":5},"Curicó":{"countryName":"Chile","stateName":"Maule","name":"Curicó","lat":-34.98279,"lon":-71.23943,"geocoding":{},"distantMaxMiles":5},"Empedrado":{"countryName":"Chile","stateName":"Maule","name":"Empedrado","lat":-35.6,"lon":-72.28333333,"geocoding":{},"distantMaxMiles":5},"Hualañé":{"countryName":"Chile","stateName":"Maule","name":"Hualañé","lat":-34.97653333,"lon":-71.80478611,"geocoding":{},"distantMaxMiles":5},"Licantén":{"countryName":"Chile","stateName":"Maule","name":"Licantén","lat":-34.98333333,"lon":-72,"geocoding":{},"distantMaxMiles":5},"Linares":{"countryName":"Chile","stateName":"Maule","name":"Linares","lat":-35.84667,"lon":-71.59308,"geocoding":{},"distantMaxMiles":5},"Longaví":{"countryName":"Chile","stateName":"Maule","name":"Longaví","lat":-35.96496,"lon":-71.6836,"geocoding":{},"distantMaxMiles":5},"Maule":{"countryName":"Chile","stateName":"Maule","name":"Maule","lat":-35.53333333,"lon":-71.7,"geocoding":{},"distantMaxMiles":5},"Molina":{"countryName":"Chile","stateName":"Maule","name":"Molina","lat":-35.11428,"lon":-71.28232,"geocoding":{},"distantMaxMiles":5},"Parral":{"countryName":"Chile","stateName":"Maule","name":"Parral","lat":-36.14311,"lon":-71.82605,"geocoding":{},"distantMaxMiles":5},"Pelarco":{"countryName":"Chile","stateName":"Maule","name":"Pelarco","lat":-35.38333333,"lon":-71.45,"geocoding":{},"distantMaxMiles":5},"Pelluhue":{"countryName":"Chile","stateName":"Maule","name":"Pelluhue","lat":-35.83333333,"lon":-72.63333333,"geocoding":{},"distantMaxMiles":5},"Pencahue":{"countryName":"Chile","stateName":"Maule","name":"Pencahue","lat":-35.4,"lon":-71.81666667,"geocoding":{},"distantMaxMiles":5},"Rauco":{"countryName":"Chile","stateName":"Maule","name":"Rauco","lat":-34.92546,"lon":-71.31722,"geocoding":{},"distantMaxMiles":5},"Retiro":{"countryName":"Chile","stateName":"Maule","name":"Retiro","lat":-36.05,"lon":-71.76666667,"geocoding":{},"distantMaxMiles":5},"Romeral":{"countryName":"Chile","stateName":"Maule","name":"Romeral","lat":-34.96666667,"lon":-71.13333333,"geocoding":{},"distantMaxMiles":5},"Río Claro":{"countryName":"Chile","stateName":"Maule","name":"Río Claro","lat":-35.28333333,"lon":-71.26666667,"geocoding":{},"distantMaxMiles":5},"Sagrada Familia":{"countryName":"Chile","stateName":"Maule","name":"Sagrada Familia","lat":-35,"lon":-71.38333333,"geocoding":{},"distantMaxMiles":5},"San Clemente":{"countryName":"Chile","stateName":"Maule","name":"San Clemente","lat":-35.53777,"lon":-71.487,"geocoding":{},"distantMaxMiles":5},"San Javier":{"countryName":"Chile","stateName":"Maule","name":"San Javier","lat":-35.5952,"lon":-71.72924,"geocoding":{},"distantMaxMiles":5},"San Rafael":{"countryName":"Chile","stateName":"Maule","name":"San Rafael","lat":-35.31666667,"lon":-71.53333333,"geocoding":{},"distantMaxMiles":5},"Talca":{"countryName":"Chile","stateName":"Maule","name":"Talca","lat":-35.4264,"lon":-71.65542,"geocoding":{},"distantMaxMiles":5},"Teno":{"countryName":"Chile","stateName":"Maule","name":"Teno","lat":-34.87055,"lon":-71.16219,"geocoding":{},"distantMaxMiles":5},"Vichuquén":{"countryName":"Chile","stateName":"Maule","name":"Vichuquén","lat":-34.88333333,"lon":-72,"geocoding":{},"distantMaxMiles":5},"Villa Alegre":{"countryName":"Chile","stateName":"Maule","name":"Villa Alegre","lat":-35.66666667,"lon":-71.75,"geocoding":{},"distantMaxMiles":5},"Yerbas Buenas":{"countryName":"Chile","stateName":"Maule","name":"Yerbas Buenas","lat":-35.75,"lon":-71.58333333,"geocoding":{},"distantMaxMiles":5}}},"Región Metropolitana de Santiago":{"countryName":"Chile","name":"Región Metropolitana de Santiago","isoCode":"RM","lat":-33.4375545,"lon":-70.6504896,"geocoding":{},"distantMaxMiles":5,"cities":{"Alhué":{"countryName":"Chile","stateName":"Región Metropolitana de Santiago","name":"Alhué","lat":-34.03333333,"lon":-71.1,"geocoding":{},"distantMaxMiles":5},"Buin":{"countryName":"Chile","stateName":"Región Metropolitana de Santiago","name":"Buin","lat":-33.73257,"lon":-70.74281,"geocoding":{},"distantMaxMiles":5},"Calera de Tango":{"countryName":"Chile","stateName":"Región Metropolitana de Santiago","name":"Calera de Tango","lat":-33.65,"lon":-70.81666667,"geocoding":{},"distantMaxMiles":5},"Cerrillos":{"countryName":"Chile","stateName":"Región Metropolitana de Santiago","name":"Cerrillos","lat":-33.5022919,"lon":-70.7300942,"geocoding":{},"distantMaxMiles":5},"Cerro Navia":{"countryName":"Chile","stateName":"Región Metropolitana de Santiago","name":"Cerro Navia","lat":-33.4251643,"lon":-70.7840754,"geocoding":{},"distantMaxMiles":5},"Colina":{"countryName":"Chile","stateName":"Región Metropolitana de Santiago","name":"Colina","lat":-33.2,"lon":-70.68333333,"geocoding":{},"distantMaxMiles":5},"Conchalí":{"countryName":"Chile","stateName":"Región Metropolitana de Santiago","name":"Conchalí","lat":-33.35,"lon":-70.61666667,"geocoding":{},"distantMaxMiles":5},"Curacaví":{"countryName":"Chile","stateName":"Región Metropolitana de Santiago","name":"Curacaví","lat":-33.4693783,"lon":-70.7261203,"geocoding":{},"distantMaxMiles":5},"El Bosque":{"countryName":"Chile","stateName":"Región Metropolitana de Santiago","name":"El Bosque","lat":-33.56666667,"lon":-70.7,"geocoding":{},"distantMaxMiles":5},"El Monte":{"countryName":"Chile","stateName":"Región Metropolitana de Santiago","name":"El Monte","lat":-33.67969,"lon":-70.98482,"geocoding":{},"distantMaxMiles":5},"Estación Central":{"countryName":"Chile","stateName":"Región Metropolitana de Santiago","name":"Estación Central","lat":-33.451944,"lon":-70.678889,"geocoding":{},"distantMaxMiles":5},"Huechuraba":{"countryName":"Chile","stateName":"Región Metropolitana de Santiago","name":"Huechuraba","lat":-33.3692827,"lon":-70.6648265,"geocoding":{},"distantMaxMiles":5},"Independencia":{"countryName":"Chile","stateName":"Región Metropolitana de Santiago","name":"Independencia","lat":-33.41666667,"lon":-70.63333333,"geocoding":{},"distantMaxMiles":5},"Isla de Maipo":{"countryName":"Chile","stateName":"Región Metropolitana de Santiago","name":"Isla de Maipo","lat":-33.75,"lon":-70.9,"geocoding":{},"distantMaxMiles":5},"La Cisterna":{"countryName":"Chile","stateName":"Región Metropolitana de Santiago","name":"La Cisterna","lat":-33.55,"lon":-70.68333,"geocoding":{},"distantMaxMiles":5},"La Florida":{"countryName":"Chile","stateName":"Región Metropolitana de Santiago","name":"La Florida","lat":-33.55,"lon":-70.56666667,"geocoding":{},"distantMaxMiles":5},"La Granja":{"countryName":"Chile","stateName":"Región Metropolitana de Santiago","name":"La Granja","lat":-33.54305556,"lon":-70.63194444,"geocoding":{},"distantMaxMiles":5},"La Pintana":{"countryName":"Chile","stateName":"Región Metropolitana de Santiago","name":"La Pintana","lat":-33.58331,"lon":-70.63419,"geocoding":{},"distantMaxMiles":5},"La Reina":{"countryName":"Chile","stateName":"Región Metropolitana de Santiago","name":"La Reina","lat":-33.45,"lon":-70.55,"geocoding":{},"distantMaxMiles":5},"Lampa":{"countryName":"Chile","stateName":"Región Metropolitana de Santiago","name":"Lampa","lat":-33.2863,"lon":-70.87561,"geocoding":{},"distantMaxMiles":5},"Las Condes":{"countryName":"Chile","stateName":"Región Metropolitana de Santiago","name":"Las Condes","lat":-33.41666667,"lon":-70.58333333,"geocoding":{},"distantMaxMiles":5},"Lo Barnechea":{"countryName":"Chile","stateName":"Región Metropolitana de Santiago","name":"Lo Barnechea","lat":-33.35,"lon":-70.51666667,"geocoding":{},"distantMaxMiles":5},"Lo Espejo":{"countryName":"Chile","stateName":"Región Metropolitana de Santiago","name":"Lo Espejo","lat":-33.53333333,"lon":-70.71666667,"geocoding":{},"distantMaxMiles":5},"Lo Prado":{"countryName":"Chile","stateName":"Región Metropolitana de Santiago","name":"Lo Prado","lat":-33.4443,"lon":-70.72552,"geocoding":{},"distantMaxMiles":5},"Macul":{"countryName":"Chile","stateName":"Región Metropolitana de Santiago","name":"Macul","lat":-33.5,"lon":-70.56666667,"geocoding":{},"distantMaxMiles":5},"Maipú":{"countryName":"Chile","stateName":"Región Metropolitana de Santiago","name":"Maipú","lat":-33.51666667,"lon":-70.76666667,"geocoding":{},"distantMaxMiles":5},"María Pinto":{"countryName":"Chile","stateName":"Región Metropolitana de Santiago","name":"María Pinto","lat":-33.53333333,"lon":-71.13333333,"geocoding":{},"distantMaxMiles":5},"Melipilla":{"countryName":"Chile","stateName":"Región Metropolitana de Santiago","name":"Melipilla","lat":-33.68909,"lon":-71.21528,"geocoding":{},"distantMaxMiles":5},"Padre Hurtado":{"countryName":"Chile","stateName":"Región Metropolitana de Santiago","name":"Padre Hurtado","lat":-33.56666667,"lon":-70.83333333,"geocoding":{},"distantMaxMiles":5},"Paine":{"countryName":"Chile","stateName":"Región Metropolitana de Santiago","name":"Paine","lat":-33.80796,"lon":-70.74109,"geocoding":{},"distantMaxMiles":5},"Pedro Aguirre Cerda":{"countryName":"Chile","stateName":"Región Metropolitana de Santiago","name":"Pedro Aguirre Cerda","lat":-33.46666667,"lon":-70.63333333,"geocoding":{},"distantMaxMiles":5},"Peñaflor":{"countryName":"Chile","stateName":"Región Metropolitana de Santiago","name":"Peñaflor","lat":-33.60627,"lon":-70.87649,"geocoding":{},"distantMaxMiles":5},"Peñalolén":{"countryName":"Chile","stateName":"Región Metropolitana de Santiago","name":"Peñalolén","lat":-33.48333333,"lon":-70.53333333,"geocoding":{},"distantMaxMiles":5},"Pirque":{"countryName":"Chile","stateName":"Región Metropolitana de Santiago","name":"Pirque","lat":-33.71865,"lon":-70.50658,"geocoding":{},"distantMaxMiles":5},"Providencia":{"countryName":"Chile","stateName":"Región Metropolitana de Santiago","name":"Providencia","lat":-33.43333333,"lon":-70.61666667,"geocoding":{},"distantMaxMiles":5},"Pudahuel":{"countryName":"Chile","stateName":"Región Metropolitana de Santiago","name":"Pudahuel","lat":-33.4188359,"lon":-70.9146307,"geocoding":{},"distantMaxMiles":5},"Puente Alto":{"countryName":"Chile","stateName":"Región Metropolitana de Santiago","name":"Puente Alto","lat":-33.61169,"lon":-70.57577,"geocoding":{},"distantMaxMiles":5},"Quilicura":{"countryName":"Chile","stateName":"Región Metropolitana de Santiago","name":"Quilicura","lat":-33.36666667,"lon":-70.75,"geocoding":{},"distantMaxMiles":5},"Quinta Normal":{"countryName":"Chile","stateName":"Región Metropolitana de Santiago","name":"Quinta Normal","lat":-33.45,"lon":-70.7,"geocoding":{},"distantMaxMiles":5},"Recoleta":{"countryName":"Chile","stateName":"Región Metropolitana de Santiago","name":"Recoleta","lat":-33.41666667,"lon":-70.65,"geocoding":{},"distantMaxMiles":5},"Renca":{"countryName":"Chile","stateName":"Región Metropolitana de Santiago","name":"Renca","lat":-33.4,"lon":-70.73333333,"geocoding":{},"distantMaxMiles":5},"San Bernardo":{"countryName":"Chile","stateName":"Región Metropolitana de Santiago","name":"San Bernardo","lat":-33.59217,"lon":-70.6996,"geocoding":{},"distantMaxMiles":5},"San Joaquín":{"countryName":"Chile","stateName":"Región Metropolitana de Santiago","name":"San Joaquín","lat":-33.5,"lon":-70.61666667,"geocoding":{},"distantMaxMiles":5},"San José de Maipo":{"countryName":"Chile","stateName":"Región Metropolitana de Santiago","name":"San José de Maipo","lat":-33.63333333,"lon":-70.36666667,"geocoding":{},"distantMaxMiles":5},"San Miguel":{"countryName":"Chile","stateName":"Región Metropolitana de Santiago","name":"San Miguel","lat":-33.5,"lon":-70.66666667,"geocoding":{},"distantMaxMiles":5},"San Pedro":{"countryName":"Chile","stateName":"Región Metropolitana de Santiago","name":"San Pedro","lat":-33.9,"lon":-71.46666667,"geocoding":{},"distantMaxMiles":5},"San Ramón":{"countryName":"Chile","stateName":"Región Metropolitana de Santiago","name":"San Ramón","lat":-33.5377595,"lon":-70.6517673,"geocoding":{},"distantMaxMiles":5},"Santiago":{"countryName":"Chile","stateName":"Región Metropolitana de Santiago","name":"Santiago","lat":-33.45694,"lon":-70.64827,"geocoding":{},"distantMaxMiles":5},"Talagante":{"countryName":"Chile","stateName":"Región Metropolitana de Santiago","name":"Talagante","lat":-33.66386,"lon":-70.92734,"geocoding":{},"distantMaxMiles":5},"Tiltil":{"countryName":"Chile","stateName":"Región Metropolitana de Santiago","name":"Tiltil","lat":-33.08333333,"lon":-70.93333333,"geocoding":{},"distantMaxMiles":5},"Vitacura":{"countryName":"Chile","stateName":"Región Metropolitana de Santiago","name":"Vitacura","lat":-33.4,"lon":-70.6,"geocoding":{},"distantMaxMiles":5},"Ñuñoa":{"countryName":"Chile","stateName":"Región Metropolitana de Santiago","name":"Ñuñoa","lat":-33.46666667,"lon":-70.6,"geocoding":{},"distantMaxMiles":5}}},"Tarapacá":{"countryName":"Chile","name":"Tarapacá","isoCode":"TA","lat":-20.2028799,"lon":-69.2877535,"geocoding":{},"distantMaxMiles":5,"cities":{"Alto Hospicio":{"countryName":"Chile","stateName":"Tarapacá","name":"Alto Hospicio","lat":-20.25,"lon":-70.11666667,"geocoding":{},"distantMaxMiles":5},"Camiña":{"countryName":"Chile","stateName":"Tarapacá","name":"Camiña","lat":-19.3,"lon":-69.41666667,"geocoding":{},"distantMaxMiles":5},"Colchane":{"countryName":"Chile","stateName":"Tarapacá","name":"Colchane","lat":-19.275411,"lon":-68.639646,"geocoding":{},"distantMaxMiles":5},"Huara":{"countryName":"Chile","stateName":"Tarapacá","name":"Huara","lat":-19.96666667,"lon":-69.76666667,"geocoding":{},"distantMaxMiles":5},"Iquique":{"countryName":"Chile","stateName":"Tarapacá","name":"Iquique","lat":-20.21326,"lon":-70.15027,"geocoding":{},"distantMaxMiles":5},"Pica":{"countryName":"Chile","stateName":"Tarapacá","name":"Pica","lat":-20.5,"lon":-69.33333333,"geocoding":{},"distantMaxMiles":5},"Pozo Almonte":{"countryName":"Chile","stateName":"Tarapacá","name":"Pozo Almonte","lat":-20.2597,"lon":-69.7862,"geocoding":{},"distantMaxMiles":5}}},"Valparaíso":{"countryName":"Chile","name":"Valparaíso","isoCode":"VS","lat":-33.047238,"lon":-71.6126885,"geocoding":{},"distantMaxMiles":5,"cities":{"Algarrobo":{"countryName":"Chile","stateName":"Valparaíso","name":"Algarrobo","lat":-33.369256,"lon":-71.668139,"geocoding":{},"distantMaxMiles":5},"Cabildo":{"countryName":"Chile","stateName":"Valparaíso","name":"Cabildo","lat":-32.41737,"lon":-70.82435,"geocoding":{},"distantMaxMiles":5},"Calle Larga":{"countryName":"Chile","stateName":"Valparaíso","name":"Calle Larga","lat":-32.85,"lon":-70.63333333,"geocoding":{},"distantMaxMiles":5},"Cartagena":{"countryName":"Chile","stateName":"Valparaíso","name":"Cartagena","lat":-33.55384,"lon":-71.60761,"geocoding":{},"distantMaxMiles":5},"Casablanca":{"countryName":"Chile","stateName":"Valparaíso","name":"Casablanca","lat":-33.31666667,"lon":-71.41666667,"geocoding":{},"distantMaxMiles":5},"Catemu":{"countryName":"Chile","stateName":"Valparaíso","name":"Catemu","lat":-32.63333333,"lon":-71.03333333,"geocoding":{},"distantMaxMiles":5},"Concón":{"countryName":"Chile","stateName":"Valparaíso","name":"Concón","lat":-32.91666667,"lon":-71.51666667,"geocoding":{},"distantMaxMiles":5},"El Quisco":{"countryName":"Chile","stateName":"Valparaíso","name":"El Quisco","lat":-33.4,"lon":-71.7,"geocoding":{},"distantMaxMiles":5},"El Tabo":{"countryName":"Chile","stateName":"Valparaíso","name":"El Tabo","lat":-33.45,"lon":-71.66666667,"geocoding":{},"distantMaxMiles":5},"Hijuelas":{"countryName":"Chile","stateName":"Valparaíso","name":"Hijuelas","lat":-32.8,"lon":-71.16666667,"geocoding":{},"distantMaxMiles":5},"Isla de Pascua":{"countryName":"Chile","stateName":"Valparaíso","name":"Isla de Pascua","lat":-27.11048,"lon":-109.29749,"geocoding":{},"distantMaxMiles":5},"Juan Fernández":{"countryName":"Chile","stateName":"Valparaíso","name":"Juan Fernández","lat":-30.0256427,"lon":-82.0519208,"geocoding":{},"distantMaxMiles":5},"La Calera":{"countryName":"Chile","stateName":"Valparaíso","name":"La Calera","lat":-32.78333333,"lon":-71.21666667,"geocoding":{},"distantMaxMiles":5},"La Cruz":{"countryName":"Chile","stateName":"Valparaíso","name":"La Cruz","lat":-32.81666667,"lon":-71.23333333,"geocoding":{},"distantMaxMiles":5},"La Ligua":{"countryName":"Chile","stateName":"Valparaíso","name":"La Ligua","lat":-32.45242,"lon":-71.23106,"geocoding":{},"distantMaxMiles":5},"Limache":{"countryName":"Chile","stateName":"Valparaíso","name":"Limache","lat":-33.01667,"lon":-71.26667,"geocoding":{},"distantMaxMiles":5},"Llaillay":{"countryName":"Chile","stateName":"Valparaíso","name":"Llaillay","lat":-32.84043,"lon":-70.95623,"geocoding":{},"distantMaxMiles":5},"Los Andes":{"countryName":"Chile","stateName":"Valparaíso","name":"Los Andes","lat":-32.83369,"lon":-70.59827,"geocoding":{},"distantMaxMiles":5},"Nogales":{"countryName":"Chile","stateName":"Valparaíso","name":"Nogales","lat":-32.71666667,"lon":-71.23333333,"geocoding":{},"distantMaxMiles":5},"Olmué":{"countryName":"Chile","stateName":"Valparaíso","name":"Olmué","lat":-33,"lon":-71.2,"geocoding":{},"distantMaxMiles":5},"Panquehue":{"countryName":"Chile","stateName":"Valparaíso","name":"Panquehue","lat":-32.8,"lon":-70.83333333,"geocoding":{},"distantMaxMiles":5},"Papudo":{"countryName":"Chile","stateName":"Valparaíso","name":"Papudo","lat":-32.51666667,"lon":-71.45,"geocoding":{},"distantMaxMiles":5},"Petorca":{"countryName":"Chile","stateName":"Valparaíso","name":"Petorca","lat":-32.25,"lon":-70.93333333,"geocoding":{},"distantMaxMiles":5},"Puchuncaví":{"countryName":"Chile","stateName":"Valparaíso","name":"Puchuncaví","lat":-32.72575,"lon":-71.41514,"geocoding":{},"distantMaxMiles":5},"Putaendo":{"countryName":"Chile","stateName":"Valparaíso","name":"Putaendo","lat":-32.63333333,"lon":-70.73333333,"geocoding":{},"distantMaxMiles":5},"Quillota":{"countryName":"Chile","stateName":"Valparaíso","name":"Quillota","lat":-32.88341,"lon":-71.24882,"geocoding":{},"distantMaxMiles":5},"Quilpué":{"countryName":"Chile","stateName":"Valparaíso","name":"Quilpué","lat":-33.04752,"lon":-71.44249,"geocoding":{},"distantMaxMiles":5},"Quintero":{"countryName":"Chile","stateName":"Valparaíso","name":"Quintero","lat":-32.78333333,"lon":-71.53333333,"geocoding":{},"distantMaxMiles":5},"Rinconada":{"countryName":"Chile","stateName":"Valparaíso","name":"Rinconada","lat":-32.83333333,"lon":-70.7,"geocoding":{},"distantMaxMiles":5},"San Antonio":{"countryName":"Chile","stateName":"Valparaíso","name":"San Antonio","lat":-33.59473,"lon":-71.60746,"geocoding":{},"distantMaxMiles":5},"San Esteban":{"countryName":"Chile","stateName":"Valparaíso","name":"San Esteban","lat":-32.8,"lon":-70.58333333,"geocoding":{},"distantMaxMiles":5},"San Felipe":{"countryName":"Chile","stateName":"Valparaíso","name":"San Felipe","lat":-32.74976,"lon":-70.72584,"geocoding":{},"distantMaxMiles":5},"Santa María":{"countryName":"Chile","stateName":"Valparaíso","name":"Santa María","lat":-32.75,"lon":-70.66666667,"geocoding":{},"distantMaxMiles":5},"Santo Domingo":{"countryName":"Chile","stateName":"Valparaíso","name":"Santo Domingo","lat":-33.6471933,"lon":-71.635279,"geocoding":{},"distantMaxMiles":5},"Valparaíso":{"countryName":"Chile","stateName":"Valparaíso","name":"Valparaíso","lat":-33.036,"lon":-71.62963,"geocoding":{},"distantMaxMiles":5},"Villa Alemana":{"countryName":"Chile","stateName":"Valparaíso","name":"Villa Alemana","lat":-33.04222,"lon":-71.37333,"geocoding":{},"distantMaxMiles":5},"Viña del Mar":{"countryName":"Chile","stateName":"Valparaíso","name":"Viña del Mar","lat":-33.02457,"lon":-71.55183,"geocoding":{},"distantMaxMiles":5},"Zapallar":{"countryName":"Chile","stateName":"Valparaíso","name":"Zapallar","lat":-32.5539,"lon":-71.4577,"geocoding":{},"distantMaxMiles":5}}},"Ñuble":{"countryName":"Chile","name":"Ñuble","isoCode":"NB","lat":-36.7225743,"lon":-71.7622481,"geocoding":{},"distantMaxMiles":5,"cities":{"Bulnes":{"countryName":"Chile","stateName":"Ñuble","name":"Bulnes","lat":-36.74232,"lon":-72.29854,"geocoding":{},"distantMaxMiles":5},"Chillán":{"countryName":"Chile","stateName":"Ñuble","name":"Chillán","lat":-36.60664,"lon":-72.10344,"geocoding":{},"distantMaxMiles":5},"Chillán Viejo":{"countryName":"Chile","stateName":"Ñuble","name":"Chillán Viejo","lat":-36.6229,"lon":-72.1317,"geocoding":{},"distantMaxMiles":5},"Cobquecura":{"countryName":"Chile","stateName":"Ñuble","name":"Cobquecura","lat":-36.13333333,"lon":-72.78333333,"geocoding":{},"distantMaxMiles":5},"Coelemu":{"countryName":"Chile","stateName":"Ñuble","name":"Coelemu","lat":-36.48333333,"lon":-72.7,"geocoding":{},"distantMaxMiles":5},"Coihueco":{"countryName":"Chile","stateName":"Ñuble","name":"Coihueco","lat":-36.62785,"lon":-71.83068,"geocoding":{},"distantMaxMiles":5},"El Carmen":{"countryName":"Chile","stateName":"Ñuble","name":"El Carmen","lat":-36.9,"lon":-72.03333333,"geocoding":{},"distantMaxMiles":5},"Ninhue":{"countryName":"Chile","stateName":"Ñuble","name":"Ninhue","lat":-36.4,"lon":-72.4,"geocoding":{},"distantMaxMiles":5},"Pemuco":{"countryName":"Chile","stateName":"Ñuble","name":"Pemuco","lat":-36.96666667,"lon":-72.1,"geocoding":{},"distantMaxMiles":5},"Pinto":{"countryName":"Chile","stateName":"Ñuble","name":"Pinto","lat":-36.7,"lon":-71.9,"geocoding":{},"distantMaxMiles":5},"Portezuelo":{"countryName":"Chile","stateName":"Ñuble","name":"Portezuelo","lat":-36.53333333,"lon":-72.43333333,"geocoding":{},"distantMaxMiles":5},"Quillón":{"countryName":"Chile","stateName":"Ñuble","name":"Quillón","lat":-36.73333333,"lon":-72.46666667,"geocoding":{},"distantMaxMiles":5},"Quirihue":{"countryName":"Chile","stateName":"Ñuble","name":"Quirihue","lat":-36.27998,"lon":-72.54118,"geocoding":{},"distantMaxMiles":5},"Ránquil":{"countryName":"Chile","stateName":"Ñuble","name":"Ránquil","lat":-36.65,"lon":-72.55,"geocoding":{},"distantMaxMiles":5},"San Carlos":{"countryName":"Chile","stateName":"Ñuble","name":"San Carlos","lat":-36.42477,"lon":-71.958,"geocoding":{},"distantMaxMiles":5},"San Fabián":{"countryName":"Chile","stateName":"Ñuble","name":"San Fabián","lat":-36.55,"lon":-71.55,"geocoding":{},"distantMaxMiles":5},"San Ignacio":{"countryName":"Chile","stateName":"Ñuble","name":"San Ignacio","lat":-36.7999991,"lon":-72.0420762,"geocoding":{},"distantMaxMiles":5},"San Nicolás":{"countryName":"Chile","stateName":"Ñuble","name":"San Nicolás","lat":-36.5,"lon":-72.21666667,"geocoding":{},"distantMaxMiles":5},"Treguaco":{"countryName":"Chile","stateName":"Ñuble","name":"Treguaco","lat":-36.43333333,"lon":-72.66666667,"geocoding":{},"distantMaxMiles":5},"Yungay":{"countryName":"Chile","stateName":"Ñuble","name":"Yungay","lat":-37.11666667,"lon":-72.01666667,"geocoding":{},"distantMaxMiles":5},"Ñiquén":{"countryName":"Chile","stateName":"Ñuble","name":"Ñiquén","lat":-36.3,"lon":-71.9,"geocoding":{},"distantMaxMiles":5}}}}}