{"name":"Angola","isoCode":"AO","lat":-12.5,"lon":18.5,"geocoding":{},"distantMaxMiles":5,"states":{"Bengo Province":{"countryName":"Angola","name":"Bengo Province","isoCode":"BGO","lat":-9.1042257,"lon":13.7289167,"geocoding":{},"distantMaxMiles":5,"cities":{"Caxito":{"countryName":"Angola","stateName":"Bengo Province","name":"Caxito","lat":-8.57848,"lon":13.66425,"geocoding":{},"distantMaxMiles":5}}},"Benguela Province":{"countryName":"Angola","name":"Benguela Province","isoCode":"BGU","lat":-12.8003744,"lon":13.914399,"geocoding":{},"distantMaxMiles":5,"cities":{"Benguela":{"countryName":"Angola","stateName":"Benguela Province","name":"Benguela","lat":-12.57626,"lon":13.40547,"geocoding":{},"distantMaxMiles":5},"Catumbela":{"countryName":"Angola","stateName":"Benguela Province","name":"Catumbela","lat":-12.43002,"lon":13.54677,"geocoding":{},"distantMaxMiles":5},"Lobito":{"countryName":"Angola","stateName":"Benguela Province","name":"Lobito","lat":-12.3644,"lon":13.53601,"geocoding":{},"distantMaxMiles":5}}},"Bié Province":{"countryName":"Angola","name":"Bié Province","isoCode":"BIE","lat":-12.5727907,"lon":17.668887,"geocoding":{},"distantMaxMiles":5,"cities":{"Camacupa":{"countryName":"Angola","stateName":"Bié Province","name":"Camacupa","lat":-12.01667,"lon":17.48333,"geocoding":{},"distantMaxMiles":5},"Catabola":{"countryName":"Angola","stateName":"Bié Province","name":"Catabola","lat":-12.15,"lon":17.28333,"geocoding":{},"distantMaxMiles":5},"Chissamba":{"countryName":"Angola","stateName":"Bié Province","name":"Chissamba","lat":-12.16667,"lon":17.33333,"geocoding":{},"distantMaxMiles":5},"Cuito":{"countryName":"Angola","stateName":"Bié Province","name":"Cuito","lat":-12.38333,"lon":16.93333,"geocoding":{},"distantMaxMiles":5}}},"Cabinda Province":{"countryName":"Angola","name":"Cabinda Province","isoCode":"CAB","lat":-5.0248749,"lon":12.3463875,"geocoding":{},"distantMaxMiles":5,"cities":{"Cabinda":{"countryName":"Angola","stateName":"Cabinda Province","name":"Cabinda","lat":-5.55,"lon":12.2,"geocoding":{},"distantMaxMiles":5}}},"Cuando Cubango Province":{"countryName":"Angola","name":"Cuando Cubango Province","isoCode":"CCU","lat":-16.4180824,"lon":18.8076195,"geocoding":{},"distantMaxMiles":5,"cities":{"Menongue":{"countryName":"Angola","stateName":"Cuando Cubango Province","name":"Menongue","lat":-14.6585,"lon":17.69099,"geocoding":{},"distantMaxMiles":5}}},"Cuanza Norte Province":{"countryName":"Angola","name":"Cuanza Norte Province","isoCode":"CNO","lat":-9.2398513,"lon":14.6587821,"geocoding":{},"distantMaxMiles":5,"cities":{"Camabatela":{"countryName":"Angola","stateName":"Cuanza Norte Province","name":"Camabatela","lat":-8.18812,"lon":15.37495,"geocoding":{},"distantMaxMiles":5},"N’dalatando":{"countryName":"Angola","stateName":"Cuanza Norte Province","name":"N’dalatando","lat":-9.29782,"lon":14.91162,"geocoding":{},"distantMaxMiles":5}}},"Cuanza Sul":{"countryName":"Angola","name":"Cuanza Sul","isoCode":"CUS","lat":-10.595191,"lon":15.4068079,"geocoding":{},"distantMaxMiles":5,"cities":{"Quibala":{"countryName":"Angola","stateName":"Cuanza Sul","name":"Quibala","lat":-10.73366,"lon":14.97995,"geocoding":{},"distantMaxMiles":5},"Sumbe":{"countryName":"Angola","stateName":"Cuanza Sul","name":"Sumbe","lat":-11.20605,"lon":13.84371,"geocoding":{},"distantMaxMiles":5},"Uacu Cungo":{"countryName":"Angola","stateName":"Cuanza Sul","name":"Uacu Cungo","lat":-11.35669,"lon":15.11719,"geocoding":{},"distantMaxMiles":5}}},"Cunene Province":{"countryName":"Angola","name":"Cunene Province","isoCode":"CNN","lat":-16.2802221,"lon":16.1580937,"geocoding":{},"distantMaxMiles":5,"cities":{"Ondjiva":{"countryName":"Angola","stateName":"Cunene Province","name":"Ondjiva","lat":-17.06667,"lon":15.73333,"geocoding":{},"distantMaxMiles":5}}},"Huambo Province":{"countryName":"Angola","name":"Huambo Province","isoCode":"HUA","lat":-12.5268221,"lon":15.5943388,"geocoding":{},"distantMaxMiles":5,"cities":{"Caála":{"countryName":"Angola","stateName":"Huambo Province","name":"Caála","lat":-12.8525,"lon":15.56056,"geocoding":{},"distantMaxMiles":5},"Chela":{"countryName":"Angola","stateName":"Huambo Province","name":"Chela","lat":-12.30261,"lon":15.43358,"geocoding":{},"distantMaxMiles":5},"Huambo":{"countryName":"Angola","stateName":"Huambo Province","name":"Huambo","lat":-12.77611,"lon":15.73917,"geocoding":{},"distantMaxMiles":5},"Longonjo":{"countryName":"Angola","stateName":"Huambo Province","name":"Longonjo","lat":-12.90667,"lon":15.25333,"geocoding":{},"distantMaxMiles":5}}},"Huíla Province":{"countryName":"Angola","name":"Huíla Province","isoCode":"HUI","lat":-14.9280553,"lon":14.6587821,"geocoding":{},"distantMaxMiles":5,"cities":{"Caconda":{"countryName":"Angola","stateName":"Huíla Province","name":"Caconda","lat":-13.73333,"lon":15.06667,"geocoding":{},"distantMaxMiles":5},"Caluquembe":{"countryName":"Angola","stateName":"Huíla Province","name":"Caluquembe","lat":-13.92093,"lon":14.53476,"geocoding":{},"distantMaxMiles":5},"Chibia":{"countryName":"Angola","stateName":"Huíla Province","name":"Chibia","lat":-15.23657,"lon":13.88468,"geocoding":{},"distantMaxMiles":5},"Chicomba":{"countryName":"Angola","stateName":"Huíla Province","name":"Chicomba","lat":-14.30788,"lon":14.98672,"geocoding":{},"distantMaxMiles":5},"Chipindo":{"countryName":"Angola","stateName":"Huíla Province","name":"Chipindo","lat":-13.8683,"lon":15.73277,"geocoding":{},"distantMaxMiles":5},"Cuvango":{"countryName":"Angola","stateName":"Huíla Province","name":"Cuvango","lat":-14.27693,"lon":16.31475,"geocoding":{},"distantMaxMiles":5},"Gambos":{"countryName":"Angola","stateName":"Huíla Province","name":"Gambos","lat":-15.80926,"lon":14.07661,"geocoding":{},"distantMaxMiles":5},"Humpata":{"countryName":"Angola","stateName":"Huíla Province","name":"Humpata","lat":-15.0725,"lon":13.36771,"geocoding":{},"distantMaxMiles":5},"Jamba":{"countryName":"Angola","stateName":"Huíla Province","name":"Jamba","lat":-14.76294,"lon":15.83493,"geocoding":{},"distantMaxMiles":5},"Lubango":{"countryName":"Angola","stateName":"Huíla Province","name":"Lubango","lat":-14.91717,"lon":13.4925,"geocoding":{},"distantMaxMiles":5},"Matala":{"countryName":"Angola","stateName":"Huíla Province","name":"Matala","lat":-15.23967,"lon":15.17246,"geocoding":{},"distantMaxMiles":5},"Quilengues":{"countryName":"Angola","stateName":"Huíla Province","name":"Quilengues","lat":-13.99213,"lon":13.76705,"geocoding":{},"distantMaxMiles":5},"Quipungo":{"countryName":"Angola","stateName":"Huíla Province","name":"Quipungo","lat":-15.12203,"lon":14.55953,"geocoding":{},"distantMaxMiles":5}}},"Luanda Province":{"countryName":"Angola","name":"Luanda Province","isoCode":"LUA","lat":-9.035088,"lon":13.2663479,"geocoding":{},"distantMaxMiles":5,"cities":{"Belas":{"countryName":"Angola","stateName":"Luanda Province","name":"Belas","lat":-9.06875,"lon":13.16072,"geocoding":{},"distantMaxMiles":5},"Icolo e Bengo":{"countryName":"Angola","stateName":"Luanda Province","name":"Icolo e Bengo","lat":-9.24191,"lon":13.73549,"geocoding":{},"distantMaxMiles":5},"Luanda":{"countryName":"Angola","stateName":"Luanda Province","name":"Luanda","lat":-8.83682,"lon":13.23432,"geocoding":{},"distantMaxMiles":5}}},"Lunda Norte Province":{"countryName":"Angola","name":"Lunda Norte Province","isoCode":"LNO","lat":-8.3525022,"lon":19.1880047,"geocoding":{},"distantMaxMiles":5,"cities":{"Lucapa":{"countryName":"Angola","stateName":"Lunda Norte Province","name":"Lucapa","lat":-8.68337,"lon":20.27045,"geocoding":{},"distantMaxMiles":5}}},"Lunda Sul Province":{"countryName":"Angola","name":"Lunda Sul Province","isoCode":"LSU","lat":-10.2866578,"lon":20.7122465,"geocoding":{},"distantMaxMiles":5,"cities":{"Cazaji":{"countryName":"Angola","stateName":"Lunda Sul Province","name":"Cazaji","lat":-11.06715,"lon":20.70148,"geocoding":{},"distantMaxMiles":5},"Saurimo":{"countryName":"Angola","stateName":"Lunda Sul Province","name":"Saurimo","lat":-9.66078,"lon":20.39155,"geocoding":{},"distantMaxMiles":5}}},"Malanje Province":{"countryName":"Angola","name":"Malanje Province","isoCode":"MAL","lat":-9.8251183,"lon":16.912251,"geocoding":{},"distantMaxMiles":5,"cities":{"Malanje":{"countryName":"Angola","stateName":"Malanje Province","name":"Malanje","lat":-9.54015,"lon":16.34096,"geocoding":{},"distantMaxMiles":5}}},"Moxico Province":{"countryName":"Angola","name":"Moxico Province","isoCode":"MOX","lat":-13.4293579,"lon":20.3308814,"geocoding":{},"distantMaxMiles":5,"cities":{"Luau":{"countryName":"Angola","stateName":"Moxico Province","name":"Luau","lat":-10.70727,"lon":22.22466,"geocoding":{},"distantMaxMiles":5},"Luena":{"countryName":"Angola","stateName":"Moxico Province","name":"Luena","lat":-11.78333,"lon":19.91667,"geocoding":{},"distantMaxMiles":5},"Lumeje":{"countryName":"Angola","stateName":"Moxico Province","name":"Lumeje","lat":-11.55,"lon":20.78333,"geocoding":{},"distantMaxMiles":5},"Léua":{"countryName":"Angola","stateName":"Moxico Province","name":"Léua","lat":-11.65,"lon":20.45,"geocoding":{},"distantMaxMiles":5}}},"Uíge Province":{"countryName":"Angola","name":"Uíge Province","isoCode":"UIG","lat":-7.1736732,"lon":15.4068079,"geocoding":{},"distantMaxMiles":5,"cities":{"Uíge":{"countryName":"Angola","stateName":"Uíge Province","name":"Uíge","lat":-7.60874,"lon":15.06131,"geocoding":{},"distantMaxMiles":5}}},"Zaire Province":{"countryName":"Angola","name":"Zaire Province","isoCode":"ZAI","lat":-6.5733458,"lon":13.1740348,"geocoding":{},"distantMaxMiles":5,"cities":{"Mbanza Congo":{"countryName":"Angola","stateName":"Zaire Province","name":"Mbanza Congo","lat":-6.26703,"lon":14.2401,"geocoding":{},"distantMaxMiles":5},"N'zeto":{"countryName":"Angola","stateName":"Zaire Province","name":"N'zeto","lat":-7.23116,"lon":12.8666,"geocoding":{},"distantMaxMiles":5},"Soio":{"countryName":"Angola","stateName":"Zaire Province","name":"Soio","lat":-6.1349,"lon":12.36894,"geocoding":{},"distantMaxMiles":5}}}}}