{"name":"Cote D'Ivoire (Ivory Coast)","isoCode":"CI","lat":8,"lon":-5,"geocoding":{},"distantMaxMiles":5,"states":{"Abidjan":{"countryName":"Cote D'Ivoire (Ivory Coast)","name":"Abidjan","isoCode":"AB","lat":5.3599517,"lon":-4.0082563,"geocoding":{},"distantMaxMiles":5,"cities":{"Abidjan":{"countryName":"Cote D'Ivoire (Ivory Coast)","stateName":"Abidjan","name":"Abidjan","lat":5.30966,"lon":-4.01266,"geocoding":{},"distantMaxMiles":5},"Abobo":{"countryName":"Cote D'Ivoire (Ivory Coast)","stateName":"Abidjan","name":"Abobo","lat":5.41613,"lon":-4.0159,"geocoding":{},"distantMaxMiles":5},"Anyama":{"countryName":"Cote D'Ivoire (Ivory Coast)","stateName":"Abidjan","name":"Anyama","lat":5.49462,"lon":-4.05183,"geocoding":{},"distantMaxMiles":5},"Bingerville":{"countryName":"Cote D'Ivoire (Ivory Coast)","stateName":"Abidjan","name":"Bingerville","lat":5.35581,"lon":-3.88537,"geocoding":{},"distantMaxMiles":5}}},"Agnéby":{"countryName":"Cote D'Ivoire (Ivory Coast)","name":"Agnéby","isoCode":"16","lat":5.3224503,"lon":-4.3449529,"geocoding":{},"distantMaxMiles":5,"cities":{}},"Bafing Region":{"countryName":"Cote D'Ivoire (Ivory Coast)","name":"Bafing Region","isoCode":"17","lat":8.3252047,"lon":-7.5247243,"geocoding":{},"distantMaxMiles":5,"cities":{}},"Bas-Sassandra District":{"countryName":"Cote D'Ivoire (Ivory Coast)","name":"Bas-Sassandra District","isoCode":"BS","lat":5.2798356,"lon":-6.1526985,"geocoding":{},"distantMaxMiles":5,"cities":{"Gbôklé":{"countryName":"Cote D'Ivoire (Ivory Coast)","stateName":"Bas-Sassandra District","name":"Gbôklé","lat":4.95712,"lon":-6.09372,"geocoding":{},"distantMaxMiles":5},"Nawa":{"countryName":"Cote D'Ivoire (Ivory Coast)","stateName":"Bas-Sassandra District","name":"Nawa","lat":5.80112,"lon":-6.60313,"geocoding":{},"distantMaxMiles":5},"San-Pédro":{"countryName":"Cote D'Ivoire (Ivory Coast)","stateName":"Bas-Sassandra District","name":"San-Pédro","lat":4.76768,"lon":-6.65033,"geocoding":{},"distantMaxMiles":5},"Sassandra":{"countryName":"Cote D'Ivoire (Ivory Coast)","stateName":"Bas-Sassandra District","name":"Sassandra","lat":4.95384,"lon":-6.08531,"geocoding":{},"distantMaxMiles":5},"Tabou":{"countryName":"Cote D'Ivoire (Ivory Coast)","stateName":"Bas-Sassandra District","name":"Tabou","lat":4.42295,"lon":-7.3528,"geocoding":{},"distantMaxMiles":5}}},"Bas-Sassandra Region":{"countryName":"Cote D'Ivoire (Ivory Coast)","name":"Bas-Sassandra Region","isoCode":"09","lat":5.3567916,"lon":-6.7493993,"geocoding":{},"distantMaxMiles":5,"cities":{}},"Comoé District":{"countryName":"Cote D'Ivoire (Ivory Coast)","name":"Comoé District","isoCode":"CM","lat":5.552793,"lon":-3.2583626,"geocoding":{},"distantMaxMiles":5,"cities":{"Abengourou":{"countryName":"Cote D'Ivoire (Ivory Coast)","stateName":"Comoé District","name":"Abengourou","lat":6.72972,"lon":-3.49639,"geocoding":{},"distantMaxMiles":5},"Aboisso":{"countryName":"Cote D'Ivoire (Ivory Coast)","stateName":"Comoé District","name":"Aboisso","lat":5.46779,"lon":-3.20711,"geocoding":{},"distantMaxMiles":5},"Adiaké":{"countryName":"Cote D'Ivoire (Ivory Coast)","stateName":"Comoé District","name":"Adiaké","lat":5.28634,"lon":-3.30403,"geocoding":{},"distantMaxMiles":5},"Agnibilékrou":{"countryName":"Cote D'Ivoire (Ivory Coast)","stateName":"Comoé District","name":"Agnibilékrou","lat":7.13113,"lon":-3.20415,"geocoding":{},"distantMaxMiles":5},"Ayamé":{"countryName":"Cote D'Ivoire (Ivory Coast)","stateName":"Comoé District","name":"Ayamé","lat":5.6052,"lon":-3.15709,"geocoding":{},"distantMaxMiles":5},"Bonoua":{"countryName":"Cote D'Ivoire (Ivory Coast)","stateName":"Comoé District","name":"Bonoua","lat":5.27247,"lon":-3.59625,"geocoding":{},"distantMaxMiles":5},"Grand-Bassam":{"countryName":"Cote D'Ivoire (Ivory Coast)","stateName":"Comoé District","name":"Grand-Bassam","lat":5.2118,"lon":-3.73884,"geocoding":{},"distantMaxMiles":5},"Indénié-Djuablin":{"countryName":"Cote D'Ivoire (Ivory Coast)","stateName":"Comoé District","name":"Indénié-Djuablin","lat":6.74434,"lon":-3.494,"geocoding":{},"distantMaxMiles":5},"Sud-Comoé":{"countryName":"Cote D'Ivoire (Ivory Coast)","stateName":"Comoé District","name":"Sud-Comoé","lat":5.49961,"lon":-3.2408,"geocoding":{},"distantMaxMiles":5}}},"Denguélé District":{"countryName":"Cote D'Ivoire (Ivory Coast)","name":"Denguélé District","isoCode":"DN","lat":48.0707763,"lon":-68.5609341,"geocoding":{},"distantMaxMiles":5,"cities":{"Folon":{"countryName":"Cote D'Ivoire (Ivory Coast)","stateName":"Denguélé District","name":"Folon","lat":9.81241,"lon":-7.51894,"geocoding":{},"distantMaxMiles":5},"Kabadougou":{"countryName":"Cote D'Ivoire (Ivory Coast)","stateName":"Denguélé District","name":"Kabadougou","lat":9.60571,"lon":-7.43774,"geocoding":{},"distantMaxMiles":5},"Odienné":{"countryName":"Cote D'Ivoire (Ivory Coast)","stateName":"Denguélé District","name":"Odienné","lat":9.50511,"lon":-7.56433,"geocoding":{},"distantMaxMiles":5}}},"Denguélé Region":{"countryName":"Cote D'Ivoire (Ivory Coast)","name":"Denguélé Region","isoCode":"10","lat":9.4662372,"lon":-7.4381355,"geocoding":{},"distantMaxMiles":5,"cities":{}},"Dix-Huit Montagnes":{"countryName":"Cote D'Ivoire (Ivory Coast)","name":"Dix-Huit Montagnes","isoCode":"06","lat":7.3762373,"lon":-7.4381355,"geocoding":{},"distantMaxMiles":5,"cities":{"Bangolo":{"countryName":"Cote D'Ivoire (Ivory Coast)","stateName":"Dix-Huit Montagnes","name":"Bangolo","lat":7.01232,"lon":-7.48639,"geocoding":{},"distantMaxMiles":5},"Biankouma":{"countryName":"Cote D'Ivoire (Ivory Coast)","stateName":"Dix-Huit Montagnes","name":"Biankouma","lat":7.73909,"lon":-7.61377,"geocoding":{},"distantMaxMiles":5},"Cavally":{"countryName":"Cote D'Ivoire (Ivory Coast)","stateName":"Dix-Huit Montagnes","name":"Cavally","lat":6.56343,"lon":-7.92526,"geocoding":{},"distantMaxMiles":5},"Danané":{"countryName":"Cote D'Ivoire (Ivory Coast)","stateName":"Dix-Huit Montagnes","name":"Danané","lat":7.25957,"lon":-8.15498,"geocoding":{},"distantMaxMiles":5},"Duekoué":{"countryName":"Cote D'Ivoire (Ivory Coast)","stateName":"Dix-Huit Montagnes","name":"Duekoué","lat":6.74202,"lon":-7.34918,"geocoding":{},"distantMaxMiles":5},"Guiglo":{"countryName":"Cote D'Ivoire (Ivory Coast)","stateName":"Dix-Huit Montagnes","name":"Guiglo","lat":6.54368,"lon":-7.4935,"geocoding":{},"distantMaxMiles":5},"Guémon":{"countryName":"Cote D'Ivoire (Ivory Coast)","stateName":"Dix-Huit Montagnes","name":"Guémon","lat":7.093,"lon":-7.17785,"geocoding":{},"distantMaxMiles":5},"Man":{"countryName":"Cote D'Ivoire (Ivory Coast)","stateName":"Dix-Huit Montagnes","name":"Man","lat":7.41251,"lon":-7.55383,"geocoding":{},"distantMaxMiles":5},"Tonkpi":{"countryName":"Cote D'Ivoire (Ivory Coast)","stateName":"Dix-Huit Montagnes","name":"Tonkpi","lat":7.56785,"lon":-7.60941,"geocoding":{},"distantMaxMiles":5},"Toulépleu Gueré":{"countryName":"Cote D'Ivoire (Ivory Coast)","stateName":"Dix-Huit Montagnes","name":"Toulépleu Gueré","lat":6.57395,"lon":-8.42592,"geocoding":{},"distantMaxMiles":5}}},"Fromager":{"countryName":"Cote D'Ivoire (Ivory Coast)","name":"Fromager","isoCode":"18","lat":45.5450213,"lon":-73.6046223,"geocoding":{},"distantMaxMiles":5,"cities":{}},"Gôh-Djiboua District":{"countryName":"Cote D'Ivoire (Ivory Coast)","name":"Gôh-Djiboua District","isoCode":"GD","lat":5.8711393,"lon":-5.5617279,"geocoding":{},"distantMaxMiles":5,"cities":{"Divo":{"countryName":"Cote D'Ivoire (Ivory Coast)","stateName":"Gôh-Djiboua District","name":"Divo","lat":5.83739,"lon":-5.35723,"geocoding":{},"distantMaxMiles":5},"Gagnoa":{"countryName":"Cote D'Ivoire (Ivory Coast)","stateName":"Gôh-Djiboua District","name":"Gagnoa","lat":6.13193,"lon":-5.9506,"geocoding":{},"distantMaxMiles":5},"Guibéroua":{"countryName":"Cote D'Ivoire (Ivory Coast)","stateName":"Gôh-Djiboua District","name":"Guibéroua","lat":6.23869,"lon":-6.17147,"geocoding":{},"distantMaxMiles":5},"Gôh":{"countryName":"Cote D'Ivoire (Ivory Coast)","stateName":"Gôh-Djiboua District","name":"Gôh","lat":6.14459,"lon":-5.92644,"geocoding":{},"distantMaxMiles":5},"Lakota":{"countryName":"Cote D'Ivoire (Ivory Coast)","stateName":"Gôh-Djiboua District","name":"Lakota","lat":5.84752,"lon":-5.682,"geocoding":{},"distantMaxMiles":5},"Lôh-Djiboua":{"countryName":"Cote D'Ivoire (Ivory Coast)","stateName":"Gôh-Djiboua District","name":"Lôh-Djiboua","lat":5.82483,"lon":-5.47668,"geocoding":{},"distantMaxMiles":5},"Oumé":{"countryName":"Cote D'Ivoire (Ivory Coast)","stateName":"Gôh-Djiboua District","name":"Oumé","lat":6.38309,"lon":-5.41759,"geocoding":{},"distantMaxMiles":5}}},"Haut-Sassandra":{"countryName":"Cote D'Ivoire (Ivory Coast)","name":"Haut-Sassandra","isoCode":"02","lat":6.8757848,"lon":-6.5783387,"geocoding":{},"distantMaxMiles":5,"cities":{}},"Lacs District":{"countryName":"Cote D'Ivoire (Ivory Coast)","name":"Lacs District","isoCode":"LC","lat":48.1980169,"lon":-80.4564412,"geocoding":{},"distantMaxMiles":5,"cities":{}},"Lacs Region":{"countryName":"Cote D'Ivoire (Ivory Coast)","name":"Lacs Region","isoCode":"07","lat":47.7395866,"lon":-70.4186652,"geocoding":{},"distantMaxMiles":5,"cities":{"Arrah":{"countryName":"Cote D'Ivoire (Ivory Coast)","stateName":"Lacs Region","name":"Arrah","lat":6.67342,"lon":-3.96938,"geocoding":{},"distantMaxMiles":5},"Bocanda":{"countryName":"Cote D'Ivoire (Ivory Coast)","stateName":"Lacs Region","name":"Bocanda","lat":7.06264,"lon":-4.49948,"geocoding":{},"distantMaxMiles":5},"Bongouanou":{"countryName":"Cote D'Ivoire (Ivory Coast)","stateName":"Lacs Region","name":"Bongouanou","lat":6.65175,"lon":-4.20406,"geocoding":{},"distantMaxMiles":5},"Bélier":{"countryName":"Cote D'Ivoire (Ivory Coast)","stateName":"Lacs Region","name":"Bélier","lat":7.02582,"lon":-5.06744,"geocoding":{},"distantMaxMiles":5},"Daoukro":{"countryName":"Cote D'Ivoire (Ivory Coast)","stateName":"Lacs Region","name":"Daoukro","lat":7.0591,"lon":-3.9631,"geocoding":{},"distantMaxMiles":5},"Dimbokro":{"countryName":"Cote D'Ivoire (Ivory Coast)","stateName":"Lacs Region","name":"Dimbokro","lat":6.64678,"lon":-4.70519,"geocoding":{},"distantMaxMiles":5},"Iffou":{"countryName":"Cote D'Ivoire (Ivory Coast)","stateName":"Lacs Region","name":"Iffou","lat":7.11509,"lon":-3.95027,"geocoding":{},"distantMaxMiles":5},"Moronou":{"countryName":"Cote D'Ivoire (Ivory Coast)","stateName":"Lacs Region","name":"Moronou","lat":6.6683,"lon":-4.13155,"geocoding":{},"distantMaxMiles":5},"N'Zi":{"countryName":"Cote D'Ivoire (Ivory Coast)","stateName":"Lacs Region","name":"N'Zi","lat":6.82803,"lon":-4.5813,"geocoding":{},"distantMaxMiles":5},"Toumodi":{"countryName":"Cote D'Ivoire (Ivory Coast)","stateName":"Lacs Region","name":"Toumodi","lat":6.55799,"lon":-5.01769,"geocoding":{},"distantMaxMiles":5},"Yamoussoukro":{"countryName":"Cote D'Ivoire (Ivory Coast)","stateName":"Lacs Region","name":"Yamoussoukro","lat":6.82055,"lon":-5.27674,"geocoding":{},"distantMaxMiles":5}}},"Lagunes District":{"countryName":"Cote D'Ivoire (Ivory Coast)","name":"Lagunes District","isoCode":"LG","lat":5.8827334,"lon":-4.2333355,"geocoding":{},"distantMaxMiles":5,"cities":{}},"Lagunes region":{"countryName":"Cote D'Ivoire (Ivory Coast)","name":"Lagunes region","isoCode":"01","lat":5.8827334,"lon":-4.2333355,"geocoding":{},"distantMaxMiles":5,"cities":{"Adzopé":{"countryName":"Cote D'Ivoire (Ivory Coast)","stateName":"Lagunes region","name":"Adzopé","lat":6.10694,"lon":-3.86194,"geocoding":{},"distantMaxMiles":5},"Affery":{"countryName":"Cote D'Ivoire (Ivory Coast)","stateName":"Lagunes region","name":"Affery","lat":6.32035,"lon":-3.95235,"geocoding":{},"distantMaxMiles":5},"Agboville":{"countryName":"Cote D'Ivoire (Ivory Coast)","stateName":"Lagunes region","name":"Agboville","lat":5.92801,"lon":-4.21319,"geocoding":{},"distantMaxMiles":5},"Agnéby-Tiassa":{"countryName":"Cote D'Ivoire (Ivory Coast)","stateName":"Lagunes region","name":"Agnéby-Tiassa","lat":5.79488,"lon":-4.37187,"geocoding":{},"distantMaxMiles":5},"Akoupé":{"countryName":"Cote D'Ivoire (Ivory Coast)","stateName":"Lagunes region","name":"Akoupé","lat":6.38423,"lon":-3.88759,"geocoding":{},"distantMaxMiles":5},"Dabou":{"countryName":"Cote D'Ivoire (Ivory Coast)","stateName":"Lagunes region","name":"Dabou","lat":5.32556,"lon":-4.37685,"geocoding":{},"distantMaxMiles":5},"Grand-Lahou":{"countryName":"Cote D'Ivoire (Ivory Coast)","stateName":"Lagunes region","name":"Grand-Lahou","lat":5.25068,"lon":-5.00333,"geocoding":{},"distantMaxMiles":5},"Grands-Ponts":{"countryName":"Cote D'Ivoire (Ivory Coast)","stateName":"Lagunes region","name":"Grands-Ponts","lat":5.30487,"lon":-4.39247,"geocoding":{},"distantMaxMiles":5},"Tiassalé":{"countryName":"Cote D'Ivoire (Ivory Coast)","stateName":"Lagunes region","name":"Tiassalé","lat":5.89839,"lon":-4.82293,"geocoding":{},"distantMaxMiles":5}}},"Marahoué Region":{"countryName":"Cote D'Ivoire (Ivory Coast)","name":"Marahoué Region","isoCode":"12","lat":6.8846207,"lon":-5.8987139,"geocoding":{},"distantMaxMiles":5,"cities":{}},"Montagnes District":{"countryName":"Cote D'Ivoire (Ivory Coast)","name":"Montagnes District","isoCode":"MG","lat":7.3762373,"lon":-7.4381355,"geocoding":{},"distantMaxMiles":5,"cities":{}},"Moyen-Cavally":{"countryName":"Cote D'Ivoire (Ivory Coast)","name":"Moyen-Cavally","isoCode":"19","lat":6.5208793,"lon":-7.6114217,"geocoding":{},"distantMaxMiles":5,"cities":{}},"Moyen-Comoé":{"countryName":"Cote D'Ivoire (Ivory Coast)","name":"Moyen-Comoé","isoCode":"05","lat":6.6514917,"lon":-3.5003454,"geocoding":{},"distantMaxMiles":5,"cities":{}},"N'zi-Comoé":{"countryName":"Cote D'Ivoire (Ivory Coast)","name":"N'zi-Comoé","isoCode":"11","lat":7.2456749,"lon":-4.2333355,"geocoding":{},"distantMaxMiles":5,"cities":{}},"Sassandra-Marahoué District":{"countryName":"Cote D'Ivoire (Ivory Coast)","name":"Sassandra-Marahoué District","isoCode":"SM","lat":6.8803348,"lon":-6.2375947,"geocoding":{},"distantMaxMiles":5,"cities":{"Bouaflé":{"countryName":"Cote D'Ivoire (Ivory Coast)","stateName":"Sassandra-Marahoué District","name":"Bouaflé","lat":6.99041,"lon":-5.7442,"geocoding":{},"distantMaxMiles":5},"Daloa":{"countryName":"Cote D'Ivoire (Ivory Coast)","stateName":"Sassandra-Marahoué District","name":"Daloa","lat":6.87735,"lon":-6.45022,"geocoding":{},"distantMaxMiles":5},"Haut-Sassandra":{"countryName":"Cote D'Ivoire (Ivory Coast)","stateName":"Sassandra-Marahoué District","name":"Haut-Sassandra","lat":6.66961,"lon":-6.50116,"geocoding":{},"distantMaxMiles":5},"Issia":{"countryName":"Cote D'Ivoire (Ivory Coast)","stateName":"Sassandra-Marahoué District","name":"Issia","lat":6.49224,"lon":-6.58558,"geocoding":{},"distantMaxMiles":5},"Marahoué":{"countryName":"Cote D'Ivoire (Ivory Coast)","stateName":"Sassandra-Marahoué District","name":"Marahoué","lat":7.03252,"lon":-5.80215,"geocoding":{},"distantMaxMiles":5},"Vavoua":{"countryName":"Cote D'Ivoire (Ivory Coast)","stateName":"Sassandra-Marahoué District","name":"Vavoua","lat":7.38194,"lon":-6.47778,"geocoding":{},"distantMaxMiles":5},"Zuénoula":{"countryName":"Cote D'Ivoire (Ivory Coast)","stateName":"Sassandra-Marahoué District","name":"Zuénoula","lat":7.43027,"lon":-6.05054,"geocoding":{},"distantMaxMiles":5}}},"Savanes Region":{"countryName":"Cote D'Ivoire (Ivory Coast)","name":"Savanes Region","isoCode":"03","geocoding":{},"distantMaxMiles":5,"cities":{}},"Sud-Bandama":{"countryName":"Cote D'Ivoire (Ivory Coast)","name":"Sud-Bandama","isoCode":"15","lat":5.5357083,"lon":-5.5617279,"geocoding":{},"distantMaxMiles":5,"cities":{}},"Sud-Comoé":{"countryName":"Cote D'Ivoire (Ivory Coast)","name":"Sud-Comoé","isoCode":"13","lat":5.552793,"lon":-3.2583626,"geocoding":{},"distantMaxMiles":5,"cities":{}},"Vallée du Bandama District":{"countryName":"Cote D'Ivoire (Ivory Coast)","name":"Vallée du Bandama District","isoCode":"VB","lat":8.278978,"lon":-4.8935627,"geocoding":{},"distantMaxMiles":5,"cities":{}},"Vallée du Bandama Region":{"countryName":"Cote D'Ivoire (Ivory Coast)","name":"Vallée du Bandama Region","isoCode":"04","lat":8.278978,"lon":-4.8935627,"geocoding":{},"distantMaxMiles":5,"cities":{"Botro":{"countryName":"Cote D'Ivoire (Ivory Coast)","stateName":"Vallée du Bandama Region","name":"Botro","lat":7.85249,"lon":-5.31063,"geocoding":{},"distantMaxMiles":5},"Bouaké":{"countryName":"Cote D'Ivoire (Ivory Coast)","stateName":"Vallée du Bandama Region","name":"Bouaké","lat":7.69385,"lon":-5.03031,"geocoding":{},"distantMaxMiles":5},"Béoumi":{"countryName":"Cote D'Ivoire (Ivory Coast)","stateName":"Vallée du Bandama Region","name":"Béoumi","lat":7.67395,"lon":-5.58085,"geocoding":{},"distantMaxMiles":5},"Dabakala":{"countryName":"Cote D'Ivoire (Ivory Coast)","stateName":"Vallée du Bandama Region","name":"Dabakala","lat":8.36321,"lon":-4.42863,"geocoding":{},"distantMaxMiles":5},"Gbêkê":{"countryName":"Cote D'Ivoire (Ivory Coast)","stateName":"Vallée du Bandama Region","name":"Gbêkê","lat":7.70271,"lon":-5.28511,"geocoding":{},"distantMaxMiles":5},"Hambol":{"countryName":"Cote D'Ivoire (Ivory Coast)","stateName":"Vallée du Bandama Region","name":"Hambol","lat":8.30368,"lon":-5.15396,"geocoding":{},"distantMaxMiles":5},"Katiola":{"countryName":"Cote D'Ivoire (Ivory Coast)","stateName":"Vallée du Bandama Region","name":"Katiola","lat":8.13728,"lon":-5.10095,"geocoding":{},"distantMaxMiles":5},"Sakassou":{"countryName":"Cote D'Ivoire (Ivory Coast)","stateName":"Vallée du Bandama Region","name":"Sakassou","lat":7.45462,"lon":-5.29263,"geocoding":{},"distantMaxMiles":5}}},"Woroba District":{"countryName":"Cote D'Ivoire (Ivory Coast)","name":"Woroba District","isoCode":"WR","lat":8.2491372,"lon":-6.9209135,"geocoding":{},"distantMaxMiles":5,"cities":{"Bafing":{"countryName":"Cote D'Ivoire (Ivory Coast)","stateName":"Woroba District","name":"Bafing","lat":8.40611,"lon":-7.58048,"geocoding":{},"distantMaxMiles":5},"Béré":{"countryName":"Cote D'Ivoire (Ivory Coast)","stateName":"Woroba District","name":"Béré","lat":8.18952,"lon":-6.17157,"geocoding":{},"distantMaxMiles":5},"Mankono":{"countryName":"Cote D'Ivoire (Ivory Coast)","stateName":"Woroba District","name":"Mankono","lat":8.05861,"lon":-6.18972,"geocoding":{},"distantMaxMiles":5},"Séguéla":{"countryName":"Cote D'Ivoire (Ivory Coast)","stateName":"Woroba District","name":"Séguéla","lat":7.96111,"lon":-6.67306,"geocoding":{},"distantMaxMiles":5},"Touba":{"countryName":"Cote D'Ivoire (Ivory Coast)","stateName":"Woroba District","name":"Touba","lat":8.28333,"lon":-7.68333,"geocoding":{},"distantMaxMiles":5},"Worodougou":{"countryName":"Cote D'Ivoire (Ivory Coast)","stateName":"Woroba District","name":"Worodougou","lat":8.16482,"lon":-6.66595,"geocoding":{},"distantMaxMiles":5}}},"Worodougou":{"countryName":"Cote D'Ivoire (Ivory Coast)","name":"Worodougou","isoCode":"14","lat":8.2548962,"lon":-6.5783387,"geocoding":{},"distantMaxMiles":5,"cities":{}},"Yamoussoukro":{"countryName":"Cote D'Ivoire (Ivory Coast)","name":"Yamoussoukro","isoCode":"YM","lat":6.8276228,"lon":-5.2893433,"geocoding":{},"distantMaxMiles":5,"cities":{}},"Zanzan Region":{"countryName":"Cote D'Ivoire (Ivory Coast)","name":"Zanzan Region","isoCode":"ZZ","lat":8.8207904,"lon":-3.4195527,"geocoding":{},"distantMaxMiles":5,"cities":{"Bondoukou":{"countryName":"Cote D'Ivoire (Ivory Coast)","stateName":"Zanzan Region","name":"Bondoukou","lat":8.0402,"lon":-2.80003,"geocoding":{},"distantMaxMiles":5},"Bouna":{"countryName":"Cote D'Ivoire (Ivory Coast)","stateName":"Zanzan Region","name":"Bouna","lat":9.26927,"lon":-2.9951,"geocoding":{},"distantMaxMiles":5},"Bounkani":{"countryName":"Cote D'Ivoire (Ivory Coast)","stateName":"Zanzan Region","name":"Bounkani","lat":9.47841,"lon":-3.31238,"geocoding":{},"distantMaxMiles":5},"Gontougo":{"countryName":"Cote D'Ivoire (Ivory Coast)","stateName":"Zanzan Region","name":"Gontougo","lat":7.87132,"lon":-3.07068,"geocoding":{},"distantMaxMiles":5},"Sinfra":{"countryName":"Cote D'Ivoire (Ivory Coast)","stateName":"Zanzan Region","name":"Sinfra","lat":6.62103,"lon":-5.91144,"geocoding":{},"distantMaxMiles":5},"Tanda":{"countryName":"Cote D'Ivoire (Ivory Coast)","stateName":"Zanzan Region","name":"Tanda","lat":7.80335,"lon":-3.16832,"geocoding":{},"distantMaxMiles":5}}}}}