{"name":"Palau","isoCode":"PW","lat":7.5,"lon":134.5,"geocoding":{},"distantMaxMiles":5,"states":{"Aimeliik":{"countryName":"Palau","name":"Aimeliik","isoCode":"002","lat":7.4455859,"lon":134.5030878,"geocoding":{},"distantMaxMiles":5,"cities":{"Ngchemiangel":{"countryName":"Palau","stateName":"Aimeliik","name":"Ngchemiangel","lat":7.44613,"lon":134.47678,"geocoding":{},"distantMaxMiles":5}}},"Airai":{"countryName":"Palau","name":"Airai","isoCode":"004","lat":7.3966118,"lon":134.5690225,"geocoding":{},"distantMaxMiles":5,"cities":{"Ngetkib":{"countryName":"Palau","stateName":"Airai","name":"Ngetkib","lat":7.36451,"lon":134.51484,"geocoding":{},"distantMaxMiles":5}}},"Angaur":{"countryName":"Palau","name":"Angaur","isoCode":"010","lat":6.909223,"lon":134.1387934,"geocoding":{},"distantMaxMiles":5,"cities":{"Angaur State":{"countryName":"Palau","stateName":"Angaur","name":"Angaur State","lat":6.90601,"lon":134.12997,"geocoding":{},"distantMaxMiles":5}}},"Hatohobei":{"countryName":"Palau","name":"Hatohobei","isoCode":"050","lat":3.0070658,"lon":131.1237781,"geocoding":{},"distantMaxMiles":5,"cities":{"Tobi Village":{"countryName":"Palau","stateName":"Hatohobei","name":"Tobi Village","lat":3.00488,"lon":131.12168,"geocoding":{},"distantMaxMiles":5}}},"Kayangel":{"countryName":"Palau","name":"Kayangel","isoCode":"100","lat":8.07,"lon":134.702778,"geocoding":{},"distantMaxMiles":5,"cities":{"Kayangel":{"countryName":"Palau","stateName":"Kayangel","name":"Kayangel","lat":8.08228,"lon":134.71725,"geocoding":{},"distantMaxMiles":5}}},"Koror":{"countryName":"Palau","name":"Koror","isoCode":"150","lat":7.3375646,"lon":134.4889469,"geocoding":{},"distantMaxMiles":5,"cities":{"Koror":{"countryName":"Palau","stateName":"Koror","name":"Koror","lat":7.33978,"lon":134.47326,"geocoding":{},"distantMaxMiles":5},"Koror Town":{"countryName":"Palau","stateName":"Koror","name":"Koror Town","lat":7.34257,"lon":134.47888,"geocoding":{},"distantMaxMiles":5}}},"Melekeok":{"countryName":"Palau","name":"Melekeok","isoCode":"212","lat":7.5150286,"lon":134.5972518,"geocoding":{},"distantMaxMiles":5,"cities":{"Melekeok Village":{"countryName":"Palau","stateName":"Melekeok","name":"Melekeok Village","lat":7.49567,"lon":134.63671,"geocoding":{},"distantMaxMiles":5}}},"Ngaraard":{"countryName":"Palau","name":"Ngaraard","isoCode":"214","lat":7.60794,"lon":134.6348645,"geocoding":{},"distantMaxMiles":5,"cities":{"Ulimang":{"countryName":"Palau","stateName":"Ngaraard","name":"Ulimang","lat":7.62416,"lon":134.64208,"geocoding":{},"distantMaxMiles":5}}},"Ngarchelong":{"countryName":"Palau","name":"Ngarchelong","isoCode":"218","lat":7.7105469,"lon":134.6301646,"geocoding":{},"distantMaxMiles":5,"cities":{"Mengellang":{"countryName":"Palau","stateName":"Ngarchelong","name":"Mengellang","lat":7.6957,"lon":134.63054,"geocoding":{},"distantMaxMiles":5}}},"Ngardmau":{"countryName":"Palau","name":"Ngardmau","isoCode":"222","lat":7.5850486,"lon":134.5596089,"geocoding":{},"distantMaxMiles":5,"cities":{"Ngardmau":{"countryName":"Palau","stateName":"Ngardmau","name":"Ngardmau","lat":7.60986,"lon":134.5744,"geocoding":{},"distantMaxMiles":5}}},"Ngatpang":{"countryName":"Palau","name":"Ngatpang","isoCode":"224","lat":7.4710994,"lon":134.5266466,"geocoding":{},"distantMaxMiles":5,"cities":{}},"Ngchesar":{"countryName":"Palau","name":"Ngchesar","isoCode":"226","lat":7.452328,"lon":134.5784342,"geocoding":{},"distantMaxMiles":5,"cities":{"Ngchesar Hamlet":{"countryName":"Palau","stateName":"Ngchesar","name":"Ngchesar Hamlet","lat":7.46932,"lon":134.60991,"geocoding":{},"distantMaxMiles":5}}},"Ngeremlengui":{"countryName":"Palau","name":"Ngeremlengui","isoCode":"227","lat":7.5198397,"lon":134.5596089,"geocoding":{},"distantMaxMiles":5,"cities":{"Imeong Hamlet":{"countryName":"Palau","stateName":"Ngeremlengui","name":"Imeong Hamlet","lat":7.53134,"lon":134.52713,"geocoding":{},"distantMaxMiles":5}}},"Ngiwal":{"countryName":"Palau","name":"Ngiwal","isoCode":"228","lat":7.5614764,"lon":134.6160619,"geocoding":{},"distantMaxMiles":5,"cities":{"Ngerkeai":{"countryName":"Palau","stateName":"Ngiwal","name":"Ngerkeai","lat":7.55456,"lon":134.63612,"geocoding":{},"distantMaxMiles":5}}},"Peleliu":{"countryName":"Palau","name":"Peleliu","isoCode":"350","lat":7.0022906,"lon":134.2431628,"geocoding":{},"distantMaxMiles":5,"cities":{"Kloulklubed":{"countryName":"Palau","stateName":"Peleliu","name":"Kloulklubed","lat":7.04192,"lon":134.25561,"geocoding":{},"distantMaxMiles":5}}},"Sonsorol":{"countryName":"Palau","name":"Sonsorol","isoCode":"370","lat":5.3268119,"lon":132.2239117,"geocoding":{},"distantMaxMiles":5,"cities":{"Sonsorol Village":{"countryName":"Palau","stateName":"Sonsorol","name":"Sonsorol Village","lat":5.32608,"lon":132.21943,"geocoding":{},"distantMaxMiles":5}}}}}