{"name":"Maldives","isoCode":"MV","lat":3.25,"lon":73,"geocoding":{},"distantMaxMiles":5,"states":{"Addu Atoll":{"countryName":"Maldives","name":"Addu Atoll","isoCode":"01","lat":-0.6300995,"lon":73.1585626,"geocoding":{},"distantMaxMiles":5,"cities":{"Hithadhoo":{"countryName":"Maldives","stateName":"Addu Atoll","name":"Hithadhoo","lat":-0.6,"lon":73.08333,"geocoding":{},"distantMaxMiles":5},"Meedhoo":{"countryName":"Maldives","stateName":"Addu Atoll","name":"Meedhoo","lat":-0.58333,"lon":73.23333,"geocoding":{},"distantMaxMiles":5}}},"Alif Alif Atoll":{"countryName":"Maldives","name":"Alif Alif Atoll","isoCode":"02","lat":4.085,"lon":72.8515479,"geocoding":{},"distantMaxMiles":5,"cities":{}},"Alif Dhaal Atoll":{"countryName":"Maldives","name":"Alif Dhaal Atoll","isoCode":"00","lat":3.6543302,"lon":72.8042797,"geocoding":{},"distantMaxMiles":5,"cities":{}},"Central Province":{"countryName":"Maldives","name":"Central Province","isoCode":"CE","geocoding":{},"distantMaxMiles":5,"cities":{}},"Dhaalu Atoll":{"countryName":"Maldives","name":"Dhaalu Atoll","isoCode":"17","lat":2.8468502,"lon":72.9460566,"geocoding":{},"distantMaxMiles":5,"cities":{"Kudahuvadhoo":{"countryName":"Maldives","stateName":"Dhaalu Atoll","name":"Kudahuvadhoo","lat":2.67075,"lon":72.89437,"geocoding":{},"distantMaxMiles":5}}},"Faafu Atoll":{"countryName":"Maldives","name":"Faafu Atoll","isoCode":"14","lat":3.2309409,"lon":72.9460566,"geocoding":{},"distantMaxMiles":5,"cities":{}},"Gaafu Alif Atoll":{"countryName":"Maldives","name":"Gaafu Alif Atoll","isoCode":"27","lat":0.6124813,"lon":73.323708,"geocoding":{},"distantMaxMiles":5,"cities":{"Viligili":{"countryName":"Maldives","stateName":"Gaafu Alif Atoll","name":"Viligili","lat":0.75906,"lon":73.43296,"geocoding":{},"distantMaxMiles":5}}},"Gaafu Dhaalu Atoll":{"countryName":"Maldives","name":"Gaafu Dhaalu Atoll","isoCode":"28","lat":0.358804,"lon":73.1821623,"geocoding":{},"distantMaxMiles":5,"cities":{"Thinadhoo":{"countryName":"Maldives","stateName":"Gaafu Dhaalu Atoll","name":"Thinadhoo","lat":0.5306,"lon":72.99969,"geocoding":{},"distantMaxMiles":5}}},"Gnaviyani Atoll":{"countryName":"Maldives","name":"Gnaviyani Atoll","isoCode":"29","lat":-0.3006425,"lon":73.4239143,"geocoding":{},"distantMaxMiles":5,"cities":{"Fuvahmulah":{"countryName":"Maldives","stateName":"Gnaviyani Atoll","name":"Fuvahmulah","lat":-0.29878,"lon":73.42403,"geocoding":{},"distantMaxMiles":5}}},"Haa Alif Atoll":{"countryName":"Maldives","name":"Haa Alif Atoll","isoCode":"07","lat":6.9903488,"lon":72.9460566,"geocoding":{},"distantMaxMiles":5,"cities":{"Dhidhdhoo":{"countryName":"Maldives","stateName":"Haa Alif Atoll","name":"Dhidhdhoo","lat":6.88744,"lon":73.11402,"geocoding":{},"distantMaxMiles":5}}},"Haa Dhaalu Atoll":{"countryName":"Maldives","name":"Haa Dhaalu Atoll","isoCode":"23","lat":6.5782717,"lon":72.9460566,"geocoding":{},"distantMaxMiles":5,"cities":{"Kulhudhuffushi":{"countryName":"Maldives","stateName":"Haa Dhaalu Atoll","name":"Kulhudhuffushi","lat":6.62207,"lon":73.06998,"geocoding":{},"distantMaxMiles":5}}},"Kaafu Atoll":{"countryName":"Maldives","name":"Kaafu Atoll","isoCode":"26","lat":4.4558979,"lon":73.5594128,"geocoding":{},"distantMaxMiles":5,"cities":{"Guraidhoo":{"countryName":"Maldives","stateName":"Kaafu Atoll","name":"Guraidhoo","lat":3.90045,"lon":73.46623,"geocoding":{},"distantMaxMiles":5},"Hulhumale":{"countryName":"Maldives","stateName":"Kaafu Atoll","name":"Hulhumale","lat":4.21169,"lon":73.54008,"geocoding":{},"distantMaxMiles":5},"Maafushi":{"countryName":"Maldives","stateName":"Kaafu Atoll","name":"Maafushi","lat":3.94231,"lon":73.4907,"geocoding":{},"distantMaxMiles":5},"Male":{"countryName":"Maldives","stateName":"Kaafu Atoll","name":"Male","lat":4.17521,"lon":73.50916,"geocoding":{},"distantMaxMiles":5}}},"Laamu Atoll":{"countryName":"Maldives","name":"Laamu Atoll","isoCode":"05","lat":1.9430737,"lon":73.4180211,"geocoding":{},"distantMaxMiles":5,"cities":{"Fonadhoo":{"countryName":"Maldives","stateName":"Laamu Atoll","name":"Fonadhoo","lat":1.83243,"lon":73.50257,"geocoding":{},"distantMaxMiles":5}}},"Lhaviyani Atoll":{"countryName":"Maldives","name":"Lhaviyani Atoll","isoCode":"03","lat":5.3747021,"lon":73.5122928,"geocoding":{},"distantMaxMiles":5,"cities":{"Naifaru":{"countryName":"Maldives","stateName":"Lhaviyani Atoll","name":"Naifaru","lat":5.44438,"lon":73.36571,"geocoding":{},"distantMaxMiles":5}}},"Malé":{"countryName":"Maldives","name":"Malé","isoCode":"MLE","lat":46.3488867,"lon":10.9072489,"geocoding":{},"distantMaxMiles":5,"cities":{}},"Meemu Atoll":{"countryName":"Maldives","name":"Meemu Atoll","isoCode":"12","lat":3.0090345,"lon":73.5122928,"geocoding":{},"distantMaxMiles":5,"cities":{"Muli":{"countryName":"Maldives","stateName":"Meemu Atoll","name":"Muli","lat":2.91667,"lon":73.56667,"geocoding":{},"distantMaxMiles":5}}},"Noonu Atoll":{"countryName":"Maldives","name":"Noonu Atoll","isoCode":"25","lat":5.8551276,"lon":73.323708,"geocoding":{},"distantMaxMiles":5,"cities":{"Manadhoo":{"countryName":"Maldives","stateName":"Noonu Atoll","name":"Manadhoo","lat":5.76687,"lon":73.4136,"geocoding":{},"distantMaxMiles":5}}},"North Central Province":{"countryName":"Maldives","name":"North Central Province","isoCode":"NC","geocoding":{},"distantMaxMiles":5,"cities":{}},"North Province":{"countryName":"Maldives","name":"North Province","isoCode":"NO","lat":8.8855027,"lon":80.2767327,"geocoding":{},"distantMaxMiles":5,"cities":{}},"Raa Atoll":{"countryName":"Maldives","name":"Raa Atoll","isoCode":"13","lat":5.6006457,"lon":72.9460566,"geocoding":{},"distantMaxMiles":5,"cities":{"Ugoofaaru":{"countryName":"Maldives","stateName":"Raa Atoll","name":"Ugoofaaru","lat":5.66812,"lon":73.03017,"geocoding":{},"distantMaxMiles":5}}},"Shaviyani Atoll":{"countryName":"Maldives","name":"Shaviyani Atoll","isoCode":"24","lat":6.17511,"lon":73.1349605,"geocoding":{},"distantMaxMiles":5,"cities":{"Funadhoo":{"countryName":"Maldives","stateName":"Shaviyani Atoll","name":"Funadhoo","lat":6.15091,"lon":73.29013,"geocoding":{},"distantMaxMiles":5}}},"South Central Province":{"countryName":"Maldives","name":"South Central Province","isoCode":"SC","lat":7.2564996,"lon":80.7214417,"geocoding":{},"distantMaxMiles":5,"cities":{"Mahibadhoo":{"countryName":"Maldives","stateName":"South Central Province","name":"Mahibadhoo","lat":3.75713,"lon":72.96893,"geocoding":{},"distantMaxMiles":5}}},"South Province":{"countryName":"Maldives","name":"South Province","isoCode":"SU","lat":-21.7482006,"lon":166.1783739,"geocoding":{},"distantMaxMiles":5,"cities":{}},"Thaa Atoll":{"countryName":"Maldives","name":"Thaa Atoll","isoCode":"08","lat":2.4311161,"lon":73.1821623,"geocoding":{},"distantMaxMiles":5,"cities":{"Veymandoo":{"countryName":"Maldives","stateName":"Thaa Atoll","name":"Veymandoo","lat":2.18772,"lon":73.09556,"geocoding":{},"distantMaxMiles":5}}},"Upper South Province":{"countryName":"Maldives","name":"Upper South Province","isoCode":"US","lat":0.2307,"lon":73.2794846,"geocoding":{},"distantMaxMiles":5,"cities":{}},"Vaavu Atoll":{"countryName":"Maldives","name":"Vaavu Atoll","isoCode":"04","lat":3.3955438,"lon":73.5122928,"geocoding":{},"distantMaxMiles":5,"cities":{"Felidhoo":{"countryName":"Maldives","stateName":"Vaavu Atoll","name":"Felidhoo","lat":3.47182,"lon":73.54699,"geocoding":{},"distantMaxMiles":5}}}}}