{"name":"Congo","isoCode":"CG","lat":-1,"lon":15,"geocoding":{},"distantMaxMiles":5,"states":{"Bouenza Department":{"countryName":"Congo","name":"Bouenza Department","isoCode":"11","lat":-4.1128079,"lon":13.7289167,"geocoding":{},"distantMaxMiles":5,"cities":{"Kayes":{"countryName":"Congo","stateName":"Bouenza Department","name":"Kayes","lat":-4.20493,"lon":13.28608,"geocoding":{},"distantMaxMiles":5},"Madingou":{"countryName":"Congo","stateName":"Bouenza Department","name":"Madingou","lat":-4.15361,"lon":13.55,"geocoding":{},"distantMaxMiles":5}}},"Brazzaville":{"countryName":"Congo","name":"Brazzaville","isoCode":"BZV","lat":-4.2633597,"lon":15.2428853,"geocoding":{},"distantMaxMiles":5,"cities":{"Brazzaville":{"countryName":"Congo","stateName":"Brazzaville","name":"Brazzaville","lat":-4.26613,"lon":15.28318,"geocoding":{},"distantMaxMiles":5}}},"Cuvette Department":{"countryName":"Congo","name":"Cuvette Department","isoCode":"8","lat":-0.2877446,"lon":16.1580937,"geocoding":{},"distantMaxMiles":5,"cities":{"Makoua":{"countryName":"Congo","stateName":"Cuvette Department","name":"Makoua","lat":0.00694,"lon":15.63333,"geocoding":{},"distantMaxMiles":5},"Owando":{"countryName":"Congo","stateName":"Cuvette Department","name":"Owando","lat":-0.48193,"lon":15.89988,"geocoding":{},"distantMaxMiles":5}}},"Cuvette-Ouest Department":{"countryName":"Congo","name":"Cuvette-Ouest Department","isoCode":"15","lat":0.144755,"lon":14.4723301,"geocoding":{},"distantMaxMiles":5,"cities":{"Ewo":{"countryName":"Congo","stateName":"Cuvette-Ouest Department","name":"Ewo","lat":-0.8725,"lon":14.82056,"geocoding":{},"distantMaxMiles":5}}},"Kouilou Department":{"countryName":"Congo","name":"Kouilou Department","isoCode":"5","lat":-4.1428413,"lon":11.8891721,"geocoding":{},"distantMaxMiles":5,"cities":{}},"Likouala Department":{"countryName":"Congo","name":"Likouala Department","isoCode":"7","lat":2.043924,"lon":17.668887,"geocoding":{},"distantMaxMiles":5,"cities":{"Impfondo":{"countryName":"Congo","stateName":"Likouala Department","name":"Impfondo","lat":1.61804,"lon":18.05981,"geocoding":{},"distantMaxMiles":5}}},"Lékoumou Department":{"countryName":"Congo","name":"Lékoumou Department","isoCode":"2","lat":-3.170382,"lon":13.3587288,"geocoding":{},"distantMaxMiles":5,"cities":{"Sibiti":{"countryName":"Congo","stateName":"Lékoumou Department","name":"Sibiti","lat":-3.68192,"lon":13.34985,"geocoding":{},"distantMaxMiles":5}}},"Niari Department":{"countryName":"Congo","name":"Niari Department","isoCode":"9","lat":-3.18427,"lon":12.2547919,"geocoding":{},"distantMaxMiles":5,"cities":{"Dolisie":{"countryName":"Congo","stateName":"Niari Department","name":"Dolisie","lat":-4.19834,"lon":12.66664,"geocoding":{},"distantMaxMiles":5},"Mossendjo":{"countryName":"Congo","stateName":"Niari Department","name":"Mossendjo","lat":-2.94968,"lon":12.70423,"geocoding":{},"distantMaxMiles":5}}},"Plateaux Department":{"countryName":"Congo","name":"Plateaux Department","isoCode":"14","lat":-2.0680088,"lon":15.4068079,"geocoding":{},"distantMaxMiles":5,"cities":{"Djambala":{"countryName":"Congo","stateName":"Plateaux Department","name":"Djambala","lat":-2.54472,"lon":14.75333,"geocoding":{},"distantMaxMiles":5},"Gamboma":{"countryName":"Congo","stateName":"Plateaux Department","name":"Gamboma","lat":-1.87639,"lon":15.86444,"geocoding":{},"distantMaxMiles":5}}},"Pointe-Noire":{"countryName":"Congo","name":"Pointe-Noire","isoCode":"16","lat":-4.7691623,"lon":11.866362,"geocoding":{},"distantMaxMiles":5,"cities":{"Loandjili":{"countryName":"Congo","stateName":"Pointe-Noire","name":"Loandjili","lat":-4.75611,"lon":11.85778,"geocoding":{},"distantMaxMiles":5},"Pointe-Noire":{"countryName":"Congo","stateName":"Pointe-Noire","name":"Pointe-Noire","lat":-4.77609,"lon":11.86352,"geocoding":{},"distantMaxMiles":5}}},"Pool Department":{"countryName":"Congo","name":"Pool Department","isoCode":"12","lat":-3.7762628,"lon":14.8454619,"geocoding":{},"distantMaxMiles":5,"cities":{"Kinkala":{"countryName":"Congo","stateName":"Pool Department","name":"Kinkala","lat":-4.36139,"lon":14.76444,"geocoding":{},"distantMaxMiles":5}}},"Sangha Department":{"countryName":"Congo","name":"Sangha Department","isoCode":"13","lat":1.4662328,"lon":15.4068079,"geocoding":{},"distantMaxMiles":5,"cities":{"Ouésso":{"countryName":"Congo","stateName":"Sangha Department","name":"Ouésso","lat":1.61361,"lon":16.05167,"geocoding":{},"distantMaxMiles":5},"Sémbé":{"countryName":"Congo","stateName":"Sangha Department","name":"Sémbé","lat":1.64806,"lon":14.58056,"geocoding":{},"distantMaxMiles":5}}}}}