{"name":"Seychelles","isoCode":"SC","lat":-4.58333333,"lon":55.66666666,"geocoding":{},"distantMaxMiles":5,"states":{"Anse Boileau":{"countryName":"Seychelles","name":"Anse Boileau","isoCode":"02","lat":-4.7047268,"lon":55.4859363,"geocoding":{},"distantMaxMiles":5,"cities":{"Anse Boileau":{"countryName":"Seychelles","stateName":"Anse Boileau","name":"Anse Boileau","lat":-4.71667,"lon":55.48333,"geocoding":{},"distantMaxMiles":5}}},"Anse Royale":{"countryName":"Seychelles","name":"Anse Royale","isoCode":"05","lat":-4.7407988,"lon":55.5081012,"geocoding":{},"distantMaxMiles":5,"cities":{"Anse Royale":{"countryName":"Seychelles","stateName":"Anse Royale","name":"Anse Royale","lat":-4.73333,"lon":55.51667,"geocoding":{},"distantMaxMiles":5}}},"Anse-aux-Pins":{"countryName":"Seychelles","name":"Anse-aux-Pins","isoCode":"01","lat":-4.6900443,"lon":55.5150289,"geocoding":{},"distantMaxMiles":5,"cities":{}},"Au Cap":{"countryName":"Seychelles","name":"Au Cap","isoCode":"04","lat":-4.7059723,"lon":55.5081012,"geocoding":{},"distantMaxMiles":5,"cities":{}},"Baie Lazare":{"countryName":"Seychelles","name":"Baie Lazare","isoCode":"06","lat":-4.7482525,"lon":55.4859363,"geocoding":{},"distantMaxMiles":5,"cities":{}},"Baie Sainte Anne":{"countryName":"Seychelles","name":"Baie Sainte Anne","isoCode":"07","lat":47.05259,"lon":-64.9524579,"geocoding":{},"distantMaxMiles":5,"cities":{}},"Beau Vallon":{"countryName":"Seychelles","name":"Beau Vallon","isoCode":"08","lat":-4.6210967,"lon":55.4277802,"geocoding":{},"distantMaxMiles":5,"cities":{"Beau Vallon":{"countryName":"Seychelles","stateName":"Beau Vallon","name":"Beau Vallon","lat":-4.62091,"lon":55.43015,"geocoding":{},"distantMaxMiles":5}}},"Bel Air":{"countryName":"Seychelles","name":"Bel Air","isoCode":"09","lat":34.1002455,"lon":-118.459463,"geocoding":{},"distantMaxMiles":5,"cities":{}},"Bel Ombre":{"countryName":"Seychelles","name":"Bel Ombre","isoCode":"10","lat":-20.5010095,"lon":57.4259624,"geocoding":{},"distantMaxMiles":5,"cities":{"Bel Ombre":{"countryName":"Seychelles","stateName":"Bel Ombre","name":"Bel Ombre","lat":-4.61667,"lon":55.41667,"geocoding":{},"distantMaxMiles":5}}},"Cascade":{"countryName":"Seychelles","name":"Cascade","isoCode":"11","lat":44.5162821,"lon":-116.0417983,"geocoding":{},"distantMaxMiles":5,"cities":{"Cascade":{"countryName":"Seychelles","stateName":"Cascade","name":"Cascade","lat":-4.66667,"lon":55.5,"geocoding":{},"distantMaxMiles":5}}},"Glacis":{"countryName":"Seychelles","name":"Glacis","isoCode":"12","lat":47.1157303,"lon":-70.3028183,"geocoding":{},"distantMaxMiles":5,"cities":{}},"Grand'Anse Mahé":{"countryName":"Seychelles","name":"Grand'Anse Mahé","isoCode":"13","lat":-4.677392,"lon":55.463777,"geocoding":{},"distantMaxMiles":5,"cities":{}},"Grand'Anse Praslin":{"countryName":"Seychelles","name":"Grand'Anse Praslin","isoCode":"14","lat":-4.3176219,"lon":55.7078363,"geocoding":{},"distantMaxMiles":5,"cities":{}},"La Digue":{"countryName":"Seychelles","name":"La Digue","isoCode":"15","lat":49.7666922,"lon":-97.1546629,"geocoding":{},"distantMaxMiles":5,"cities":{}},"La Rivière Anglaise":{"countryName":"Seychelles","name":"La Rivière Anglaise","isoCode":"16","lat":-4.610615,"lon":55.4540841,"geocoding":{},"distantMaxMiles":5,"cities":{"Victoria":{"countryName":"Seychelles","stateName":"La Rivière Anglaise","name":"Victoria","lat":-4.62001,"lon":55.45501,"geocoding":{},"distantMaxMiles":5}}},"Les Mamelles":{"countryName":"Seychelles","name":"Les Mamelles","isoCode":"24","lat":38.8250505,"lon":-90.4834517,"geocoding":{},"distantMaxMiles":5,"cities":{}},"Mont Buxton":{"countryName":"Seychelles","name":"Mont Buxton","isoCode":"17","lat":-4.6166667,"lon":55.4457768,"geocoding":{},"distantMaxMiles":5,"cities":{}},"Mont Fleuri":{"countryName":"Seychelles","name":"Mont Fleuri","isoCode":"18","lat":-4.6356543,"lon":55.4554688,"geocoding":{},"distantMaxMiles":5,"cities":{}},"Plaisance":{"countryName":"Seychelles","name":"Plaisance","isoCode":"19","lat":45.607095,"lon":-75.1142745,"geocoding":{},"distantMaxMiles":5,"cities":{}},"Pointe La Rue":{"countryName":"Seychelles","name":"Pointe La Rue","isoCode":"20","lat":-4.680489,"lon":55.5191857,"geocoding":{},"distantMaxMiles":5,"cities":{}},"Port Glaud":{"countryName":"Seychelles","name":"Port Glaud","isoCode":"21","lat":-4.6488523,"lon":55.4194753,"geocoding":{},"distantMaxMiles":5,"cities":{"Port Glaud":{"countryName":"Seychelles","stateName":"Port Glaud","name":"Port Glaud","lat":-4.66667,"lon":55.41667,"geocoding":{},"distantMaxMiles":5}}},"Roche Caiman":{"countryName":"Seychelles","name":"Roche Caiman","isoCode":"25","lat":-4.6396028,"lon":55.4679315,"geocoding":{},"distantMaxMiles":5,"cities":{}},"Saint Louis":{"countryName":"Seychelles","name":"Saint Louis","isoCode":"22","lat":38.6270025,"lon":-90.1994042,"geocoding":{},"distantMaxMiles":5,"cities":{}},"Takamaka":{"countryName":"Seychelles","name":"Takamaka","isoCode":"23","lat":37.9645917,"lon":-1.2217727,"geocoding":{},"distantMaxMiles":5,"cities":{"Takamaka":{"countryName":"Seychelles","stateName":"Takamaka","name":"Takamaka","lat":-4.76667,"lon":55.5,"geocoding":{},"distantMaxMiles":5}}}}}