{"name":"Guinea","isoCode":"GN","lat":11,"lon":-10,"geocoding":{},"distantMaxMiles":5,"states":{"Beyla Prefecture":{"countryName":"Guinea","name":"Beyla Prefecture","isoCode":"BE","lat":8.9198178,"lon":-8.3088441,"geocoding":{},"distantMaxMiles":5,"cities":{}},"Boffa Prefecture":{"countryName":"Guinea","name":"Boffa Prefecture","isoCode":"BF","lat":10.1808254,"lon":-14.0391615,"geocoding":{},"distantMaxMiles":5,"cities":{}},"Boké Prefecture":{"countryName":"Guinea","name":"Boké Prefecture","isoCode":"BK","lat":11.0847379,"lon":-14.3791912,"geocoding":{},"distantMaxMiles":5,"cities":{}},"Boké Region":{"countryName":"Guinea","name":"Boké Region","isoCode":"B","lat":11.1864672,"lon":-14.1001326,"geocoding":{},"distantMaxMiles":5,"cities":{"Boffa":{"countryName":"Guinea","stateName":"Boké Region","name":"Boffa","lat":10.33333,"lon":-14.16667,"geocoding":{},"distantMaxMiles":5},"Boke Prefecture":{"countryName":"Guinea","stateName":"Boké Region","name":"Boke Prefecture","lat":11.08333,"lon":-14.41667,"geocoding":{},"distantMaxMiles":5},"Boké":{"countryName":"Guinea","stateName":"Boké Region","name":"Boké","lat":10.93217,"lon":-14.29055,"geocoding":{},"distantMaxMiles":5},"Fria":{"countryName":"Guinea","stateName":"Boké Region","name":"Fria","lat":10.41667,"lon":-13.58333,"geocoding":{},"distantMaxMiles":5},"Gaoual":{"countryName":"Guinea","stateName":"Boké Region","name":"Gaoual","lat":11.75,"lon":-13.2,"geocoding":{},"distantMaxMiles":5},"Gaoual Prefecture":{"countryName":"Guinea","stateName":"Boké Region","name":"Gaoual Prefecture","lat":11.75,"lon":-13.2,"geocoding":{},"distantMaxMiles":5},"Kimbo":{"countryName":"Guinea","stateName":"Boké Region","name":"Kimbo","lat":10.4,"lon":-13.55,"geocoding":{},"distantMaxMiles":5},"Koundara":{"countryName":"Guinea","stateName":"Boké Region","name":"Koundara","lat":12.48333,"lon":-13.3,"geocoding":{},"distantMaxMiles":5},"Koundara Prefecture":{"countryName":"Guinea","stateName":"Boké Region","name":"Koundara Prefecture","lat":12.41667,"lon":-13.16667,"geocoding":{},"distantMaxMiles":5},"Sanguéya":{"countryName":"Guinea","stateName":"Boké Region","name":"Sanguéya","lat":10.7,"lon":-14.36667,"geocoding":{},"distantMaxMiles":5},"Youkounkoun":{"countryName":"Guinea","stateName":"Boké Region","name":"Youkounkoun","lat":12.5311,"lon":-13.1224,"geocoding":{},"distantMaxMiles":5}}},"Conakry":{"countryName":"Guinea","name":"Conakry","isoCode":"C","lat":9.6411855,"lon":-13.5784012,"geocoding":{},"distantMaxMiles":5,"cities":{"Camayenne":{"countryName":"Guinea","stateName":"Conakry","name":"Camayenne","lat":9.535,"lon":-13.68778,"geocoding":{},"distantMaxMiles":5},"Conakry":{"countryName":"Guinea","stateName":"Conakry","name":"Conakry","lat":9.53795,"lon":-13.67729,"geocoding":{},"distantMaxMiles":5}}},"Coyah Prefecture":{"countryName":"Guinea","name":"Coyah Prefecture","isoCode":"CO","lat":9.7715535,"lon":-13.3125299,"geocoding":{},"distantMaxMiles":5,"cities":{}},"Dabola Prefecture":{"countryName":"Guinea","name":"Dabola Prefecture","isoCode":"DB","lat":10.7297806,"lon":-11.1107854,"geocoding":{},"distantMaxMiles":5,"cities":{}},"Dalaba Prefecture":{"countryName":"Guinea","name":"Dalaba Prefecture","isoCode":"DL","lat":10.6868176,"lon":-12.2490697,"geocoding":{},"distantMaxMiles":5,"cities":{}},"Dinguiraye Prefecture":{"countryName":"Guinea","name":"Dinguiraye Prefecture","isoCode":"DI","lat":11.6844222,"lon":-10.8000051,"geocoding":{},"distantMaxMiles":5,"cities":{}},"Dubréka Prefecture":{"countryName":"Guinea","name":"Dubréka Prefecture","isoCode":"DU","lat":9.7907348,"lon":-13.5147735,"geocoding":{},"distantMaxMiles":5,"cities":{}},"Faranah Prefecture":{"countryName":"Guinea","name":"Faranah Prefecture","isoCode":"FA","lat":9.9057399,"lon":-10.8000051,"geocoding":{},"distantMaxMiles":5,"cities":{}},"Forécariah Prefecture":{"countryName":"Guinea","name":"Forécariah Prefecture","isoCode":"FO","lat":9.3886187,"lon":-13.0817903,"geocoding":{},"distantMaxMiles":5,"cities":{}},"Fria Prefecture":{"countryName":"Guinea","name":"Fria Prefecture","isoCode":"FR","lat":10.3674543,"lon":-13.5841871,"geocoding":{},"distantMaxMiles":5,"cities":{}},"Gaoual Prefecture":{"countryName":"Guinea","name":"Gaoual Prefecture","isoCode":"GA","lat":11.5762804,"lon":-13.3587288,"geocoding":{},"distantMaxMiles":5,"cities":{}},"Guéckédou Prefecture":{"countryName":"Guinea","name":"Guéckédou Prefecture","isoCode":"GU","lat":8.5649688,"lon":-10.1311163,"geocoding":{},"distantMaxMiles":5,"cities":{}},"Kankan Prefecture":{"countryName":"Guinea","name":"Kankan Prefecture","isoCode":"KA","lat":10.3034465,"lon":-9.3673084,"geocoding":{},"distantMaxMiles":5,"cities":{}},"Kankan Region":{"countryName":"Guinea","name":"Kankan Region","isoCode":"K","lat":10.120923,"lon":-9.5450974,"geocoding":{},"distantMaxMiles":5,"cities":{"Kankan":{"countryName":"Guinea","stateName":"Kankan Region","name":"Kankan","lat":10.38542,"lon":-9.30568,"geocoding":{},"distantMaxMiles":5},"Kankan Prefecture":{"countryName":"Guinea","stateName":"Kankan Region","name":"Kankan Prefecture","lat":10.271,"lon":-9.178,"geocoding":{},"distantMaxMiles":5},"Kerouane Prefecture":{"countryName":"Guinea","stateName":"Kankan Region","name":"Kerouane Prefecture","lat":9.16667,"lon":-9.08333,"geocoding":{},"distantMaxMiles":5},"Kouroussa":{"countryName":"Guinea","stateName":"Kankan Region","name":"Kouroussa","lat":10.66667,"lon":-9.91667,"geocoding":{},"distantMaxMiles":5},"Kérouané":{"countryName":"Guinea","stateName":"Kankan Region","name":"Kérouané","lat":9.26667,"lon":-9.01667,"geocoding":{},"distantMaxMiles":5},"Mandiana":{"countryName":"Guinea","stateName":"Kankan Region","name":"Mandiana","lat":10.62577,"lon":-8.69413,"geocoding":{},"distantMaxMiles":5},"Mandiana Prefecture":{"countryName":"Guinea","stateName":"Kankan Region","name":"Mandiana Prefecture","lat":10.658,"lon":-8.615,"geocoding":{},"distantMaxMiles":5},"Siguiri":{"countryName":"Guinea","stateName":"Kankan Region","name":"Siguiri","lat":11.42282,"lon":-9.16852,"geocoding":{},"distantMaxMiles":5},"Siguiri Prefecture":{"countryName":"Guinea","stateName":"Kankan Region","name":"Siguiri Prefecture","lat":11.66667,"lon":-9.5,"geocoding":{},"distantMaxMiles":5},"Tokonou":{"countryName":"Guinea","stateName":"Kankan Region","name":"Tokonou","lat":9.65,"lon":-9.78333,"geocoding":{},"distantMaxMiles":5}}},"Kindia Prefecture":{"countryName":"Guinea","name":"Kindia Prefecture","isoCode":"KD","lat":10.1013292,"lon":-12.7135121,"geocoding":{},"distantMaxMiles":5,"cities":{}},"Kindia Region":{"countryName":"Guinea","name":"Kindia Region","isoCode":"D","lat":10.1781694,"lon":-12.989615,"geocoding":{},"distantMaxMiles":5,"cities":{"Coyah":{"countryName":"Guinea","stateName":"Kindia Region","name":"Coyah","lat":9.75,"lon":-13.41667,"geocoding":{},"distantMaxMiles":5},"Dubréka":{"countryName":"Guinea","stateName":"Kindia Region","name":"Dubréka","lat":9.79111,"lon":-13.52333,"geocoding":{},"distantMaxMiles":5},"Forécariah":{"countryName":"Guinea","stateName":"Kindia Region","name":"Forécariah","lat":9.43056,"lon":-13.08806,"geocoding":{},"distantMaxMiles":5},"Kindia":{"countryName":"Guinea","stateName":"Kindia Region","name":"Kindia","lat":10.08333,"lon":-12.8,"geocoding":{},"distantMaxMiles":5},"Préfecture de Dubréka":{"countryName":"Guinea","stateName":"Kindia Region","name":"Préfecture de Dubréka","lat":10.25,"lon":-13.41667,"geocoding":{},"distantMaxMiles":5},"Préfecture de Forécariah":{"countryName":"Guinea","stateName":"Kindia Region","name":"Préfecture de Forécariah","lat":9.43333,"lon":-13.1,"geocoding":{},"distantMaxMiles":5},"Telimele Prefecture":{"countryName":"Guinea","stateName":"Kindia Region","name":"Telimele Prefecture","lat":10.91667,"lon":-13.33333,"geocoding":{},"distantMaxMiles":5},"Tondon":{"countryName":"Guinea","stateName":"Kindia Region","name":"Tondon","lat":10.36667,"lon":-13.35,"geocoding":{},"distantMaxMiles":5},"Télimélé":{"countryName":"Guinea","stateName":"Kindia Region","name":"Télimélé","lat":10.9,"lon":-13.03333,"geocoding":{},"distantMaxMiles":5}}},"Kissidougou Prefecture":{"countryName":"Guinea","name":"Kissidougou Prefecture","isoCode":"KS","lat":9.2252022,"lon":-10.0807298,"geocoding":{},"distantMaxMiles":5,"cities":{}},"Koubia Prefecture":{"countryName":"Guinea","name":"Koubia Prefecture","isoCode":"KB","lat":11.582354,"lon":-11.8920237,"geocoding":{},"distantMaxMiles":5,"cities":{}},"Koundara Prefecture":{"countryName":"Guinea","name":"Koundara Prefecture","isoCode":"KN","lat":12.4894021,"lon":-13.3067562,"geocoding":{},"distantMaxMiles":5,"cities":{}},"Kouroussa Prefecture":{"countryName":"Guinea","name":"Kouroussa Prefecture","isoCode":"KO","lat":10.6489229,"lon":-9.8850586,"geocoding":{},"distantMaxMiles":5,"cities":{}},"Kérouané Prefecture":{"countryName":"Guinea","name":"Kérouané Prefecture","isoCode":"KE","lat":9.2536643,"lon":-9.0128926,"geocoding":{},"distantMaxMiles":5,"cities":{}},"Labé Prefecture":{"countryName":"Guinea","name":"Labé Prefecture","isoCode":"LA","lat":11.3541939,"lon":-12.3463875,"geocoding":{},"distantMaxMiles":5,"cities":{}},"Labé Region":{"countryName":"Guinea","name":"Labé Region","isoCode":"L","lat":11.3232042,"lon":-12.2891314,"geocoding":{},"distantMaxMiles":5,"cities":{"Koubia":{"countryName":"Guinea","stateName":"Labé Region","name":"Koubia","lat":11.58333,"lon":-11.83333,"geocoding":{},"distantMaxMiles":5},"Labe Prefecture":{"countryName":"Guinea","stateName":"Labé Region","name":"Labe Prefecture","lat":11.366,"lon":-12.3,"geocoding":{},"distantMaxMiles":5},"Labé":{"countryName":"Guinea","stateName":"Labé Region","name":"Labé","lat":11.31823,"lon":-12.28332,"geocoding":{},"distantMaxMiles":5},"Lelouma Prefecture":{"countryName":"Guinea","stateName":"Labé Region","name":"Lelouma Prefecture","lat":11.41667,"lon":-12.66667,"geocoding":{},"distantMaxMiles":5},"Lélouma":{"countryName":"Guinea","stateName":"Labé Region","name":"Lélouma","lat":11.42383,"lon":-12.68183,"geocoding":{},"distantMaxMiles":5},"Mali":{"countryName":"Guinea","stateName":"Labé Region","name":"Mali","lat":12.079,"lon":-12.2982,"geocoding":{},"distantMaxMiles":5},"Mali Prefecture":{"countryName":"Guinea","stateName":"Labé Region","name":"Mali Prefecture","lat":12.08333,"lon":-12.08333,"geocoding":{},"distantMaxMiles":5},"Tougue Prefecture":{"countryName":"Guinea","stateName":"Labé Region","name":"Tougue Prefecture","lat":11.46667,"lon":-11.6,"geocoding":{},"distantMaxMiles":5},"Tougué":{"countryName":"Guinea","stateName":"Labé Region","name":"Tougué","lat":11.44503,"lon":-11.66422,"geocoding":{},"distantMaxMiles":5}}},"Lola Prefecture":{"countryName":"Guinea","name":"Lola Prefecture","isoCode":"LO","lat":7.9613818,"lon":-8.3964938,"geocoding":{},"distantMaxMiles":5,"cities":{}},"Lélouma Prefecture":{"countryName":"Guinea","name":"Lélouma Prefecture","isoCode":"LE","lat":11.183333,"lon":-12.933333,"geocoding":{},"distantMaxMiles":5,"cities":{}},"Macenta Prefecture":{"countryName":"Guinea","name":"Macenta Prefecture","isoCode":"MC","lat":8.4615795,"lon":-9.2785583,"geocoding":{},"distantMaxMiles":5,"cities":{}},"Mali Prefecture":{"countryName":"Guinea","name":"Mali Prefecture","isoCode":"ML","lat":11.983709,"lon":-12.2547919,"geocoding":{},"distantMaxMiles":5,"cities":{}},"Mamou Prefecture":{"countryName":"Guinea","name":"Mamou Prefecture","isoCode":"MM","lat":10.5736024,"lon":-11.8891721,"geocoding":{},"distantMaxMiles":5,"cities":{}},"Mamou Region":{"countryName":"Guinea","name":"Mamou Region","isoCode":"M","lat":10.5736024,"lon":-11.8891721,"geocoding":{},"distantMaxMiles":5,"cities":{"Dalaba":{"countryName":"Guinea","stateName":"Mamou Region","name":"Dalaba","lat":10.75,"lon":-12.3,"geocoding":{},"distantMaxMiles":5},"Mamou":{"countryName":"Guinea","stateName":"Mamou Region","name":"Mamou","lat":10.37546,"lon":-12.09148,"geocoding":{},"distantMaxMiles":5},"Mamou Prefecture":{"countryName":"Guinea","stateName":"Mamou Region","name":"Mamou Prefecture","lat":10.459,"lon":-11.815,"geocoding":{},"distantMaxMiles":5},"Pita":{"countryName":"Guinea","stateName":"Mamou Region","name":"Pita","lat":10.83333,"lon":-12.58333,"geocoding":{},"distantMaxMiles":5}}},"Mandiana Prefecture":{"countryName":"Guinea","name":"Mandiana Prefecture","isoCode":"MD","lat":10.6172827,"lon":-8.6985716,"geocoding":{},"distantMaxMiles":5,"cities":{}},"Nzérékoré Prefecture":{"countryName":"Guinea","name":"Nzérékoré Prefecture","isoCode":"NZ","lat":7.7478359,"lon":-8.8252502,"geocoding":{},"distantMaxMiles":5,"cities":{}},"Nzérékoré Region":{"countryName":"Guinea","name":"Nzérékoré Region","isoCode":"N","lat":8.038587,"lon":-8.8362755,"geocoding":{},"distantMaxMiles":5,"cities":{"Beyla":{"countryName":"Guinea","stateName":"Nzérékoré Region","name":"Beyla","lat":8.69011,"lon":-8.64869,"geocoding":{},"distantMaxMiles":5},"Beyla Prefecture":{"countryName":"Guinea","stateName":"Nzérékoré Region","name":"Beyla Prefecture","lat":8.91667,"lon":-8.41667,"geocoding":{},"distantMaxMiles":5},"Gueckedou":{"countryName":"Guinea","stateName":"Nzérékoré Region","name":"Gueckedou","lat":8.56744,"lon":-10.1336,"geocoding":{},"distantMaxMiles":5},"Lola":{"countryName":"Guinea","stateName":"Nzérékoré Region","name":"Lola","lat":7.83333,"lon":-8.33333,"geocoding":{},"distantMaxMiles":5},"Macenta":{"countryName":"Guinea","stateName":"Nzérékoré Region","name":"Macenta","lat":8.5,"lon":-9.41667,"geocoding":{},"distantMaxMiles":5},"Nzerekore Prefecture":{"countryName":"Guinea","stateName":"Nzérékoré Region","name":"Nzerekore Prefecture","lat":7.945,"lon":-8.783,"geocoding":{},"distantMaxMiles":5},"Nzérékoré":{"countryName":"Guinea","stateName":"Nzérékoré Region","name":"Nzérékoré","lat":7.75624,"lon":-8.8179,"geocoding":{},"distantMaxMiles":5},"Préfecture de Guékédou":{"countryName":"Guinea","stateName":"Nzérékoré Region","name":"Préfecture de Guékédou","lat":8.66667,"lon":-10.25,"geocoding":{},"distantMaxMiles":5},"Yomou":{"countryName":"Guinea","stateName":"Nzérékoré Region","name":"Yomou","lat":7.5,"lon":-9.16667,"geocoding":{},"distantMaxMiles":5}}},"Pita Prefecture":{"countryName":"Guinea","name":"Pita Prefecture","isoCode":"PI","lat":10.8062086,"lon":-12.7135121,"geocoding":{},"distantMaxMiles":5,"cities":{}},"Siguiri Prefecture":{"countryName":"Guinea","name":"Siguiri Prefecture","isoCode":"SI","lat":11.4148113,"lon":-9.1788304,"geocoding":{},"distantMaxMiles":5,"cities":{}},"Tougué Prefecture":{"countryName":"Guinea","name":"Tougué Prefecture","isoCode":"TO","lat":11.3841583,"lon":-11.6157773,"geocoding":{},"distantMaxMiles":5,"cities":{}},"Télimélé Prefecture":{"countryName":"Guinea","name":"Télimélé Prefecture","isoCode":"TE","lat":10.9089364,"lon":-13.0299331,"geocoding":{},"distantMaxMiles":5,"cities":{}},"Yomou Prefecture":{"countryName":"Guinea","name":"Yomou Prefecture","isoCode":"YO","lat":7.5696279,"lon":-9.2591571,"geocoding":{},"distantMaxMiles":5,"cities":{}}}}