{"name":"Kenya","isoCode":"KE","lat":1,"lon":38,"geocoding":{},"distantMaxMiles":5,"states":{"Baringo":{"countryName":"Kenya","name":"Baringo","isoCode":"01","lat":0.8554988,"lon":36.0893406,"geocoding":{},"distantMaxMiles":5,"cities":{"Baringo":{"countryName":"Kenya","stateName":"Baringo","name":"Baringo","lat":0.46667,"lon":35.96667,"geocoding":{},"distantMaxMiles":5},"Eldama Ravine":{"countryName":"Kenya","stateName":"Baringo","name":"Eldama Ravine","lat":0.05196,"lon":35.72734,"geocoding":{},"distantMaxMiles":5},"Kabarnet":{"countryName":"Kenya","stateName":"Baringo","name":"Kabarnet","lat":0.49194,"lon":35.74303,"geocoding":{},"distantMaxMiles":5}}},"Bomet":{"countryName":"Kenya","name":"Bomet","isoCode":"02","lat":-0.8015009,"lon":35.3027226,"geocoding":{},"distantMaxMiles":5,"cities":{"Sotik":{"countryName":"Kenya","stateName":"Bomet","name":"Sotik","lat":-0.69069,"lon":35.11102,"geocoding":{},"distantMaxMiles":5},"Sotik Post":{"countryName":"Kenya","stateName":"Bomet","name":"Sotik Post","lat":-0.78129,"lon":35.34156,"geocoding":{},"distantMaxMiles":5}}},"Bungoma":{"countryName":"Kenya","name":"Bungoma","isoCode":"03","lat":0.5695252,"lon":34.5583766,"geocoding":{},"distantMaxMiles":5,"cities":{"Bungoma":{"countryName":"Kenya","stateName":"Bungoma","name":"Bungoma","lat":0.5635,"lon":34.56055,"geocoding":{},"distantMaxMiles":5},"Malikisi":{"countryName":"Kenya","stateName":"Bungoma","name":"Malikisi","lat":0.67694,"lon":34.42167,"geocoding":{},"distantMaxMiles":5},"Webuye":{"countryName":"Kenya","stateName":"Bungoma","name":"Webuye","lat":0.6004,"lon":34.77119,"geocoding":{},"distantMaxMiles":5}}},"Busia":{"countryName":"Kenya","name":"Busia","isoCode":"04","lat":0.4346506,"lon":34.2421597,"geocoding":{},"distantMaxMiles":5,"cities":{"Busia":{"countryName":"Kenya","stateName":"Busia","name":"Busia","lat":0.46005,"lon":34.11169,"geocoding":{},"distantMaxMiles":5},"Luanda":{"countryName":"Kenya","stateName":"Busia","name":"Luanda","lat":0.31354,"lon":34.07146,"geocoding":{},"distantMaxMiles":5},"Lugulu":{"countryName":"Kenya","stateName":"Busia","name":"Lugulu","lat":0.39337,"lon":34.30399,"geocoding":{},"distantMaxMiles":5},"Malaba":{"countryName":"Kenya","stateName":"Busia","name":"Malaba","lat":0.63513,"lon":34.28165,"geocoding":{},"distantMaxMiles":5},"Nambare":{"countryName":"Kenya","stateName":"Busia","name":"Nambare","lat":0.45813,"lon":34.25353,"geocoding":{},"distantMaxMiles":5},"Port Victoria":{"countryName":"Kenya","stateName":"Busia","name":"Port Victoria","lat":0.09809,"lon":33.97248,"geocoding":{},"distantMaxMiles":5}}},"Elgeyo-Marakwet":{"countryName":"Kenya","name":"Elgeyo-Marakwet","isoCode":"05","lat":1.0498237,"lon":35.4781926,"geocoding":{},"distantMaxMiles":5,"cities":{}},"Embu":{"countryName":"Kenya","name":"Embu","isoCode":"06","lat":-0.6560477,"lon":37.7237678,"geocoding":{},"distantMaxMiles":5,"cities":{"Embu":{"countryName":"Kenya","stateName":"Embu","name":"Embu","lat":-0.53987,"lon":37.45743,"geocoding":{},"distantMaxMiles":5}}},"Garissa":{"countryName":"Kenya","name":"Garissa","isoCode":"07","lat":-0.4532293,"lon":39.6460988,"geocoding":{},"distantMaxMiles":5,"cities":{"Garissa":{"countryName":"Kenya","stateName":"Garissa","name":"Garissa","lat":-0.45275,"lon":39.64601,"geocoding":{},"distantMaxMiles":5}}},"Homa Bay":{"countryName":"Kenya","name":"Homa Bay","isoCode":"08","lat":-0.6220655,"lon":34.3310364,"geocoding":{},"distantMaxMiles":5,"cities":{"Homa Bay":{"countryName":"Kenya","stateName":"Homa Bay","name":"Homa Bay","lat":-0.52731,"lon":34.45714,"geocoding":{},"distantMaxMiles":5},"Oyugis":{"countryName":"Kenya","stateName":"Homa Bay","name":"Oyugis","lat":-0.50974,"lon":34.73067,"geocoding":{},"distantMaxMiles":5},"Rachuonyo District":{"countryName":"Kenya","stateName":"Homa Bay","name":"Rachuonyo District","lat":-0.44,"lon":34.739,"geocoding":{},"distantMaxMiles":5}}},"Isiolo":{"countryName":"Kenya","name":"Isiolo","isoCode":"09","lat":0.3524352,"lon":38.4849923,"geocoding":{},"distantMaxMiles":5,"cities":{"Isiolo":{"countryName":"Kenya","stateName":"Isiolo","name":"Isiolo","lat":0.35462,"lon":37.58218,"geocoding":{},"distantMaxMiles":5}}},"Kajiado":{"countryName":"Kenya","name":"Kajiado","isoCode":"10","lat":-2.0980751,"lon":36.7819505,"geocoding":{},"distantMaxMiles":5,"cities":{"Kajiado":{"countryName":"Kenya","stateName":"Kajiado","name":"Kajiado","lat":-1.85238,"lon":36.77683,"geocoding":{},"distantMaxMiles":5},"Magadi":{"countryName":"Kenya","stateName":"Kajiado","name":"Magadi","lat":-1.90122,"lon":36.287,"geocoding":{},"distantMaxMiles":5},"Ngong":{"countryName":"Kenya","stateName":"Kajiado","name":"Ngong","lat":-1.3527,"lon":36.6699,"geocoding":{},"distantMaxMiles":5}}},"Kakamega":{"countryName":"Kenya","name":"Kakamega","isoCode":"11","lat":0.307894,"lon":34.7740793,"geocoding":{},"distantMaxMiles":5,"cities":{"Butere":{"countryName":"Kenya","stateName":"Kakamega","name":"Butere","lat":0.20694,"lon":34.49006,"geocoding":{},"distantMaxMiles":5},"Kakamega":{"countryName":"Kenya","stateName":"Kakamega","name":"Kakamega","lat":0.28422,"lon":34.75229,"geocoding":{},"distantMaxMiles":5},"Mumias":{"countryName":"Kenya","stateName":"Kakamega","name":"Mumias","lat":0.33474,"lon":34.48796,"geocoding":{},"distantMaxMiles":5}}},"Kericho":{"countryName":"Kenya","name":"Kericho","isoCode":"12","lat":-0.1827913,"lon":35.4781926,"geocoding":{},"distantMaxMiles":5,"cities":{"Kericho":{"countryName":"Kenya","stateName":"Kericho","name":"Kericho","lat":-0.36774,"lon":35.28314,"geocoding":{},"distantMaxMiles":5},"Kipkelion":{"countryName":"Kenya","stateName":"Kericho","name":"Kipkelion","lat":-0.19982,"lon":35.46735,"geocoding":{},"distantMaxMiles":5},"Litein":{"countryName":"Kenya","stateName":"Kericho","name":"Litein","lat":-0.58249,"lon":35.18969,"geocoding":{},"distantMaxMiles":5},"Londiani":{"countryName":"Kenya","stateName":"Kericho","name":"Londiani","lat":-0.16552,"lon":35.59359,"geocoding":{},"distantMaxMiles":5}}},"Kiambu":{"countryName":"Kenya","name":"Kiambu","isoCode":"13","lat":-1.0313701,"lon":36.8680791,"geocoding":{},"distantMaxMiles":5,"cities":{"Kiambu":{"countryName":"Kenya","stateName":"Kiambu","name":"Kiambu","lat":-1.17139,"lon":36.83556,"geocoding":{},"distantMaxMiles":5},"Kikuyu":{"countryName":"Kenya","stateName":"Kiambu","name":"Kikuyu","lat":-1.24627,"lon":36.66291,"geocoding":{},"distantMaxMiles":5},"Limuru":{"countryName":"Kenya","stateName":"Kiambu","name":"Limuru","lat":-1.1136,"lon":36.64205,"geocoding":{},"distantMaxMiles":5},"Pumwani":{"countryName":"Kenya","stateName":"Kiambu","name":"Pumwani","lat":-1.28333,"lon":36.85,"geocoding":{},"distantMaxMiles":5},"Thika":{"countryName":"Kenya","stateName":"Kiambu","name":"Thika","lat":-1.03326,"lon":37.06933,"geocoding":{},"distantMaxMiles":5}}},"Kilifi":{"countryName":"Kenya","name":"Kilifi","isoCode":"14","lat":-3.5106508,"lon":39.9093269,"geocoding":{},"distantMaxMiles":5,"cities":{"Iten":{"countryName":"Kenya","stateName":"Kilifi","name":"Iten","lat":0.67028,"lon":35.50806,"geocoding":{},"distantMaxMiles":5},"Kapsowar":{"countryName":"Kenya","stateName":"Kilifi","name":"Kapsowar","lat":0.9789,"lon":35.55854,"geocoding":{},"distantMaxMiles":5},"Kilifi":{"countryName":"Kenya","stateName":"Kilifi","name":"Kilifi","lat":-3.63045,"lon":39.84992,"geocoding":{},"distantMaxMiles":5},"Malindi":{"countryName":"Kenya","stateName":"Kilifi","name":"Malindi","lat":-3.21799,"lon":40.11692,"geocoding":{},"distantMaxMiles":5},"Mariakani":{"countryName":"Kenya","stateName":"Kilifi","name":"Mariakani","lat":-3.86261,"lon":39.47458,"geocoding":{},"distantMaxMiles":5},"Takaungu":{"countryName":"Kenya","stateName":"Kilifi","name":"Takaungu","lat":-3.6835,"lon":39.85687,"geocoding":{},"distantMaxMiles":5}}},"Kirinyaga":{"countryName":"Kenya","name":"Kirinyaga","isoCode":"15","lat":-0.6590565,"lon":37.3827234,"geocoding":{},"distantMaxMiles":5,"cities":{"Kerugoya":{"countryName":"Kenya","stateName":"Kirinyaga","name":"Kerugoya","lat":-0.49887,"lon":37.28031,"geocoding":{},"distantMaxMiles":5},"Sagana":{"countryName":"Kenya","stateName":"Kirinyaga","name":"Sagana","lat":-0.66806,"lon":37.20875,"geocoding":{},"distantMaxMiles":5}}},"Kisii":{"countryName":"Kenya","name":"Kisii","isoCode":"16","lat":-0.677334,"lon":34.779603,"geocoding":{},"distantMaxMiles":5,"cities":{"Kisii":{"countryName":"Kenya","stateName":"Kisii","name":"Kisii","lat":-0.68174,"lon":34.76666,"geocoding":{},"distantMaxMiles":5},"Ogembo":{"countryName":"Kenya","stateName":"Kisii","name":"Ogembo","lat":-0.80116,"lon":34.72579,"geocoding":{},"distantMaxMiles":5}}},"Kisumu":{"countryName":"Kenya","name":"Kisumu","isoCode":"17","lat":-0.0917016,"lon":34.7679568,"geocoding":{},"distantMaxMiles":5,"cities":{"Ahero":{"countryName":"Kenya","stateName":"Kisumu","name":"Ahero","lat":-0.17359,"lon":34.9189,"geocoding":{},"distantMaxMiles":5},"Kisumu":{"countryName":"Kenya","stateName":"Kisumu","name":"Kisumu","lat":-0.10221,"lon":34.76171,"geocoding":{},"distantMaxMiles":5},"Muhoroni":{"countryName":"Kenya","stateName":"Kisumu","name":"Muhoroni","lat":-0.15816,"lon":35.19645,"geocoding":{},"distantMaxMiles":5}}},"Kitui":{"countryName":"Kenya","name":"Kitui","isoCode":"18","lat":-1.6832822,"lon":38.3165725,"geocoding":{},"distantMaxMiles":5,"cities":{"Kitui":{"countryName":"Kenya","stateName":"Kitui","name":"Kitui","lat":-1.36696,"lon":38.01055,"geocoding":{},"distantMaxMiles":5},"Mwingi":{"countryName":"Kenya","stateName":"Kitui","name":"Mwingi","lat":-0.93605,"lon":38.05955,"geocoding":{},"distantMaxMiles":5}}},"Kwale":{"countryName":"Kenya","name":"Kwale","isoCode":"19","lat":-4.1816115,"lon":39.4605612,"geocoding":{},"distantMaxMiles":5,"cities":{"Gazi":{"countryName":"Kenya","stateName":"Kwale","name":"Gazi","lat":-4.42402,"lon":39.50588,"geocoding":{},"distantMaxMiles":5},"Kinango":{"countryName":"Kenya","stateName":"Kwale","name":"Kinango","lat":-4.13723,"lon":39.31528,"geocoding":{},"distantMaxMiles":5},"Kwale":{"countryName":"Kenya","stateName":"Kwale","name":"Kwale","lat":-4.17375,"lon":39.45206,"geocoding":{},"distantMaxMiles":5},"Sawa Sawa":{"countryName":"Kenya","stateName":"Kwale","name":"Sawa Sawa","lat":-4.47166,"lon":39.48463,"geocoding":{},"distantMaxMiles":5},"Shimoni":{"countryName":"Kenya","stateName":"Kwale","name":"Shimoni","lat":-4.64756,"lon":39.38175,"geocoding":{},"distantMaxMiles":5}}},"Laikipia":{"countryName":"Kenya","name":"Laikipia","isoCode":"20","lat":0.3606063,"lon":36.7819505,"geocoding":{},"distantMaxMiles":5,"cities":{"Nanyuki":{"countryName":"Kenya","stateName":"Laikipia","name":"Nanyuki","lat":0.00624,"lon":37.07398,"geocoding":{},"distantMaxMiles":5},"Nyahururu":{"countryName":"Kenya","stateName":"Laikipia","name":"Nyahururu","lat":0.03813,"lon":36.36339,"geocoding":{},"distantMaxMiles":5},"Rumuruti":{"countryName":"Kenya","stateName":"Laikipia","name":"Rumuruti","lat":0.2725,"lon":36.53806,"geocoding":{},"distantMaxMiles":5}}},"Lamu":{"countryName":"Kenya","name":"Lamu","isoCode":"21","lat":-2.2355058,"lon":40.4720004,"geocoding":{},"distantMaxMiles":5,"cities":{"Lamu":{"countryName":"Kenya","stateName":"Lamu","name":"Lamu","lat":-2.27169,"lon":40.90201,"geocoding":{},"distantMaxMiles":5},"Witu":{"countryName":"Kenya","stateName":"Lamu","name":"Witu","lat":-2.38892,"lon":40.43827,"geocoding":{},"distantMaxMiles":5}}},"Machakos":{"countryName":"Kenya","name":"Machakos","isoCode":"22","lat":-1.5176837,"lon":37.2634146,"geocoding":{},"distantMaxMiles":5,"cities":{"Athi River":{"countryName":"Kenya","stateName":"Machakos","name":"Athi River","lat":-1.4563,"lon":36.97826,"geocoding":{},"distantMaxMiles":5},"Kangundo":{"countryName":"Kenya","stateName":"Machakos","name":"Kangundo","lat":-1.30342,"lon":37.34813,"geocoding":{},"distantMaxMiles":5},"Konza":{"countryName":"Kenya","stateName":"Machakos","name":"Konza","lat":-1.73947,"lon":37.13195,"geocoding":{},"distantMaxMiles":5},"Machakos":{"countryName":"Kenya","stateName":"Machakos","name":"Machakos","lat":-1.52233,"lon":37.26521,"geocoding":{},"distantMaxMiles":5}}},"Makueni":{"countryName":"Kenya","name":"Makueni","isoCode":"23","lat":-2.2558734,"lon":37.8936663,"geocoding":{},"distantMaxMiles":5,"cities":{"Makueni Boma":{"countryName":"Kenya","stateName":"Makueni","name":"Makueni Boma","lat":-1.80388,"lon":37.62405,"geocoding":{},"distantMaxMiles":5},"Mtito Andei":{"countryName":"Kenya","stateName":"Makueni","name":"Mtito Andei","lat":-2.68987,"lon":38.16687,"geocoding":{},"distantMaxMiles":5},"Wote":{"countryName":"Kenya","stateName":"Makueni","name":"Wote","lat":-1.78079,"lon":37.62882,"geocoding":{},"distantMaxMiles":5}}},"Mandera":{"countryName":"Kenya","name":"Mandera","isoCode":"24","lat":3.5737991,"lon":40.958688,"geocoding":{},"distantMaxMiles":5,"cities":{"Mandera":{"countryName":"Kenya","stateName":"Mandera","name":"Mandera","lat":3.93726,"lon":41.85688,"geocoding":{},"distantMaxMiles":5}}},"Marsabit":{"countryName":"Kenya","name":"Marsabit","isoCode":"25","lat":2.4426403,"lon":37.9784585,"geocoding":{},"distantMaxMiles":5,"cities":{"Marsabit":{"countryName":"Kenya","stateName":"Marsabit","name":"Marsabit","lat":2.33468,"lon":37.99086,"geocoding":{},"distantMaxMiles":5},"Moyale":{"countryName":"Kenya","stateName":"Marsabit","name":"Moyale","lat":3.52661,"lon":39.0561,"geocoding":{},"distantMaxMiles":5}}},"Meru":{"countryName":"Kenya","name":"Meru","isoCode":"26","lat":0.3557174,"lon":37.8087693,"geocoding":{},"distantMaxMiles":5,"cities":{"Maua":{"countryName":"Kenya","stateName":"Meru","name":"Maua","lat":0.2332,"lon":37.94086,"geocoding":{},"distantMaxMiles":5},"Meru":{"countryName":"Kenya","stateName":"Meru","name":"Meru","lat":0.04626,"lon":37.65587,"geocoding":{},"distantMaxMiles":5}}},"Migori":{"countryName":"Kenya","name":"Migori","isoCode":"27","lat":-0.9365702,"lon":34.4198243,"geocoding":{},"distantMaxMiles":5,"cities":{"Kihancha":{"countryName":"Kenya","stateName":"Migori","name":"Kihancha","lat":-1.19347,"lon":34.61967,"geocoding":{},"distantMaxMiles":5},"Migori":{"countryName":"Kenya","stateName":"Migori","name":"Migori","lat":-1.06343,"lon":34.47313,"geocoding":{},"distantMaxMiles":5}}},"Mombasa":{"countryName":"Kenya","name":"Mombasa","isoCode":"28","lat":-3.9768291,"lon":39.7137181,"geocoding":{},"distantMaxMiles":5,"cities":{"Mombasa":{"countryName":"Kenya","stateName":"Mombasa","name":"Mombasa","lat":-4.05466,"lon":39.66359,"geocoding":{},"distantMaxMiles":5}}},"Murang'a":{"countryName":"Kenya","name":"Murang'a","isoCode":"29","lat":-0.7839281,"lon":37.0400339,"geocoding":{},"distantMaxMiles":5,"cities":{"Kangema":{"countryName":"Kenya","stateName":"Murang'a","name":"Kangema","lat":-0.68553,"lon":36.96463,"geocoding":{},"distantMaxMiles":5},"Karuri":{"countryName":"Kenya","stateName":"Murang'a","name":"Karuri","lat":-0.7,"lon":37.18333,"geocoding":{},"distantMaxMiles":5},"Maragua":{"countryName":"Kenya","stateName":"Murang'a","name":"Maragua","lat":-0.79602,"lon":37.13292,"geocoding":{},"distantMaxMiles":5},"Murang’a":{"countryName":"Kenya","stateName":"Murang'a","name":"Murang’a","lat":-0.72104,"lon":37.15259,"geocoding":{},"distantMaxMiles":5}}},"Nairobi City":{"countryName":"Kenya","name":"Nairobi City","isoCode":"30","lat":-1.2920659,"lon":36.8219462,"geocoding":{},"distantMaxMiles":5,"cities":{"Nairobi":{"countryName":"Kenya","stateName":"Nairobi City","name":"Nairobi","lat":-1.28333,"lon":36.81667,"geocoding":{},"distantMaxMiles":5}}},"Nakuru":{"countryName":"Kenya","name":"Nakuru","isoCode":"31","lat":-0.3030988,"lon":36.080026,"geocoding":{},"distantMaxMiles":5,"cities":{"Kijabe":{"countryName":"Kenya","stateName":"Nakuru","name":"Kijabe","lat":-0.93334,"lon":36.57233,"geocoding":{},"distantMaxMiles":5},"Molo":{"countryName":"Kenya","stateName":"Nakuru","name":"Molo","lat":-0.24849,"lon":35.73194,"geocoding":{},"distantMaxMiles":5},"Naivasha":{"countryName":"Kenya","stateName":"Nakuru","name":"Naivasha","lat":-0.71383,"lon":36.43261,"geocoding":{},"distantMaxMiles":5},"Nakuru":{"countryName":"Kenya","stateName":"Nakuru","name":"Nakuru","lat":-0.30719,"lon":36.07225,"geocoding":{},"distantMaxMiles":5},"Rongai":{"countryName":"Kenya","stateName":"Nakuru","name":"Rongai","lat":-0.17344,"lon":35.86313,"geocoding":{},"distantMaxMiles":5}}},"Nandi":{"countryName":"Kenya","name":"Nandi","isoCode":"32","lat":0.1835867,"lon":35.1268781,"geocoding":{},"distantMaxMiles":5,"cities":{"Kapsabet":{"countryName":"Kenya","stateName":"Nandi","name":"Kapsabet","lat":0.20387,"lon":35.105,"geocoding":{},"distantMaxMiles":5},"Nandi Hills":{"countryName":"Kenya","stateName":"Nandi","name":"Nandi Hills","lat":0.10366,"lon":35.18426,"geocoding":{},"distantMaxMiles":5}}},"Narok":{"countryName":"Kenya","name":"Narok","isoCode":"33","lat":-1.104111,"lon":36.0893406,"geocoding":{},"distantMaxMiles":5,"cities":{"Narok":{"countryName":"Kenya","stateName":"Narok","name":"Narok","lat":-1.08083,"lon":35.87111,"geocoding":{},"distantMaxMiles":5}}},"Nyamira":{"countryName":"Kenya","name":"Nyamira","isoCode":"34","lat":-0.5669405,"lon":34.9341234,"geocoding":{},"distantMaxMiles":5,"cities":{"Keroka":{"countryName":"Kenya","stateName":"Nyamira","name":"Keroka","lat":-0.77612,"lon":34.94678,"geocoding":{},"distantMaxMiles":5},"Nyamira":{"countryName":"Kenya","stateName":"Nyamira","name":"Nyamira","lat":-0.56333,"lon":34.93583,"geocoding":{},"distantMaxMiles":5}}},"Nyandarua":{"countryName":"Kenya","name":"Nyandarua","isoCode":"35","lat":-0.1803855,"lon":36.5229641,"geocoding":{},"distantMaxMiles":5,"cities":{"Ol Kalou":{"countryName":"Kenya","stateName":"Nyandarua","name":"Ol Kalou","lat":-0.27088,"lon":36.37917,"geocoding":{},"distantMaxMiles":5}}},"Nyeri":{"countryName":"Kenya","name":"Nyeri","isoCode":"36","lat":-0.4196915,"lon":37.0400339,"geocoding":{},"distantMaxMiles":5,"cities":{"Naro Moru":{"countryName":"Kenya","stateName":"Nyeri","name":"Naro Moru","lat":-0.16357,"lon":37.01773,"geocoding":{},"distantMaxMiles":5},"Nyeri":{"countryName":"Kenya","stateName":"Nyeri","name":"Nyeri","lat":-0.42013,"lon":36.94759,"geocoding":{},"distantMaxMiles":5},"Othaya":{"countryName":"Kenya","stateName":"Nyeri","name":"Othaya","lat":-0.54655,"lon":36.93178,"geocoding":{},"distantMaxMiles":5}}},"Samburu":{"countryName":"Kenya","name":"Samburu","isoCode":"37","lat":1.2154506,"lon":36.954107,"geocoding":{},"distantMaxMiles":5,"cities":{"Maralal":{"countryName":"Kenya","stateName":"Samburu","name":"Maralal","lat":1.09667,"lon":36.69806,"geocoding":{},"distantMaxMiles":5}}},"Siaya":{"countryName":"Kenya","name":"Siaya","isoCode":"38","lat":-0.0617328,"lon":34.2421597,"geocoding":{},"distantMaxMiles":5,"cities":{"Bondo":{"countryName":"Kenya","stateName":"Siaya","name":"Bondo","lat":0.23522,"lon":34.28086,"geocoding":{},"distantMaxMiles":5},"Siaya":{"countryName":"Kenya","stateName":"Siaya","name":"Siaya","lat":0.0607,"lon":34.28806,"geocoding":{},"distantMaxMiles":5},"Yala":{"countryName":"Kenya","stateName":"Siaya","name":"Yala","lat":0.09438,"lon":34.53602,"geocoding":{},"distantMaxMiles":5}}},"Taita–Taveta":{"countryName":"Kenya","name":"Taita–Taveta","isoCode":"39","lat":-3.3160687,"lon":38.4849923,"geocoding":{},"distantMaxMiles":5,"cities":{}},"Tana River":{"countryName":"Kenya","name":"Tana River","isoCode":"40","lat":-1.6518468,"lon":39.6518165,"geocoding":{},"distantMaxMiles":5,"cities":{"Hola":{"countryName":"Kenya","stateName":"Tana River","name":"Hola","lat":-1.48256,"lon":40.03341,"geocoding":{},"distantMaxMiles":5},"Kipini":{"countryName":"Kenya","stateName":"Tana River","name":"Kipini","lat":-2.52565,"lon":40.5262,"geocoding":{},"distantMaxMiles":5}}},"Tharaka-Nithi":{"countryName":"Kenya","name":"Tharaka-Nithi","isoCode":"41","lat":-0.2964851,"lon":37.7237678,"geocoding":{},"distantMaxMiles":5,"cities":{"Chuka":{"countryName":"Kenya","stateName":"Tharaka-Nithi","name":"Chuka","lat":-0.33316,"lon":37.64587,"geocoding":{},"distantMaxMiles":5}}},"Trans Nzoia":{"countryName":"Kenya","name":"Trans Nzoia","isoCode":"42","lat":1.0566667,"lon":34.9506625,"geocoding":{},"distantMaxMiles":5,"cities":{"Kitale":{"countryName":"Kenya","stateName":"Trans Nzoia","name":"Kitale","lat":1.01572,"lon":35.00622,"geocoding":{},"distantMaxMiles":5}}},"Turkana":{"countryName":"Kenya","name":"Turkana","isoCode":"43","lat":3.3122477,"lon":35.5657862,"geocoding":{},"distantMaxMiles":5,"cities":{"Lodwar":{"countryName":"Kenya","stateName":"Turkana","name":"Lodwar","lat":3.11988,"lon":35.59642,"geocoding":{},"distantMaxMiles":5}}},"Uasin Gishu":{"countryName":"Kenya","name":"Uasin Gishu","isoCode":"44","lat":0.5527638,"lon":35.3027226,"geocoding":{},"distantMaxMiles":5,"cities":{"Eldoret":{"countryName":"Kenya","stateName":"Uasin Gishu","name":"Eldoret","lat":0.52036,"lon":35.26993,"geocoding":{},"distantMaxMiles":5}}},"Vihiga":{"countryName":"Kenya","name":"Vihiga","isoCode":"45","lat":0.0767553,"lon":34.7077665,"geocoding":{},"distantMaxMiles":5,"cities":{}},"Wajir":{"countryName":"Kenya","name":"Wajir","isoCode":"46","lat":1.6360475,"lon":40.3088626,"geocoding":{},"distantMaxMiles":5,"cities":{"Wajir":{"countryName":"Kenya","stateName":"Wajir","name":"Wajir","lat":1.7471,"lon":40.05732,"geocoding":{},"distantMaxMiles":5}}},"West Pokot":{"countryName":"Kenya","name":"West Pokot","isoCode":"47","lat":1.6210076,"lon":35.3905046,"geocoding":{},"distantMaxMiles":5,"cities":{"Chepareria":{"countryName":"Kenya","stateName":"West Pokot","name":"Chepareria","lat":1.30583,"lon":35.20365,"geocoding":{},"distantMaxMiles":5},"Kapenguria":{"countryName":"Kenya","stateName":"West Pokot","name":"Kapenguria","lat":1.23889,"lon":35.11194,"geocoding":{},"distantMaxMiles":5},"Taveta":{"countryName":"Kenya","stateName":"West Pokot","name":"Taveta","lat":-3.39879,"lon":37.68336,"geocoding":{},"distantMaxMiles":5},"Voi":{"countryName":"Kenya","stateName":"West Pokot","name":"Voi","lat":-3.39605,"lon":38.55609,"geocoding":{},"distantMaxMiles":5},"Wundanyi":{"countryName":"Kenya","stateName":"West Pokot","name":"Wundanyi","lat":-3.39642,"lon":38.35729,"geocoding":{},"distantMaxMiles":5}}}}}