{"name":"Paraguay","isoCode":"PY","lat":-23,"lon":-58,"geocoding":{},"distantMaxMiles":5,"states":{"Alto Paraguay Department":{"countryName":"Paraguay","name":"Alto Paraguay Department","isoCode":"16","lat":-20.0852508,"lon":-59.4720904,"geocoding":{},"distantMaxMiles":5,"cities":{"Capitán Pablo Lagerenza":{"countryName":"Paraguay","stateName":"Alto Paraguay Department","name":"Capitán Pablo Lagerenza","lat":-19.91667,"lon":-60.78333,"geocoding":{},"distantMaxMiles":5},"Fuerte Olimpo":{"countryName":"Paraguay","stateName":"Alto Paraguay Department","name":"Fuerte Olimpo","lat":-21.04153,"lon":-57.87377,"geocoding":{},"distantMaxMiles":5}}},"Alto Paraná Department":{"countryName":"Paraguay","name":"Alto Paraná Department","isoCode":"10","lat":-25.6075546,"lon":-54.9611836,"geocoding":{},"distantMaxMiles":5,"cities":{"Cedrales":{"countryName":"Paraguay","stateName":"Alto Paraná Department","name":"Cedrales","lat":-25.65668,"lon":-54.72272,"geocoding":{},"distantMaxMiles":5},"Ciudad del Este":{"countryName":"Paraguay","stateName":"Alto Paraná Department","name":"Ciudad del Este","lat":-25.50972,"lon":-54.61111,"geocoding":{},"distantMaxMiles":5},"Colonia Minga Porá":{"countryName":"Paraguay","stateName":"Alto Paraná Department","name":"Colonia Minga Porá","lat":-24.86667,"lon":-54.9,"geocoding":{},"distantMaxMiles":5},"Doctor Juan León Mallorquín":{"countryName":"Paraguay","stateName":"Alto Paraná Department","name":"Doctor Juan León Mallorquín","lat":-25.43053,"lon":-55.25412,"geocoding":{},"distantMaxMiles":5},"Itakyry":{"countryName":"Paraguay","stateName":"Alto Paraná Department","name":"Itakyry","lat":-24.98611,"lon":-55.14963,"geocoding":{},"distantMaxMiles":5},"Naranjal":{"countryName":"Paraguay","stateName":"Alto Paraná Department","name":"Naranjal","lat":-25.96667,"lon":-55.18333,"geocoding":{},"distantMaxMiles":5},"Presidente Franco":{"countryName":"Paraguay","stateName":"Alto Paraná Department","name":"Presidente Franco","lat":-25.56384,"lon":-54.61097,"geocoding":{},"distantMaxMiles":5},"San Alberto":{"countryName":"Paraguay","stateName":"Alto Paraná Department","name":"San Alberto","lat":-24.96667,"lon":-54.9,"geocoding":{},"distantMaxMiles":5},"Santa Rita":{"countryName":"Paraguay","stateName":"Alto Paraná Department","name":"Santa Rita","lat":-25.78333,"lon":-55.06667,"geocoding":{},"distantMaxMiles":5},"Yguazú":{"countryName":"Paraguay","stateName":"Alto Paraná Department","name":"Yguazú","lat":-25.46187,"lon":-55.00007,"geocoding":{},"distantMaxMiles":5}}},"Amambay Department":{"countryName":"Paraguay","name":"Amambay Department","isoCode":"13","lat":-22.5590272,"lon":-56.0249982,"geocoding":{},"distantMaxMiles":5,"cities":{"Bella Vista":{"countryName":"Paraguay","stateName":"Amambay Department","name":"Bella Vista","lat":-22.13333,"lon":-56.51667,"geocoding":{},"distantMaxMiles":5},"Capitán Bado":{"countryName":"Paraguay","stateName":"Amambay Department","name":"Capitán Bado","lat":-23.26667,"lon":-55.53333,"geocoding":{},"distantMaxMiles":5},"Pedro Juan Caballero":{"countryName":"Paraguay","stateName":"Amambay Department","name":"Pedro Juan Caballero","lat":-22.54722,"lon":-55.73333,"geocoding":{},"distantMaxMiles":5}}},"Boquerón Department":{"countryName":"Paraguay","name":"Boquerón Department","isoCode":"19","lat":-21.7449254,"lon":-60.9540073,"geocoding":{},"distantMaxMiles":5,"cities":{"Colonia Menno":{"countryName":"Paraguay","stateName":"Boquerón Department","name":"Colonia Menno","lat":-22.36667,"lon":-59.81667,"geocoding":{},"distantMaxMiles":5},"Colonia Neuland":{"countryName":"Paraguay","stateName":"Boquerón Department","name":"Colonia Neuland","lat":-22.66667,"lon":-60.11667,"geocoding":{},"distantMaxMiles":5},"Filadelfia":{"countryName":"Paraguay","stateName":"Boquerón Department","name":"Filadelfia","lat":-22.33936,"lon":-60.03157,"geocoding":{},"distantMaxMiles":5}}},"Caaguazú":{"countryName":"Paraguay","name":"Caaguazú","isoCode":"5","lat":-25.4645818,"lon":-56.013851,"geocoding":{},"distantMaxMiles":5,"cities":{"Caaguazú":{"countryName":"Paraguay","stateName":"Caaguazú","name":"Caaguazú","lat":-25.47104,"lon":-56.01603,"geocoding":{},"distantMaxMiles":5},"Carayaó":{"countryName":"Paraguay","stateName":"Caaguazú","name":"Carayaó","lat":-25.1975,"lon":-56.39878,"geocoding":{},"distantMaxMiles":5},"Cecilio Baez":{"countryName":"Paraguay","stateName":"Caaguazú","name":"Cecilio Baez","lat":-25.07158,"lon":-56.24386,"geocoding":{},"distantMaxMiles":5},"Colonia General Alfredo Stroessner":{"countryName":"Paraguay","stateName":"Caaguazú","name":"Colonia General Alfredo Stroessner","lat":-25.36395,"lon":-55.7069,"geocoding":{},"distantMaxMiles":5},"Coronel Oviedo":{"countryName":"Paraguay","stateName":"Caaguazú","name":"Coronel Oviedo","lat":-25.44444,"lon":-56.44028,"geocoding":{},"distantMaxMiles":5},"Doctor Juan Manuel Frutos":{"countryName":"Paraguay","stateName":"Caaguazú","name":"Doctor Juan Manuel Frutos","lat":-25.3838,"lon":-55.83215,"geocoding":{},"distantMaxMiles":5},"Mbutuý":{"countryName":"Paraguay","stateName":"Caaguazú","name":"Mbutuý","lat":-24.97518,"lon":-56.30927,"geocoding":{},"distantMaxMiles":5},"Repatriación":{"countryName":"Paraguay","stateName":"Caaguazú","name":"Repatriación","lat":-25.53333,"lon":-55.95,"geocoding":{},"distantMaxMiles":5},"San Joaquín":{"countryName":"Paraguay","stateName":"Caaguazú","name":"San Joaquín","lat":-25.02853,"lon":-56.0428,"geocoding":{},"distantMaxMiles":5},"San José":{"countryName":"Paraguay","stateName":"Caaguazú","name":"San José","lat":-25.53333,"lon":-56.73333,"geocoding":{},"distantMaxMiles":5},"Yhú":{"countryName":"Paraguay","stateName":"Caaguazú","name":"Yhú","lat":-25.05784,"lon":-55.92267,"geocoding":{},"distantMaxMiles":5}}},"Caazapá":{"countryName":"Paraguay","name":"Caazapá","isoCode":"6","lat":-26.1827713,"lon":-56.3712327,"geocoding":{},"distantMaxMiles":5,"cities":{"Abaí":{"countryName":"Paraguay","stateName":"Caazapá","name":"Abaí","lat":-26.03333,"lon":-55.93333,"geocoding":{},"distantMaxMiles":5},"Buena Vista":{"countryName":"Paraguay","stateName":"Caazapá","name":"Buena Vista","lat":-26.18387,"lon":-56.08171,"geocoding":{},"distantMaxMiles":5},"Caazapá":{"countryName":"Paraguay","stateName":"Caazapá","name":"Caazapá","lat":-26.19583,"lon":-56.36806,"geocoding":{},"distantMaxMiles":5},"General Higinio Morínigo":{"countryName":"Paraguay","stateName":"Caazapá","name":"General Higinio Morínigo","lat":-25.95,"lon":-55.91667,"geocoding":{},"distantMaxMiles":5},"San Juan Nepomuceno":{"countryName":"Paraguay","stateName":"Caazapá","name":"San Juan Nepomuceno","lat":-26.11229,"lon":-55.93861,"geocoding":{},"distantMaxMiles":5},"Yegros":{"countryName":"Paraguay","stateName":"Caazapá","name":"Yegros","lat":-26.45,"lon":-56.4,"geocoding":{},"distantMaxMiles":5},"Yuty":{"countryName":"Paraguay","stateName":"Caazapá","name":"Yuty","lat":-26.61471,"lon":-56.24607,"geocoding":{},"distantMaxMiles":5}}},"Canindeyú":{"countryName":"Paraguay","name":"Canindeyú","isoCode":"14","lat":-24.1378735,"lon":-55.6689636,"geocoding":{},"distantMaxMiles":5,"cities":{"Colonia Catuete":{"countryName":"Paraguay","stateName":"Canindeyú","name":"Colonia Catuete","lat":-24.13333,"lon":-54.61667,"geocoding":{},"distantMaxMiles":5},"Corpus Christi":{"countryName":"Paraguay","stateName":"Canindeyú","name":"Corpus Christi","lat":-24.0804,"lon":-54.93933,"geocoding":{},"distantMaxMiles":5},"La Paloma":{"countryName":"Paraguay","stateName":"Canindeyú","name":"La Paloma","lat":-24.12957,"lon":-54.61376,"geocoding":{},"distantMaxMiles":5},"Nueva Esperanza":{"countryName":"Paraguay","stateName":"Canindeyú","name":"Nueva Esperanza","lat":-24.5076,"lon":-54.8551,"geocoding":{},"distantMaxMiles":5},"Salto del Guairá":{"countryName":"Paraguay","stateName":"Canindeyú","name":"Salto del Guairá","lat":-24.0625,"lon":-54.30694,"geocoding":{},"distantMaxMiles":5},"San Isidro de Curuguaty":{"countryName":"Paraguay","stateName":"Canindeyú","name":"San Isidro de Curuguaty","lat":-24.47184,"lon":-55.69227,"geocoding":{},"distantMaxMiles":5},"Ygatimi":{"countryName":"Paraguay","stateName":"Canindeyú","name":"Ygatimi","lat":-24.12371,"lon":-55.64418,"geocoding":{},"distantMaxMiles":5}}},"Central Department":{"countryName":"Paraguay","name":"Central Department","isoCode":"11","lat":36.1559229,"lon":-95.9662075,"geocoding":{},"distantMaxMiles":5,"cities":{"Areguá":{"countryName":"Paraguay","stateName":"Central Department","name":"Areguá","lat":-25.3125,"lon":-57.38472,"geocoding":{},"distantMaxMiles":5},"Capiatá":{"countryName":"Paraguay","stateName":"Central Department","name":"Capiatá","lat":-25.3552,"lon":-57.44545,"geocoding":{},"distantMaxMiles":5},"Fernando de la Mora":{"countryName":"Paraguay","stateName":"Central Department","name":"Fernando de la Mora","lat":-25.3386,"lon":-57.52167,"geocoding":{},"distantMaxMiles":5},"Guarambaré":{"countryName":"Paraguay","stateName":"Central Department","name":"Guarambaré","lat":-25.49096,"lon":-57.45567,"geocoding":{},"distantMaxMiles":5},"Itauguá":{"countryName":"Paraguay","stateName":"Central Department","name":"Itauguá","lat":-25.39258,"lon":-57.35421,"geocoding":{},"distantMaxMiles":5},"Itá":{"countryName":"Paraguay","stateName":"Central Department","name":"Itá","lat":-25.50054,"lon":-57.36717,"geocoding":{},"distantMaxMiles":5},"Lambaré":{"countryName":"Paraguay","stateName":"Central Department","name":"Lambaré","lat":-25.34682,"lon":-57.60647,"geocoding":{},"distantMaxMiles":5},"Limpio":{"countryName":"Paraguay","stateName":"Central Department","name":"Limpio","lat":-25.16611,"lon":-57.48562,"geocoding":{},"distantMaxMiles":5},"Mariano Roque Alonso":{"countryName":"Paraguay","stateName":"Central Department","name":"Mariano Roque Alonso","lat":-25.20791,"lon":-57.53202,"geocoding":{},"distantMaxMiles":5},"Nemby":{"countryName":"Paraguay","stateName":"Central Department","name":"Nemby","lat":-25.3949,"lon":-57.53574,"geocoding":{},"distantMaxMiles":5},"Nueva Italia":{"countryName":"Paraguay","stateName":"Central Department","name":"Nueva Italia","lat":-25.6108,"lon":-57.46563,"geocoding":{},"distantMaxMiles":5},"San Antonio":{"countryName":"Paraguay","stateName":"Central Department","name":"San Antonio","lat":-25.42126,"lon":-57.54725,"geocoding":{},"distantMaxMiles":5},"San Lorenzo":{"countryName":"Paraguay","stateName":"Central Department","name":"San Lorenzo","lat":-25.33968,"lon":-57.50879,"geocoding":{},"distantMaxMiles":5},"Villa Elisa":{"countryName":"Paraguay","stateName":"Central Department","name":"Villa Elisa","lat":-25.3676,"lon":-57.59274,"geocoding":{},"distantMaxMiles":5},"Ypacarai":{"countryName":"Paraguay","stateName":"Central Department","name":"Ypacarai","lat":-25.40777,"lon":-57.28889,"geocoding":{},"distantMaxMiles":5}}},"Concepción Department":{"countryName":"Paraguay","name":"Concepción Department","isoCode":"1","lat":-23.4214264,"lon":-57.4344451,"geocoding":{},"distantMaxMiles":5,"cities":{"Belén":{"countryName":"Paraguay","stateName":"Concepción Department","name":"Belén","lat":-23.46611,"lon":-57.26194,"geocoding":{},"distantMaxMiles":5},"Concepción":{"countryName":"Paraguay","stateName":"Concepción Department","name":"Concepción","lat":-23.39985,"lon":-57.43236,"geocoding":{},"distantMaxMiles":5},"Horqueta":{"countryName":"Paraguay","stateName":"Concepción Department","name":"Horqueta","lat":-23.34278,"lon":-57.05972,"geocoding":{},"distantMaxMiles":5}}},"Cordillera Department":{"countryName":"Paraguay","name":"Cordillera Department","isoCode":"3","lat":-25.2289491,"lon":-57.0111681,"geocoding":{},"distantMaxMiles":5,"cities":{"Altos":{"countryName":"Paraguay","stateName":"Cordillera Department","name":"Altos","lat":-25.26263,"lon":-57.25443,"geocoding":{},"distantMaxMiles":5},"Arroyos y Esteros":{"countryName":"Paraguay","stateName":"Cordillera Department","name":"Arroyos y Esteros","lat":-25.05478,"lon":-57.09873,"geocoding":{},"distantMaxMiles":5},"Atyrá":{"countryName":"Paraguay","stateName":"Cordillera Department","name":"Atyrá","lat":-25.27876,"lon":-57.17192,"geocoding":{},"distantMaxMiles":5},"Caacupé":{"countryName":"Paraguay","stateName":"Cordillera Department","name":"Caacupé","lat":-25.38575,"lon":-57.14217,"geocoding":{},"distantMaxMiles":5},"Caraguatay":{"countryName":"Paraguay","stateName":"Cordillera Department","name":"Caraguatay","lat":-25.23844,"lon":-56.82693,"geocoding":{},"distantMaxMiles":5},"Emboscada":{"countryName":"Paraguay","stateName":"Cordillera Department","name":"Emboscada","lat":-25.15,"lon":-57.35,"geocoding":{},"distantMaxMiles":5},"Eusebio Ayala":{"countryName":"Paraguay","stateName":"Cordillera Department","name":"Eusebio Ayala","lat":-25.38276,"lon":-56.96088,"geocoding":{},"distantMaxMiles":5},"Isla Pucú":{"countryName":"Paraguay","stateName":"Cordillera Department","name":"Isla Pucú","lat":-25.30853,"lon":-56.89986,"geocoding":{},"distantMaxMiles":5},"Itacurubí de la Cordillera":{"countryName":"Paraguay","stateName":"Cordillera Department","name":"Itacurubí de la Cordillera","lat":-25.46158,"lon":-56.85333,"geocoding":{},"distantMaxMiles":5},"Piribebuy":{"countryName":"Paraguay","stateName":"Cordillera Department","name":"Piribebuy","lat":-25.46498,"lon":-57.04183,"geocoding":{},"distantMaxMiles":5},"San Bernardino":{"countryName":"Paraguay","stateName":"Cordillera Department","name":"San Bernardino","lat":-25.31067,"lon":-57.29628,"geocoding":{},"distantMaxMiles":5},"Santa Elena":{"countryName":"Paraguay","stateName":"Cordillera Department","name":"Santa Elena","lat":-25.41327,"lon":-56.79708,"geocoding":{},"distantMaxMiles":5},"Tobatí":{"countryName":"Paraguay","stateName":"Cordillera Department","name":"Tobatí","lat":-25.26111,"lon":-57.08329,"geocoding":{},"distantMaxMiles":5}}},"Guairá Department":{"countryName":"Paraguay","name":"Guairá Department","isoCode":"4","lat":-25.8810932,"lon":-56.2929381,"geocoding":{},"distantMaxMiles":5,"cities":{"Colonia Mauricio José Troche":{"countryName":"Paraguay","stateName":"Guairá Department","name":"Colonia Mauricio José Troche","lat":-25.56667,"lon":-56.28333,"geocoding":{},"distantMaxMiles":5},"Coronel Martínez":{"countryName":"Paraguay","stateName":"Guairá Department","name":"Coronel Martínez","lat":-25.75862,"lon":-56.61677,"geocoding":{},"distantMaxMiles":5},"Independencia":{"countryName":"Paraguay","stateName":"Guairá Department","name":"Independencia","lat":-25.691,"lon":-56.26781,"geocoding":{},"distantMaxMiles":5},"Itapé":{"countryName":"Paraguay","stateName":"Guairá Department","name":"Itapé","lat":-25.85172,"lon":-56.61385,"geocoding":{},"distantMaxMiles":5},"Iturbe":{"countryName":"Paraguay","stateName":"Guairá Department","name":"Iturbe","lat":-26.05508,"lon":-56.48463,"geocoding":{},"distantMaxMiles":5},"Mbocayaty":{"countryName":"Paraguay","stateName":"Guairá Department","name":"Mbocayaty","lat":-25.71938,"lon":-56.42179,"geocoding":{},"distantMaxMiles":5},"Natalicio Talavera":{"countryName":"Paraguay","stateName":"Guairá Department","name":"Natalicio Talavera","lat":-25.63333,"lon":-56.3,"geocoding":{},"distantMaxMiles":5},"Villarrica":{"countryName":"Paraguay","stateName":"Guairá Department","name":"Villarrica","lat":-25.74946,"lon":-56.43518,"geocoding":{},"distantMaxMiles":5}}},"Itapúa":{"countryName":"Paraguay","name":"Itapúa","isoCode":"7","lat":-26.7923623,"lon":-55.6689636,"geocoding":{},"distantMaxMiles":5,"cities":{"Arquitecto Tomás Romero Pereira":{"countryName":"Paraguay","stateName":"Itapúa","name":"Arquitecto Tomás Romero Pereira","lat":-26.48333,"lon":-55.25,"geocoding":{},"distantMaxMiles":5},"Bella Vista":{"countryName":"Paraguay","stateName":"Itapúa","name":"Bella Vista","lat":-27.05,"lon":-55.55,"geocoding":{},"distantMaxMiles":5},"Capitán Miranda":{"countryName":"Paraguay","stateName":"Itapúa","name":"Capitán Miranda","lat":-27.2,"lon":-55.8,"geocoding":{},"distantMaxMiles":5},"Carmen del Paraná":{"countryName":"Paraguay","stateName":"Itapúa","name":"Carmen del Paraná","lat":-27.22232,"lon":-56.15243,"geocoding":{},"distantMaxMiles":5},"Colonia Carlos Antonio López":{"countryName":"Paraguay","stateName":"Itapúa","name":"Colonia Carlos Antonio López","lat":-26.39853,"lon":-54.7569,"geocoding":{},"distantMaxMiles":5},"Colonia San Lorenzo":{"countryName":"Paraguay","stateName":"Itapúa","name":"Colonia San Lorenzo","lat":-26.49324,"lon":-54.79989,"geocoding":{},"distantMaxMiles":5},"Edelira":{"countryName":"Paraguay","stateName":"Itapúa","name":"Edelira","lat":-26.76734,"lon":-55.27872,"geocoding":{},"distantMaxMiles":5},"Encarnación":{"countryName":"Paraguay","stateName":"Itapúa","name":"Encarnación","lat":-27.33056,"lon":-55.86667,"geocoding":{},"distantMaxMiles":5},"Fram":{"countryName":"Paraguay","stateName":"Itapúa","name":"Fram","lat":-26.98333,"lon":-55.88333,"geocoding":{},"distantMaxMiles":5},"General Artigas":{"countryName":"Paraguay","stateName":"Itapúa","name":"General Artigas","lat":-26.93522,"lon":-56.22168,"geocoding":{},"distantMaxMiles":5},"General Delgado":{"countryName":"Paraguay","stateName":"Itapúa","name":"General Delgado","lat":-27.09046,"lon":-56.52474,"geocoding":{},"distantMaxMiles":5},"Hohenau":{"countryName":"Paraguay","stateName":"Itapúa","name":"Hohenau","lat":-27.07315,"lon":-55.64247,"geocoding":{},"distantMaxMiles":5},"Jesús":{"countryName":"Paraguay","stateName":"Itapúa","name":"Jesús","lat":-27.05598,"lon":-55.7413,"geocoding":{},"distantMaxMiles":5},"Natalio":{"countryName":"Paraguay","stateName":"Itapúa","name":"Natalio","lat":-26.75702,"lon":-55.13777,"geocoding":{},"distantMaxMiles":5},"Obligado":{"countryName":"Paraguay","stateName":"Itapúa","name":"Obligado","lat":-27.03333,"lon":-55.63333,"geocoding":{},"distantMaxMiles":5},"Pirapó":{"countryName":"Paraguay","stateName":"Itapúa","name":"Pirapó","lat":-26.86012,"lon":-55.54357,"geocoding":{},"distantMaxMiles":5},"Puerto Mayor Otaño":{"countryName":"Paraguay","stateName":"Itapúa","name":"Puerto Mayor Otaño","lat":-26.4,"lon":-54.7,"geocoding":{},"distantMaxMiles":5},"San Cosme y Damián":{"countryName":"Paraguay","stateName":"Itapúa","name":"San Cosme y Damián","lat":-27.31741,"lon":-56.33087,"geocoding":{},"distantMaxMiles":5},"San Juan del Paraná":{"countryName":"Paraguay","stateName":"Itapúa","name":"San Juan del Paraná","lat":-27.30168,"lon":-55.96509,"geocoding":{},"distantMaxMiles":5},"San Pedro del Paraná":{"countryName":"Paraguay","stateName":"Itapúa","name":"San Pedro del Paraná","lat":-26.83268,"lon":-56.20575,"geocoding":{},"distantMaxMiles":5},"Trinidad":{"countryName":"Paraguay","stateName":"Itapúa","name":"Trinidad","lat":-27.11667,"lon":-55.78333,"geocoding":{},"distantMaxMiles":5}}},"Misiones Department":{"countryName":"Paraguay","name":"Misiones Department","isoCode":"8","lat":-26.8433512,"lon":-57.1013188,"geocoding":{},"distantMaxMiles":5,"cities":{"Juan de Ayolas":{"countryName":"Paraguay","stateName":"Misiones Department","name":"Juan de Ayolas","lat":-27.38662,"lon":-56.84724,"geocoding":{},"distantMaxMiles":5},"San Juan Bautista":{"countryName":"Paraguay","stateName":"Misiones Department","name":"San Juan Bautista","lat":-26.66944,"lon":-57.14583,"geocoding":{},"distantMaxMiles":5},"San Miguel":{"countryName":"Paraguay","stateName":"Misiones Department","name":"San Miguel","lat":-26.5,"lon":-57.05,"geocoding":{},"distantMaxMiles":5},"San Patricio":{"countryName":"Paraguay","stateName":"Misiones Department","name":"San Patricio","lat":-26.96667,"lon":-56.81667,"geocoding":{},"distantMaxMiles":5},"Santa María":{"countryName":"Paraguay","stateName":"Misiones Department","name":"Santa María","lat":-26.78333,"lon":-56.93333,"geocoding":{},"distantMaxMiles":5},"Santa Rosa Misiones":{"countryName":"Paraguay","stateName":"Misiones Department","name":"Santa Rosa Misiones","lat":-26.8873,"lon":-56.84905,"geocoding":{},"distantMaxMiles":5},"Santiago":{"countryName":"Paraguay","stateName":"Misiones Department","name":"Santiago","lat":-27.1431,"lon":-56.76803,"geocoding":{},"distantMaxMiles":5},"Villa Florida":{"countryName":"Paraguay","stateName":"Misiones Department","name":"Villa Florida","lat":-26.38333,"lon":-57.15,"geocoding":{},"distantMaxMiles":5}}},"Paraguarí Department":{"countryName":"Paraguay","name":"Paraguarí Department","isoCode":"9","lat":-25.6262174,"lon":-57.1520642,"geocoding":{},"distantMaxMiles":5,"cities":{"Acahay":{"countryName":"Paraguay","stateName":"Paraguarí Department","name":"Acahay","lat":-25.91667,"lon":-57.15,"geocoding":{},"distantMaxMiles":5},"Caapucú":{"countryName":"Paraguay","stateName":"Paraguarí Department","name":"Caapucú","lat":-26.23523,"lon":-57.18212,"geocoding":{},"distantMaxMiles":5},"Carapeguá":{"countryName":"Paraguay","stateName":"Paraguarí Department","name":"Carapeguá","lat":-25.8,"lon":-57.23333,"geocoding":{},"distantMaxMiles":5},"La Colmena":{"countryName":"Paraguay","stateName":"Paraguarí Department","name":"La Colmena","lat":-25.88627,"lon":-56.84084,"geocoding":{},"distantMaxMiles":5},"Mbuyapey":{"countryName":"Paraguay","stateName":"Paraguarí Department","name":"Mbuyapey","lat":-26.21921,"lon":-56.75777,"geocoding":{},"distantMaxMiles":5},"Paraguarí":{"countryName":"Paraguay","stateName":"Paraguarí Department","name":"Paraguarí","lat":-25.62083,"lon":-57.14722,"geocoding":{},"distantMaxMiles":5},"Pirayú":{"countryName":"Paraguay","stateName":"Paraguarí Department","name":"Pirayú","lat":-25.48406,"lon":-57.2349,"geocoding":{},"distantMaxMiles":5},"Quiindy":{"countryName":"Paraguay","stateName":"Paraguarí Department","name":"Quiindy","lat":-25.97606,"lon":-57.23353,"geocoding":{},"distantMaxMiles":5},"Sapucaí":{"countryName":"Paraguay","stateName":"Paraguarí Department","name":"Sapucaí","lat":-25.66652,"lon":-56.95215,"geocoding":{},"distantMaxMiles":5},"Yaguarón":{"countryName":"Paraguay","stateName":"Paraguarí Department","name":"Yaguarón","lat":-25.56139,"lon":-57.28343,"geocoding":{},"distantMaxMiles":5},"Ybycuí":{"countryName":"Paraguay","stateName":"Paraguarí Department","name":"Ybycuí","lat":-26.01667,"lon":-57.05,"geocoding":{},"distantMaxMiles":5}}},"Presidente Hayes Department":{"countryName":"Paraguay","name":"Presidente Hayes Department","isoCode":"15","lat":-23.3512605,"lon":-58.7373634,"geocoding":{},"distantMaxMiles":5,"cities":{"Benjamín Aceval":{"countryName":"Paraguay","stateName":"Presidente Hayes Department","name":"Benjamín Aceval","lat":-24.96667,"lon":-57.56667,"geocoding":{},"distantMaxMiles":5},"Nanawua":{"countryName":"Paraguay","stateName":"Presidente Hayes Department","name":"Nanawua","lat":-25.2793,"lon":-57.70307,"geocoding":{},"distantMaxMiles":5},"Villa Hayes":{"countryName":"Paraguay","stateName":"Presidente Hayes Department","name":"Villa Hayes","lat":-25.09306,"lon":-57.52361,"geocoding":{},"distantMaxMiles":5}}},"San Pedro Department":{"countryName":"Paraguay","name":"San Pedro Department","isoCode":"2","lat":-24.1948668,"lon":-56.561647,"geocoding":{},"distantMaxMiles":5,"cities":{"Antequera":{"countryName":"Paraguay","stateName":"San Pedro Department","name":"Antequera","lat":-24.08526,"lon":-57.20221,"geocoding":{},"distantMaxMiles":5},"Capiíbary":{"countryName":"Paraguay","stateName":"San Pedro Department","name":"Capiíbary","lat":-24.8,"lon":-56.03333,"geocoding":{},"distantMaxMiles":5},"Colonia Nueva Germania":{"countryName":"Paraguay","stateName":"San Pedro Department","name":"Colonia Nueva Germania","lat":-23.91137,"lon":-56.70091,"geocoding":{},"distantMaxMiles":5},"General Elizardo Aquino":{"countryName":"Paraguay","stateName":"San Pedro Department","name":"General Elizardo Aquino","lat":-24.44417,"lon":-56.90061,"geocoding":{},"distantMaxMiles":5},"Guayaybi":{"countryName":"Paraguay","stateName":"San Pedro Department","name":"Guayaybi","lat":-24.53333,"lon":-56.43333,"geocoding":{},"distantMaxMiles":5},"Itacurubí del Rosario":{"countryName":"Paraguay","stateName":"San Pedro Department","name":"Itacurubí del Rosario","lat":-24.53541,"lon":-56.82352,"geocoding":{},"distantMaxMiles":5},"Lima":{"countryName":"Paraguay","stateName":"San Pedro Department","name":"Lima","lat":-23.88327,"lon":-56.48217,"geocoding":{},"distantMaxMiles":5},"Puerto Rosario":{"countryName":"Paraguay","stateName":"San Pedro Department","name":"Puerto Rosario","lat":-24.44127,"lon":-57.14272,"geocoding":{},"distantMaxMiles":5},"San Pedro de Ycuamandiyú":{"countryName":"Paraguay","stateName":"San Pedro Department","name":"San Pedro de Ycuamandiyú","lat":-24.08534,"lon":-57.08745,"geocoding":{},"distantMaxMiles":5},"Tacuatí":{"countryName":"Paraguay","stateName":"San Pedro Department","name":"Tacuatí","lat":-23.45,"lon":-56.58333,"geocoding":{},"distantMaxMiles":5},"Unión":{"countryName":"Paraguay","stateName":"San Pedro Department","name":"Unión","lat":-24.8079,"lon":-56.52148,"geocoding":{},"distantMaxMiles":5},"Yataity del Norte":{"countryName":"Paraguay","stateName":"San Pedro Department","name":"Yataity del Norte","lat":-24.83333,"lon":-56.35,"geocoding":{},"distantMaxMiles":5}}},"Ñeembucú Department":{"countryName":"Paraguay","name":"Ñeembucú Department","isoCode":"12","lat":-27.0299114,"lon":-57.825395,"geocoding":{},"distantMaxMiles":5,"cities":{"Cerrito":{"countryName":"Paraguay","stateName":"Ñeembucú Department","name":"Cerrito","lat":-27.34215,"lon":-57.64119,"geocoding":{},"distantMaxMiles":5},"General José Eduvigis Díaz":{"countryName":"Paraguay","stateName":"Ñeembucú Department","name":"General José Eduvigis Díaz","lat":-27.20136,"lon":-58.3674,"geocoding":{},"distantMaxMiles":5},"Pilar":{"countryName":"Paraguay","stateName":"Ñeembucú Department","name":"Pilar","lat":-26.85874,"lon":-58.30639,"geocoding":{},"distantMaxMiles":5}}}}}