{"name":"Uruguay","isoCode":"UY","lat":-33,"lon":-56,"geocoding":{},"distantMaxMiles":5,"states":{"Artigas Department":{"countryName":"Uruguay","name":"Artigas Department","isoCode":"AR","lat":-30.6175112,"lon":-56.9594559,"geocoding":{},"distantMaxMiles":5,"cities":{"Artigas":{"countryName":"Uruguay","stateName":"Artigas Department","name":"Artigas","lat":-30.4,"lon":-56.46667,"geocoding":{},"distantMaxMiles":5},"Baltasar Brum":{"countryName":"Uruguay","stateName":"Artigas Department","name":"Baltasar Brum","lat":-30.71905,"lon":-57.32596,"geocoding":{},"distantMaxMiles":5},"Bella Unión":{"countryName":"Uruguay","stateName":"Artigas Department","name":"Bella Unión","lat":-30.25966,"lon":-57.59919,"geocoding":{},"distantMaxMiles":5},"Las Piedras":{"countryName":"Uruguay","stateName":"Artigas Department","name":"Las Piedras","lat":-30.26204,"lon":-57.58174,"geocoding":{},"distantMaxMiles":5},"Tomás Gomensoro":{"countryName":"Uruguay","stateName":"Artigas Department","name":"Tomás Gomensoro","lat":-30.4287,"lon":-57.43609,"geocoding":{},"distantMaxMiles":5}}},"Canelones Department":{"countryName":"Uruguay","name":"Canelones Department","isoCode":"CA","lat":-34.5408717,"lon":-55.93076,"geocoding":{},"distantMaxMiles":5,"cities":{"Aguas Corrientes":{"countryName":"Uruguay","stateName":"Canelones Department","name":"Aguas Corrientes","lat":-34.52194,"lon":-56.39361,"geocoding":{},"distantMaxMiles":5},"Atlántida":{"countryName":"Uruguay","stateName":"Canelones Department","name":"Atlántida","lat":-34.7719,"lon":-55.7584,"geocoding":{},"distantMaxMiles":5},"Barra de Carrasco":{"countryName":"Uruguay","stateName":"Canelones Department","name":"Barra de Carrasco","lat":-34.87722,"lon":-56.02972,"geocoding":{},"distantMaxMiles":5},"Barros Blancos":{"countryName":"Uruguay","stateName":"Canelones Department","name":"Barros Blancos","lat":-34.7524,"lon":-56.00259,"geocoding":{},"distantMaxMiles":5},"Canelones":{"countryName":"Uruguay","stateName":"Canelones Department","name":"Canelones","lat":-34.52278,"lon":-56.27778,"geocoding":{},"distantMaxMiles":5},"Colonia Nicolich":{"countryName":"Uruguay","stateName":"Canelones Department","name":"Colonia Nicolich","lat":-34.81516,"lon":-56.02435,"geocoding":{},"distantMaxMiles":5},"Empalme Olmos":{"countryName":"Uruguay","stateName":"Canelones Department","name":"Empalme Olmos","lat":-34.69753,"lon":-55.89268,"geocoding":{},"distantMaxMiles":5},"Joaquín Suárez":{"countryName":"Uruguay","stateName":"Canelones Department","name":"Joaquín Suárez","lat":-34.73501,"lon":-56.0347,"geocoding":{},"distantMaxMiles":5},"Juanicó":{"countryName":"Uruguay","stateName":"Canelones Department","name":"Juanicó","lat":-34.59454,"lon":-56.25334,"geocoding":{},"distantMaxMiles":5},"La Floresta":{"countryName":"Uruguay","stateName":"Canelones Department","name":"La Floresta","lat":-34.75572,"lon":-55.68141,"geocoding":{},"distantMaxMiles":5},"La Paz":{"countryName":"Uruguay","stateName":"Canelones Department","name":"La Paz","lat":-34.76031,"lon":-56.2259,"geocoding":{},"distantMaxMiles":5},"Las Piedras":{"countryName":"Uruguay","stateName":"Canelones Department","name":"Las Piedras","lat":-34.7302,"lon":-56.21915,"geocoding":{},"distantMaxMiles":5},"Las Toscas":{"countryName":"Uruguay","stateName":"Canelones Department","name":"Las Toscas","lat":-34.73333,"lon":-55.71667,"geocoding":{},"distantMaxMiles":5},"Los Cerrillos":{"countryName":"Uruguay","stateName":"Canelones Department","name":"Los Cerrillos","lat":-34.605,"lon":-56.35639,"geocoding":{},"distantMaxMiles":5},"Migues":{"countryName":"Uruguay","stateName":"Canelones Department","name":"Migues","lat":-34.48759,"lon":-55.62793,"geocoding":{},"distantMaxMiles":5},"Montes":{"countryName":"Uruguay","stateName":"Canelones Department","name":"Montes","lat":-34.49339,"lon":-55.56219,"geocoding":{},"distantMaxMiles":5},"Pando":{"countryName":"Uruguay","stateName":"Canelones Department","name":"Pando","lat":-34.71716,"lon":-55.9584,"geocoding":{},"distantMaxMiles":5},"Paso de Carrasco":{"countryName":"Uruguay","stateName":"Canelones Department","name":"Paso de Carrasco","lat":-34.86028,"lon":-56.05222,"geocoding":{},"distantMaxMiles":5},"Progreso":{"countryName":"Uruguay","stateName":"Canelones Department","name":"Progreso","lat":-34.66737,"lon":-56.21758,"geocoding":{},"distantMaxMiles":5},"San Antonio":{"countryName":"Uruguay","stateName":"Canelones Department","name":"San Antonio","lat":-34.4513,"lon":-56.08036,"geocoding":{},"distantMaxMiles":5},"San Bautista":{"countryName":"Uruguay","stateName":"Canelones Department","name":"San Bautista","lat":-34.44016,"lon":-55.95861,"geocoding":{},"distantMaxMiles":5},"San Jacinto":{"countryName":"Uruguay","stateName":"Canelones Department","name":"San Jacinto","lat":-34.54465,"lon":-55.87151,"geocoding":{},"distantMaxMiles":5},"San Ramón":{"countryName":"Uruguay","stateName":"Canelones Department","name":"San Ramón","lat":-34.29155,"lon":-55.95571,"geocoding":{},"distantMaxMiles":5},"Santa Lucía":{"countryName":"Uruguay","stateName":"Canelones Department","name":"Santa Lucía","lat":-34.45333,"lon":-56.39056,"geocoding":{},"distantMaxMiles":5},"Santa Rosa":{"countryName":"Uruguay","stateName":"Canelones Department","name":"Santa Rosa","lat":-34.49819,"lon":-56.03795,"geocoding":{},"distantMaxMiles":5},"Sauce":{"countryName":"Uruguay","stateName":"Canelones Department","name":"Sauce","lat":-34.65191,"lon":-56.06431,"geocoding":{},"distantMaxMiles":5},"Soca":{"countryName":"Uruguay","stateName":"Canelones Department","name":"Soca","lat":-34.68432,"lon":-55.702,"geocoding":{},"distantMaxMiles":5},"Tala":{"countryName":"Uruguay","stateName":"Canelones Department","name":"Tala","lat":-34.34349,"lon":-55.76375,"geocoding":{},"distantMaxMiles":5},"Toledo":{"countryName":"Uruguay","stateName":"Canelones Department","name":"Toledo","lat":-34.73807,"lon":-56.09469,"geocoding":{},"distantMaxMiles":5}}},"Cerro Largo Department":{"countryName":"Uruguay","name":"Cerro Largo Department","isoCode":"CL","lat":-32.4411032,"lon":-54.3521753,"geocoding":{},"distantMaxMiles":5,"cities":{"Aceguá":{"countryName":"Uruguay","stateName":"Cerro Largo Department","name":"Aceguá","lat":-31.87178,"lon":-54.16351,"geocoding":{},"distantMaxMiles":5},"Isidoro Noblía":{"countryName":"Uruguay","stateName":"Cerro Largo Department","name":"Isidoro Noblía","lat":-31.96218,"lon":-54.12309,"geocoding":{},"distantMaxMiles":5},"Melo":{"countryName":"Uruguay","stateName":"Cerro Largo Department","name":"Melo","lat":-32.37028,"lon":-54.1675,"geocoding":{},"distantMaxMiles":5},"Río Branco":{"countryName":"Uruguay","stateName":"Cerro Largo Department","name":"Río Branco","lat":-32.59802,"lon":-53.38583,"geocoding":{},"distantMaxMiles":5},"Tupambaé":{"countryName":"Uruguay","stateName":"Cerro Largo Department","name":"Tupambaé","lat":-32.83333,"lon":-54.76667,"geocoding":{},"distantMaxMiles":5}}},"Colonia Department":{"countryName":"Uruguay","name":"Colonia Department","isoCode":"CO","lat":-34.1294678,"lon":-57.6605184,"geocoding":{},"distantMaxMiles":5,"cities":{"Carmelo":{"countryName":"Uruguay","stateName":"Colonia Department","name":"Carmelo","lat":-34.00023,"lon":-58.28402,"geocoding":{},"distantMaxMiles":5},"Colonia del Sacramento":{"countryName":"Uruguay","stateName":"Colonia Department","name":"Colonia del Sacramento","lat":-34.46262,"lon":-57.83976,"geocoding":{},"distantMaxMiles":5},"Florencio Sánchez":{"countryName":"Uruguay","stateName":"Colonia Department","name":"Florencio Sánchez","lat":-33.87785,"lon":-57.37166,"geocoding":{},"distantMaxMiles":5},"Juan L. Lacaze":{"countryName":"Uruguay","stateName":"Colonia Department","name":"Juan L. Lacaze","lat":-34.41888,"lon":-57.45285,"geocoding":{},"distantMaxMiles":5},"Nueva Helvecia":{"countryName":"Uruguay","stateName":"Colonia Department","name":"Nueva Helvecia","lat":-34.3,"lon":-57.23333,"geocoding":{},"distantMaxMiles":5},"Nueva Palmira":{"countryName":"Uruguay","stateName":"Colonia Department","name":"Nueva Palmira","lat":-33.87031,"lon":-58.41176,"geocoding":{},"distantMaxMiles":5},"Ombúes de Lavalle":{"countryName":"Uruguay","stateName":"Colonia Department","name":"Ombúes de Lavalle","lat":-33.93783,"lon":-57.80959,"geocoding":{},"distantMaxMiles":5},"Rosario":{"countryName":"Uruguay","stateName":"Colonia Department","name":"Rosario","lat":-34.31667,"lon":-57.35,"geocoding":{},"distantMaxMiles":5},"Tarariras":{"countryName":"Uruguay","stateName":"Colonia Department","name":"Tarariras","lat":-34.26555,"lon":-57.61866,"geocoding":{},"distantMaxMiles":5}}},"Durazno Department":{"countryName":"Uruguay","name":"Durazno Department","isoCode":"DU","lat":-33.0232454,"lon":-56.0284644,"geocoding":{},"distantMaxMiles":5,"cities":{"Blanquillo":{"countryName":"Uruguay","stateName":"Durazno Department","name":"Blanquillo","lat":-32.76667,"lon":-55.63333,"geocoding":{},"distantMaxMiles":5},"Carlos Reyles":{"countryName":"Uruguay","stateName":"Durazno Department","name":"Carlos Reyles","lat":-33.05658,"lon":-56.47652,"geocoding":{},"distantMaxMiles":5},"Durazno":{"countryName":"Uruguay","stateName":"Durazno Department","name":"Durazno","lat":-33.38056,"lon":-56.52361,"geocoding":{},"distantMaxMiles":5},"La Paloma":{"countryName":"Uruguay","stateName":"Durazno Department","name":"La Paloma","lat":-32.72689,"lon":-55.5827,"geocoding":{},"distantMaxMiles":5},"Santa Bernardina":{"countryName":"Uruguay","stateName":"Durazno Department","name":"Santa Bernardina","lat":-33.3536,"lon":-56.52498,"geocoding":{},"distantMaxMiles":5},"Sarandí del Yi":{"countryName":"Uruguay","stateName":"Durazno Department","name":"Sarandí del Yi","lat":-33.35,"lon":-55.63333,"geocoding":{},"distantMaxMiles":5},"Villa del Carmen":{"countryName":"Uruguay","stateName":"Durazno Department","name":"Villa del Carmen","lat":-33.23943,"lon":-56.00936,"geocoding":{},"distantMaxMiles":5}}},"Flores Department":{"countryName":"Uruguay","name":"Flores Department","isoCode":"FS","lat":-33.5733753,"lon":-56.8945028,"geocoding":{},"distantMaxMiles":5,"cities":{"Trinidad":{"countryName":"Uruguay","stateName":"Flores Department","name":"Trinidad","lat":-33.5165,"lon":-56.89957,"geocoding":{},"distantMaxMiles":5}}},"Florida Department":{"countryName":"Uruguay","name":"Florida Department","isoCode":"FD","lat":28.0359495,"lon":-82.4579289,"geocoding":{},"distantMaxMiles":5,"cities":{"25 de Agosto":{"countryName":"Uruguay","stateName":"Florida Department","name":"25 de Agosto","lat":-34.41167,"lon":-56.40222,"geocoding":{},"distantMaxMiles":5},"25 de Mayo":{"countryName":"Uruguay","stateName":"Florida Department","name":"25 de Mayo","lat":-34.18917,"lon":-56.33944,"geocoding":{},"distantMaxMiles":5},"Alejandro Gallinal":{"countryName":"Uruguay","stateName":"Florida Department","name":"Alejandro Gallinal","lat":-33.86252,"lon":-55.54264,"geocoding":{},"distantMaxMiles":5},"Cardal":{"countryName":"Uruguay","stateName":"Florida Department","name":"Cardal","lat":-34.29056,"lon":-56.38889,"geocoding":{},"distantMaxMiles":5},"Casupá":{"countryName":"Uruguay","stateName":"Florida Department","name":"Casupá","lat":-34.09994,"lon":-55.64811,"geocoding":{},"distantMaxMiles":5},"Florida":{"countryName":"Uruguay","stateName":"Florida Department","name":"Florida","lat":-34.09556,"lon":-56.21417,"geocoding":{},"distantMaxMiles":5},"Sarandí Grande":{"countryName":"Uruguay","stateName":"Florida Department","name":"Sarandí Grande","lat":-33.73333,"lon":-56.33333,"geocoding":{},"distantMaxMiles":5}}},"Lavalleja Department":{"countryName":"Uruguay","name":"Lavalleja Department","isoCode":"LA","lat":-33.9226175,"lon":-54.9765794,"geocoding":{},"distantMaxMiles":5,"cities":{"José Batlle y Ordóñez":{"countryName":"Uruguay","stateName":"Lavalleja Department","name":"José Batlle y Ordóñez","lat":-33.46667,"lon":-55.11667,"geocoding":{},"distantMaxMiles":5},"José Pedro Varela":{"countryName":"Uruguay","stateName":"Lavalleja Department","name":"José Pedro Varela","lat":-33.45451,"lon":-54.53586,"geocoding":{},"distantMaxMiles":5},"Mariscala":{"countryName":"Uruguay","stateName":"Lavalleja Department","name":"Mariscala","lat":-34.04085,"lon":-54.77732,"geocoding":{},"distantMaxMiles":5},"Minas":{"countryName":"Uruguay","stateName":"Lavalleja Department","name":"Minas","lat":-34.37589,"lon":-55.23771,"geocoding":{},"distantMaxMiles":5},"Solís de Mataojo":{"countryName":"Uruguay","stateName":"Lavalleja Department","name":"Solís de Mataojo","lat":-34.59951,"lon":-55.46808,"geocoding":{},"distantMaxMiles":5}}},"Maldonado Department":{"countryName":"Uruguay","name":"Maldonado Department","isoCode":"MA","lat":-34.5597932,"lon":-54.8628552,"geocoding":{},"distantMaxMiles":5,"cities":{"Aiguá":{"countryName":"Uruguay","stateName":"Maldonado Department","name":"Aiguá","lat":-34.20498,"lon":-54.75665,"geocoding":{},"distantMaxMiles":5},"Maldonado":{"countryName":"Uruguay","stateName":"Maldonado Department","name":"Maldonado","lat":-34.9,"lon":-54.95,"geocoding":{},"distantMaxMiles":5},"Pan de Azúcar":{"countryName":"Uruguay","stateName":"Maldonado Department","name":"Pan de Azúcar","lat":-34.7787,"lon":-55.23582,"geocoding":{},"distantMaxMiles":5},"Piriápolis":{"countryName":"Uruguay","stateName":"Maldonado Department","name":"Piriápolis","lat":-34.86287,"lon":-55.27471,"geocoding":{},"distantMaxMiles":5},"Punta del Este":{"countryName":"Uruguay","stateName":"Maldonado Department","name":"Punta del Este","lat":-34.94747,"lon":-54.93382,"geocoding":{},"distantMaxMiles":5},"San Carlos":{"countryName":"Uruguay","stateName":"Maldonado Department","name":"San Carlos","lat":-34.79123,"lon":-54.91824,"geocoding":{},"distantMaxMiles":5}}},"Montevideo Department":{"countryName":"Uruguay","name":"Montevideo Department","isoCode":"MO","lat":-34.8181587,"lon":-56.2138256,"geocoding":{},"distantMaxMiles":5,"cities":{"Bella Vista":{"countryName":"Uruguay","stateName":"Montevideo Department","name":"Bella Vista","lat":-34.87527778,"lon":-56.18666667,"geocoding":{},"distantMaxMiles":5},"Belvedere":{"countryName":"Uruguay","stateName":"Montevideo Department","name":"Belvedere","lat":-34.85155556,"lon":-56.21611111,"geocoding":{},"distantMaxMiles":5},"Buceo":{"countryName":"Uruguay","stateName":"Montevideo Department","name":"Buceo","lat":-34.9,"lon":-56.13305556,"geocoding":{},"distantMaxMiles":5},"Capurro (Montevideo)":{"countryName":"Uruguay","stateName":"Montevideo Department","name":"Capurro (Montevideo)","lat":-34.875,"lon":-56.20555556,"geocoding":{},"distantMaxMiles":5},"Carrasco":{"countryName":"Uruguay","stateName":"Montevideo Department","name":"Carrasco","lat":-34.88333333,"lon":-56.06666667,"geocoding":{},"distantMaxMiles":5},"Casabó":{"countryName":"Uruguay","stateName":"Montevideo Department","name":"Casabó","lat":-34.86388889,"lon":-56.34111111,"geocoding":{},"distantMaxMiles":5},"Centro":{"countryName":"Uruguay","stateName":"Montevideo Department","name":"Centro","lat":-34.90361111,"lon":-56.18833333,"geocoding":{},"distantMaxMiles":5},"Cerrito, Montevideo":{"countryName":"Uruguay","stateName":"Montevideo Department","name":"Cerrito, Montevideo","lat":-34.85349444,"lon":-56.17282778,"geocoding":{},"distantMaxMiles":5},"Colón Centro y Noroeste":{"countryName":"Uruguay","stateName":"Montevideo Department","name":"Colón Centro y Noroeste","lat":-34.80230556,"lon":-56.22413889,"geocoding":{},"distantMaxMiles":5},"Colón Sudeste":{"countryName":"Uruguay","stateName":"Montevideo Department","name":"Colón Sudeste","lat":-34.76666667,"lon":-56.20277778,"geocoding":{},"distantMaxMiles":5},"Conciliación":{"countryName":"Uruguay","stateName":"Montevideo Department","name":"Conciliación","lat":-34.82361111,"lon":-56.23194444,"geocoding":{},"distantMaxMiles":5},"Cordón":{"countryName":"Uruguay","stateName":"Montevideo Department","name":"Cordón","lat":-34.9,"lon":-56.17858333,"geocoding":{},"distantMaxMiles":5},"Flor de Maroñas":{"countryName":"Uruguay","stateName":"Montevideo Department","name":"Flor de Maroñas","lat":-34.85055556,"lon":-56.12472222,"geocoding":{},"distantMaxMiles":5},"Ituzaingó":{"countryName":"Uruguay","stateName":"Montevideo Department","name":"Ituzaingó","lat":-34.8475,"lon":-56.14361111,"geocoding":{},"distantMaxMiles":5},"La Unión":{"countryName":"Uruguay","stateName":"Montevideo Department","name":"La Unión","lat":-34.87861111,"lon":-56.13583333,"geocoding":{},"distantMaxMiles":5},"Malvín":{"countryName":"Uruguay","stateName":"Montevideo Department","name":"Malvín","lat":-34.89352778,"lon":-56.09994444,"geocoding":{},"distantMaxMiles":5},"Manga":{"countryName":"Uruguay","stateName":"Montevideo Department","name":"Manga","lat":-34.80722222,"lon":-56.13805556,"geocoding":{},"distantMaxMiles":5},"Maroñas":{"countryName":"Uruguay","stateName":"Montevideo Department","name":"Maroñas","lat":-34.86338889,"lon":-56.12963889,"geocoding":{},"distantMaxMiles":5},"Montevideo":{"countryName":"Uruguay","stateName":"Montevideo Department","name":"Montevideo","lat":-34.90328,"lon":-56.18816,"geocoding":{},"distantMaxMiles":5},"Nuevo París":{"countryName":"Uruguay","stateName":"Montevideo Department","name":"Nuevo París","lat":-34.83333333,"lon":-56.25,"geocoding":{},"distantMaxMiles":5},"Pajas Blancas":{"countryName":"Uruguay","stateName":"Montevideo Department","name":"Pajas Blancas","lat":-34.80167,"lon":-56.33417,"geocoding":{},"distantMaxMiles":5},"Paso del Molino":{"countryName":"Uruguay","stateName":"Montevideo Department","name":"Paso del Molino","lat":-34.85,"lon":-56.21666667,"geocoding":{},"distantMaxMiles":5},"Peñarol":{"countryName":"Uruguay","stateName":"Montevideo Department","name":"Peñarol","lat":-34.82519444,"lon":-56.19916667,"geocoding":{},"distantMaxMiles":5},"Piedras Blancas":{"countryName":"Uruguay","stateName":"Montevideo Department","name":"Piedras Blancas","lat":-34.82361111,"lon":-56.14027778,"geocoding":{},"distantMaxMiles":5},"Pocitos":{"countryName":"Uruguay","stateName":"Montevideo Department","name":"Pocitos","lat":-34.90833333,"lon":-56.15,"geocoding":{},"distantMaxMiles":5},"Punta Carretas":{"countryName":"Uruguay","stateName":"Montevideo Department","name":"Punta Carretas","lat":-34.92188889,"lon":-56.15944444,"geocoding":{},"distantMaxMiles":5},"Punta Gorda":{"countryName":"Uruguay","stateName":"Montevideo Department","name":"Punta Gorda","lat":-34.88647222,"lon":-56.08983333,"geocoding":{},"distantMaxMiles":5},"Reducto":{"countryName":"Uruguay","stateName":"Montevideo Department","name":"Reducto","lat":-34.87831944,"lon":-56.18957778,"geocoding":{},"distantMaxMiles":5},"Santiago Vázquez":{"countryName":"Uruguay","stateName":"Montevideo Department","name":"Santiago Vázquez","lat":-34.79028,"lon":-56.35,"geocoding":{},"distantMaxMiles":5},"Sayage":{"countryName":"Uruguay","stateName":"Montevideo Department","name":"Sayage","lat":-34.83583333,"lon":-56.2125,"geocoding":{},"distantMaxMiles":5},"Tres Cruces":{"countryName":"Uruguay","stateName":"Montevideo Department","name":"Tres Cruces","lat":-34.89583333,"lon":-56.16805556,"geocoding":{},"distantMaxMiles":5},"Villa Española":{"countryName":"Uruguay","stateName":"Montevideo Department","name":"Villa Española","lat":-34.86388889,"lon":-56.14472222,"geocoding":{},"distantMaxMiles":5},"Villa García":{"countryName":"Uruguay","stateName":"Montevideo Department","name":"Villa García","lat":-34.78111,"lon":-56.05333,"geocoding":{},"distantMaxMiles":5},"Villa Muñoz":{"countryName":"Uruguay","stateName":"Montevideo Department","name":"Villa Muñoz","lat":-34.88781389,"lon":-56.17701389,"geocoding":{},"distantMaxMiles":5},"Villa del Cerro":{"countryName":"Uruguay","stateName":"Montevideo Department","name":"Villa del Cerro","lat":-34.88444444,"lon":-56.25138889,"geocoding":{},"distantMaxMiles":5}}},"Paysandú Department":{"countryName":"Uruguay","name":"Paysandú Department","isoCode":"PA","lat":-32.0667366,"lon":-57.3364789,"geocoding":{},"distantMaxMiles":5,"cities":{"Estación Porvenir":{"countryName":"Uruguay","stateName":"Paysandú Department","name":"Estación Porvenir","lat":-32.37085,"lon":-57.85371,"geocoding":{},"distantMaxMiles":5},"Guichón":{"countryName":"Uruguay","stateName":"Paysandú Department","name":"Guichón","lat":-32.35846,"lon":-57.19778,"geocoding":{},"distantMaxMiles":5},"Paysandú":{"countryName":"Uruguay","stateName":"Paysandú Department","name":"Paysandú","lat":-32.3171,"lon":-58.08072,"geocoding":{},"distantMaxMiles":5},"Piedras Coloradas":{"countryName":"Uruguay","stateName":"Paysandú Department","name":"Piedras Coloradas","lat":-32.37183,"lon":-57.60901,"geocoding":{},"distantMaxMiles":5},"Quebracho":{"countryName":"Uruguay","stateName":"Paysandú Department","name":"Quebracho","lat":-31.93526,"lon":-57.9014,"geocoding":{},"distantMaxMiles":5},"San Félix":{"countryName":"Uruguay","stateName":"Paysandú Department","name":"San Félix","lat":-32.34631,"lon":-58.10094,"geocoding":{},"distantMaxMiles":5}}},"Rivera Department":{"countryName":"Uruguay","name":"Rivera Department","isoCode":"RV","lat":-31.4817421,"lon":-55.2435759,"geocoding":{},"distantMaxMiles":5,"cities":{"Minas de Corrales":{"countryName":"Uruguay","stateName":"Rivera Department","name":"Minas de Corrales","lat":-31.57375,"lon":-55.47075,"geocoding":{},"distantMaxMiles":5},"Rivera":{"countryName":"Uruguay","stateName":"Rivera Department","name":"Rivera","lat":-30.90534,"lon":-55.55076,"geocoding":{},"distantMaxMiles":5},"Tranqueras":{"countryName":"Uruguay","stateName":"Rivera Department","name":"Tranqueras","lat":-31.2,"lon":-55.75,"geocoding":{},"distantMaxMiles":5},"Vichadero":{"countryName":"Uruguay","stateName":"Rivera Department","name":"Vichadero","lat":-31.77794,"lon":-54.69183,"geocoding":{},"distantMaxMiles":5}}},"Rocha Department":{"countryName":"Uruguay","name":"Rocha Department","isoCode":"RO","lat":-33.9690081,"lon":-54.021485,"geocoding":{},"distantMaxMiles":5,"cities":{"Castillos":{"countryName":"Uruguay","stateName":"Rocha Department","name":"Castillos","lat":-34.19871,"lon":-53.85919,"geocoding":{},"distantMaxMiles":5},"Cebollatí":{"countryName":"Uruguay","stateName":"Rocha Department","name":"Cebollatí","lat":-33.26703,"lon":-53.79425,"geocoding":{},"distantMaxMiles":5},"Chui":{"countryName":"Uruguay","stateName":"Rocha Department","name":"Chui","lat":-33.69792,"lon":-53.45926,"geocoding":{},"distantMaxMiles":5},"Dieciocho de Julio":{"countryName":"Uruguay","stateName":"Rocha Department","name":"Dieciocho de Julio","lat":-33.68216,"lon":-53.55325,"geocoding":{},"distantMaxMiles":5},"La Paloma":{"countryName":"Uruguay","stateName":"Rocha Department","name":"La Paloma","lat":-34.66268,"lon":-54.16452,"geocoding":{},"distantMaxMiles":5},"Lascano":{"countryName":"Uruguay","stateName":"Rocha Department","name":"Lascano","lat":-33.67235,"lon":-54.2065,"geocoding":{},"distantMaxMiles":5},"Rocha":{"countryName":"Uruguay","stateName":"Rocha Department","name":"Rocha","lat":-34.48333,"lon":-54.33333,"geocoding":{},"distantMaxMiles":5},"Velázquez":{"countryName":"Uruguay","stateName":"Rocha Department","name":"Velázquez","lat":-34.03631,"lon":-54.28054,"geocoding":{},"distantMaxMiles":5}}},"Río Negro Department":{"countryName":"Uruguay","name":"Río Negro Department","isoCode":"RN","lat":-32.7676356,"lon":-57.4295207,"geocoding":{},"distantMaxMiles":5,"cities":{"Fray Bentos":{"countryName":"Uruguay","stateName":"Río Negro Department","name":"Fray Bentos","lat":-33.11651,"lon":-58.31067,"geocoding":{},"distantMaxMiles":5},"Nuevo Berlín":{"countryName":"Uruguay","stateName":"Río Negro Department","name":"Nuevo Berlín","lat":-32.97974,"lon":-58.05858,"geocoding":{},"distantMaxMiles":5},"San Javier":{"countryName":"Uruguay","stateName":"Río Negro Department","name":"San Javier","lat":-32.66523,"lon":-58.1332,"geocoding":{},"distantMaxMiles":5},"Young":{"countryName":"Uruguay","stateName":"Río Negro Department","name":"Young","lat":-32.69844,"lon":-57.62693,"geocoding":{},"distantMaxMiles":5}}},"Salto Department":{"countryName":"Uruguay","name":"Salto Department","isoCode":"SA","lat":-31.388028,"lon":-57.9612455,"geocoding":{},"distantMaxMiles":5,"cities":{"Belén":{"countryName":"Uruguay","stateName":"Salto Department","name":"Belén","lat":-30.78716,"lon":-57.77577,"geocoding":{},"distantMaxMiles":5},"Salto":{"countryName":"Uruguay","stateName":"Salto Department","name":"Salto","lat":-31.38333,"lon":-57.96667,"geocoding":{},"distantMaxMiles":5},"Villa Constitución":{"countryName":"Uruguay","stateName":"Salto Department","name":"Villa Constitución","lat":-31.06913,"lon":-57.84946,"geocoding":{},"distantMaxMiles":5}}},"San José Department":{"countryName":"Uruguay","name":"San José Department","isoCode":"SJ","lat":37.3492968,"lon":-121.9056049,"geocoding":{},"distantMaxMiles":5,"cities":{"Delta del Tigre":{"countryName":"Uruguay","stateName":"San José Department","name":"Delta del Tigre","lat":-34.76488,"lon":-56.3645,"geocoding":{},"distantMaxMiles":5},"Ecilda Paullier":{"countryName":"Uruguay","stateName":"San José Department","name":"Ecilda Paullier","lat":-34.35778,"lon":-57.04883,"geocoding":{},"distantMaxMiles":5},"Libertad":{"countryName":"Uruguay","stateName":"San José Department","name":"Libertad","lat":-34.63459,"lon":-56.61739,"geocoding":{},"distantMaxMiles":5},"Puntas de Valdéz":{"countryName":"Uruguay","stateName":"San José Department","name":"Puntas de Valdéz","lat":-34.5855,"lon":-56.70097,"geocoding":{},"distantMaxMiles":5},"Rafael Perazza":{"countryName":"Uruguay","stateName":"San José Department","name":"Rafael Perazza","lat":-34.52335,"lon":-56.7971,"geocoding":{},"distantMaxMiles":5},"Rodríguez":{"countryName":"Uruguay","stateName":"San José Department","name":"Rodríguez","lat":-34.381,"lon":-56.53797,"geocoding":{},"distantMaxMiles":5},"San José de Mayo":{"countryName":"Uruguay","stateName":"San José Department","name":"San José de Mayo","lat":-34.3375,"lon":-56.71361,"geocoding":{},"distantMaxMiles":5}}},"Soriano Department":{"countryName":"Uruguay","name":"Soriano Department","isoCode":"SO","lat":-33.5102792,"lon":-57.7498103,"geocoding":{},"distantMaxMiles":5,"cities":{"Cardona":{"countryName":"Uruguay","stateName":"Soriano Department","name":"Cardona","lat":-33.87049,"lon":-57.36954,"geocoding":{},"distantMaxMiles":5},"Dolores":{"countryName":"Uruguay","stateName":"Soriano Department","name":"Dolores","lat":-33.53009,"lon":-58.21701,"geocoding":{},"distantMaxMiles":5},"José Enrique Rodó":{"countryName":"Uruguay","stateName":"Soriano Department","name":"José Enrique Rodó","lat":-33.69618,"lon":-57.53153,"geocoding":{},"distantMaxMiles":5},"Mercedes":{"countryName":"Uruguay","stateName":"Soriano Department","name":"Mercedes","lat":-33.2524,"lon":-58.03047,"geocoding":{},"distantMaxMiles":5},"Palmitas":{"countryName":"Uruguay","stateName":"Soriano Department","name":"Palmitas","lat":-33.50719,"lon":-57.80079,"geocoding":{},"distantMaxMiles":5},"Santa Catalina":{"countryName":"Uruguay","stateName":"Soriano Department","name":"Santa Catalina","lat":-33.791,"lon":-57.48824,"geocoding":{},"distantMaxMiles":5},"Villa Soriano":{"countryName":"Uruguay","stateName":"Soriano Department","name":"Villa Soriano","lat":-33.39811,"lon":-58.32177,"geocoding":{},"distantMaxMiles":5}}},"Tacuarembó Department":{"countryName":"Uruguay","name":"Tacuarembó Department","isoCode":"TA","lat":-31.7206837,"lon":-55.9859887,"geocoding":{},"distantMaxMiles":5,"cities":{"Curtina":{"countryName":"Uruguay","stateName":"Tacuarembó Department","name":"Curtina","lat":-32.15,"lon":-56.11667,"geocoding":{},"distantMaxMiles":5},"Paso de los Toros":{"countryName":"Uruguay","stateName":"Tacuarembó Department","name":"Paso de los Toros","lat":-32.81667,"lon":-56.51667,"geocoding":{},"distantMaxMiles":5},"Tacuarembó":{"countryName":"Uruguay","stateName":"Tacuarembó Department","name":"Tacuarembó","lat":-31.71694,"lon":-55.98111,"geocoding":{},"distantMaxMiles":5}}},"Treinta y Tres Department":{"countryName":"Uruguay","name":"Treinta y Tres Department","isoCode":"TT","lat":-33.0685086,"lon":-54.2858627,"geocoding":{},"distantMaxMiles":5,"cities":{"Santa Clara de Olimar":{"countryName":"Uruguay","stateName":"Treinta y Tres Department","name":"Santa Clara de Olimar","lat":-32.92254,"lon":-54.94447,"geocoding":{},"distantMaxMiles":5},"Treinta y Tres":{"countryName":"Uruguay","stateName":"Treinta y Tres Department","name":"Treinta y Tres","lat":-33.23333,"lon":-54.38333,"geocoding":{},"distantMaxMiles":5},"Vergara":{"countryName":"Uruguay","stateName":"Treinta y Tres Department","name":"Vergara","lat":-32.94419,"lon":-53.9381,"geocoding":{},"distantMaxMiles":5},"Villa Sara":{"countryName":"Uruguay","stateName":"Treinta y Tres Department","name":"Villa Sara","lat":-33.2534,"lon":-54.41947,"geocoding":{},"distantMaxMiles":5}}}}}