{"name":"Saint Vincent And The Grenadines","isoCode":"VC","lat":13.25,"lon":-61.2,"geocoding":{},"distantMaxMiles":5,"states":{"Charlotte Parish":{"countryName":"Saint Vincent And The Grenadines","name":"Charlotte Parish","isoCode":"01","lat":13.2175451,"lon":-61.1636244,"geocoding":{},"distantMaxMiles":5,"cities":{"Biabou":{"countryName":"Saint Vincent And The Grenadines","stateName":"Charlotte Parish","name":"Biabou","lat":13.1943,"lon":-61.13904,"geocoding":{},"distantMaxMiles":5},"Byera Village":{"countryName":"Saint Vincent And The Grenadines","stateName":"Charlotte Parish","name":"Byera Village","lat":13.25636,"lon":-61.11954,"geocoding":{},"distantMaxMiles":5},"Georgetown":{"countryName":"Saint Vincent And The Grenadines","stateName":"Charlotte Parish","name":"Georgetown","lat":13.28054,"lon":-61.1185,"geocoding":{},"distantMaxMiles":5}}},"Grenadines Parish":{"countryName":"Saint Vincent And The Grenadines","name":"Grenadines Parish","isoCode":"06","lat":13.0122965,"lon":-61.2277301,"geocoding":{},"distantMaxMiles":5,"cities":{"Port Elizabeth":{"countryName":"Saint Vincent And The Grenadines","stateName":"Grenadines Parish","name":"Port Elizabeth","lat":13.01102,"lon":-61.23548,"geocoding":{},"distantMaxMiles":5}}},"Saint Andrew Parish":{"countryName":"Saint Vincent And The Grenadines","name":"Saint Andrew Parish","isoCode":"02","lat":43.0242999,"lon":-81.2025,"geocoding":{},"distantMaxMiles":5,"cities":{"Layou":{"countryName":"Saint Vincent And The Grenadines","stateName":"Saint Andrew Parish","name":"Layou","lat":13.20175,"lon":-61.27014,"geocoding":{},"distantMaxMiles":5}}},"Saint David Parish":{"countryName":"Saint Vincent And The Grenadines","name":"Saint David Parish","isoCode":"03","lat":43.8523095,"lon":-79.5236654,"geocoding":{},"distantMaxMiles":5,"cities":{"Chateaubelair":{"countryName":"Saint Vincent And The Grenadines","stateName":"Saint David Parish","name":"Chateaubelair","lat":13.29069,"lon":-61.24043,"geocoding":{},"distantMaxMiles":5}}},"Saint George Parish":{"countryName":"Saint Vincent And The Grenadines","name":"Saint George Parish","isoCode":"04","lat":42.957609,"lon":-81.326705,"geocoding":{},"distantMaxMiles":5,"cities":{"Kingstown":{"countryName":"Saint Vincent And The Grenadines","stateName":"Saint George Parish","name":"Kingstown","lat":13.15527,"lon":-61.22742,"geocoding":{},"distantMaxMiles":5},"Kingstown Park":{"countryName":"Saint Vincent And The Grenadines","stateName":"Saint George Parish","name":"Kingstown Park","lat":13.15924,"lon":-61.23161,"geocoding":{},"distantMaxMiles":5}}},"Saint Patrick Parish":{"countryName":"Saint Vincent And The Grenadines","name":"Saint Patrick Parish","isoCode":"05","lat":39.7509186,"lon":-94.8450556,"geocoding":{},"distantMaxMiles":5,"cities":{"Barrouallie":{"countryName":"Saint Vincent And The Grenadines","stateName":"Saint Patrick Parish","name":"Barrouallie","lat":13.23676,"lon":-61.27275,"geocoding":{},"distantMaxMiles":5}}}}}