{"name":"Tuvalu","isoCode":"TV","lat":-8,"lon":178,"geocoding":{},"distantMaxMiles":5,"states":{"Funafuti":{"countryName":"Tuvalu","name":"Funafuti","isoCode":"FUN","lat":-8.5211471,"lon":179.1961926,"geocoding":{},"distantMaxMiles":5,"cities":{"Alapi Village":{"countryName":"Tuvalu","stateName":"Funafuti","name":"Alapi Village","lat":-8.52074,"lon":179.1968,"geocoding":{},"distantMaxMiles":5},"Fakaifou Village":{"countryName":"Tuvalu","stateName":"Funafuti","name":"Fakaifou Village","lat":-8.51758,"lon":179.20094,"geocoding":{},"distantMaxMiles":5},"Funafuti":{"countryName":"Tuvalu","stateName":"Funafuti","name":"Funafuti","lat":-8.52425,"lon":179.19417,"geocoding":{},"distantMaxMiles":5}}},"Nanumanga":{"countryName":"Tuvalu","name":"Nanumanga","isoCode":"NMG","lat":-6.2858019,"lon":176.319928,"geocoding":{},"distantMaxMiles":5,"cities":{"Toga Village":{"countryName":"Tuvalu","stateName":"Nanumanga","name":"Toga Village","lat":-6.28764,"lon":176.31472,"geocoding":{},"distantMaxMiles":5}}},"Nanumea":{"countryName":"Tuvalu","name":"Nanumea","isoCode":"NMA","lat":-5.6881617,"lon":176.1370148,"geocoding":{},"distantMaxMiles":5,"cities":{}},"Niutao Island Council":{"countryName":"Tuvalu","name":"Niutao Island Council","isoCode":"NIT","lat":-6.1064258,"lon":177.3438429,"geocoding":{},"distantMaxMiles":5,"cities":{"Kulia Village":{"countryName":"Tuvalu","stateName":"Niutao Island Council","name":"Kulia Village","lat":-6.10819,"lon":177.33393,"geocoding":{},"distantMaxMiles":5},"Niulakita":{"countryName":"Tuvalu","stateName":"Niutao Island Council","name":"Niulakita","lat":-10.788,"lon":179.466,"geocoding":{},"distantMaxMiles":5}}},"Nui":{"countryName":"Tuvalu","name":"Nui","isoCode":"NUI","lat":-7.2388768,"lon":177.1485232,"geocoding":{},"distantMaxMiles":5,"cities":{"Tanrake Village":{"countryName":"Tuvalu","stateName":"Nui","name":"Tanrake Village","lat":-7.24562,"lon":177.14511,"geocoding":{},"distantMaxMiles":5}}},"Nukufetau":{"countryName":"Tuvalu","name":"Nukufetau","isoCode":"NKF","lat":-8,"lon":178.5,"geocoding":{},"distantMaxMiles":5,"cities":{"Savave Village":{"countryName":"Tuvalu","stateName":"Nukufetau","name":"Savave Village","lat":-8.02731,"lon":178.31351,"geocoding":{},"distantMaxMiles":5}}},"Nukulaelae":{"countryName":"Tuvalu","name":"Nukulaelae","isoCode":"NKL","lat":-9.381111,"lon":179.852222,"geocoding":{},"distantMaxMiles":5,"cities":{}},"Vaitupu":{"countryName":"Tuvalu","name":"Vaitupu","isoCode":"VAI","lat":-7.4767327,"lon":178.6747675,"geocoding":{},"distantMaxMiles":5,"cities":{"Asau Village":{"countryName":"Tuvalu","stateName":"Vaitupu","name":"Asau Village","lat":-7.49026,"lon":178.68016,"geocoding":{},"distantMaxMiles":5}}}}}