{"name":"Bolivia","isoCode":"BO","lat":-17,"lon":-65,"geocoding":{},"distantMaxMiles":5,"states":{"Beni Department":{"countryName":"Bolivia","name":"Beni Department","isoCode":"B","lat":-14.3782747,"lon":-65.0957792,"geocoding":{},"distantMaxMiles":5,"cities":{"Guayaramerín":{"countryName":"Bolivia","stateName":"Beni Department","name":"Guayaramerín","lat":-10.8258,"lon":-65.3581,"geocoding":{},"distantMaxMiles":5},"Provincia Cercado":{"countryName":"Bolivia","stateName":"Beni Department","name":"Provincia Cercado","lat":-14.5,"lon":-64.33333,"geocoding":{},"distantMaxMiles":5},"Provincia General José Ballivián":{"countryName":"Bolivia","stateName":"Beni Department","name":"Provincia General José Ballivián","lat":-14,"lon":-67.08333,"geocoding":{},"distantMaxMiles":5},"Provincia Iténez":{"countryName":"Bolivia","stateName":"Beni Department","name":"Provincia Iténez","lat":-13.41667,"lon":-63.5,"geocoding":{},"distantMaxMiles":5},"Provincia Mamoré":{"countryName":"Bolivia","stateName":"Beni Department","name":"Provincia Mamoré","lat":-13,"lon":-64.91667,"geocoding":{},"distantMaxMiles":5},"Provincia Marbán":{"countryName":"Bolivia","stateName":"Beni Department","name":"Provincia Marbán","lat":-15.66667,"lon":-64.33333,"geocoding":{},"distantMaxMiles":5},"Provincia Moxos":{"countryName":"Bolivia","stateName":"Beni Department","name":"Provincia Moxos","lat":-15.16667,"lon":-65.5,"geocoding":{},"distantMaxMiles":5},"Provincia Vaca Diez":{"countryName":"Bolivia","stateName":"Beni Department","name":"Provincia Vaca Diez","lat":-11.66667,"lon":-66,"geocoding":{},"distantMaxMiles":5},"Provincia Yacuma":{"countryName":"Bolivia","stateName":"Beni Department","name":"Provincia Yacuma","lat":-13.5,"lon":-66,"geocoding":{},"distantMaxMiles":5},"Reyes":{"countryName":"Bolivia","stateName":"Beni Department","name":"Reyes","lat":-14.2952,"lon":-67.33624,"geocoding":{},"distantMaxMiles":5},"Riberalta":{"countryName":"Bolivia","stateName":"Beni Department","name":"Riberalta","lat":-11.00654,"lon":-66.06312,"geocoding":{},"distantMaxMiles":5},"Rurrenabaque":{"countryName":"Bolivia","stateName":"Beni Department","name":"Rurrenabaque","lat":-14.44125,"lon":-67.52781,"geocoding":{},"distantMaxMiles":5},"San Borja":{"countryName":"Bolivia","stateName":"Beni Department","name":"San Borja","lat":-14.81667,"lon":-66.85,"geocoding":{},"distantMaxMiles":5},"San Ramón":{"countryName":"Bolivia","stateName":"Beni Department","name":"San Ramón","lat":-13.28333,"lon":-64.71667,"geocoding":{},"distantMaxMiles":5},"Santa Ana de Yacuma":{"countryName":"Bolivia","stateName":"Beni Department","name":"Santa Ana de Yacuma","lat":-13.74406,"lon":-65.42688,"geocoding":{},"distantMaxMiles":5},"Santa Rosa":{"countryName":"Bolivia","stateName":"Beni Department","name":"Santa Rosa","lat":-14.16667,"lon":-66.88333,"geocoding":{},"distantMaxMiles":5},"Trinidad":{"countryName":"Bolivia","stateName":"Beni Department","name":"Trinidad","lat":-14.83333,"lon":-64.9,"geocoding":{},"distantMaxMiles":5}}},"Chuquisaca Department":{"countryName":"Bolivia","name":"Chuquisaca Department","isoCode":"H","lat":-20.0249144,"lon":-64.1478236,"geocoding":{},"distantMaxMiles":5,"cities":{"Camargo":{"countryName":"Bolivia","stateName":"Chuquisaca Department","name":"Camargo","lat":-20.64064,"lon":-65.20893,"geocoding":{},"distantMaxMiles":5},"Monteagudo":{"countryName":"Bolivia","stateName":"Chuquisaca Department","name":"Monteagudo","lat":-19.79989,"lon":-63.95461,"geocoding":{},"distantMaxMiles":5},"Padilla":{"countryName":"Bolivia","stateName":"Chuquisaca Department","name":"Padilla","lat":-19.30878,"lon":-64.30273,"geocoding":{},"distantMaxMiles":5},"Provincia Azurduy":{"countryName":"Bolivia","stateName":"Chuquisaca Department","name":"Provincia Azurduy","lat":-20,"lon":-64.5,"geocoding":{},"distantMaxMiles":5},"Provincia Belisario Boeto":{"countryName":"Bolivia","stateName":"Chuquisaca Department","name":"Provincia Belisario Boeto","lat":-18.91667,"lon":-64.33333,"geocoding":{},"distantMaxMiles":5},"Provincia Hernando Siles":{"countryName":"Bolivia","stateName":"Chuquisaca Department","name":"Provincia Hernando Siles","lat":-20.16667,"lon":-64.25,"geocoding":{},"distantMaxMiles":5},"Provincia Luis Calvo":{"countryName":"Bolivia","stateName":"Chuquisaca Department","name":"Provincia Luis Calvo","lat":-20.66667,"lon":-63.5,"geocoding":{},"distantMaxMiles":5},"Provincia Nor Cinti":{"countryName":"Bolivia","stateName":"Chuquisaca Department","name":"Provincia Nor Cinti","lat":-20.33333,"lon":-65,"geocoding":{},"distantMaxMiles":5},"Provincia Oropeza":{"countryName":"Bolivia","stateName":"Chuquisaca Department","name":"Provincia Oropeza","lat":-18.66667,"lon":-65.16667,"geocoding":{},"distantMaxMiles":5},"Provincia Sud Cinti":{"countryName":"Bolivia","stateName":"Chuquisaca Department","name":"Provincia Sud Cinti","lat":-20.91667,"lon":-64.91667,"geocoding":{},"distantMaxMiles":5},"Provincia Tomina":{"countryName":"Bolivia","stateName":"Chuquisaca Department","name":"Provincia Tomina","lat":-19.5,"lon":-64.16667,"geocoding":{},"distantMaxMiles":5},"Provincia Yamparáez":{"countryName":"Bolivia","stateName":"Chuquisaca Department","name":"Provincia Yamparáez","lat":-19.16667,"lon":-64.91667,"geocoding":{},"distantMaxMiles":5},"Provincia Zudáñez":{"countryName":"Bolivia","stateName":"Chuquisaca Department","name":"Provincia Zudáñez","lat":-18.91667,"lon":-64.83333,"geocoding":{},"distantMaxMiles":5},"Sucre":{"countryName":"Bolivia","stateName":"Chuquisaca Department","name":"Sucre","lat":-19.03332,"lon":-65.26274,"geocoding":{},"distantMaxMiles":5},"Tarabuco":{"countryName":"Bolivia","stateName":"Chuquisaca Department","name":"Tarabuco","lat":-19.18168,"lon":-64.91517,"geocoding":{},"distantMaxMiles":5}}},"Cochabamba Department":{"countryName":"Bolivia","name":"Cochabamba Department","isoCode":"C","lat":-17.5681675,"lon":-65.475736,"geocoding":{},"distantMaxMiles":5,"cities":{"Aiquile":{"countryName":"Bolivia","stateName":"Cochabamba Department","name":"Aiquile","lat":-18.20408,"lon":-65.18068,"geocoding":{},"distantMaxMiles":5},"Arani":{"countryName":"Bolivia","stateName":"Cochabamba Department","name":"Arani","lat":-17.56854,"lon":-65.76883,"geocoding":{},"distantMaxMiles":5},"Bolivar":{"countryName":"Bolivia","stateName":"Cochabamba Department","name":"Bolivar","lat":-17.96667,"lon":-66.53333,"geocoding":{},"distantMaxMiles":5},"Capinota":{"countryName":"Bolivia","stateName":"Cochabamba Department","name":"Capinota","lat":-17.71113,"lon":-66.26082,"geocoding":{},"distantMaxMiles":5},"Chimoré":{"countryName":"Bolivia","stateName":"Cochabamba Department","name":"Chimoré","lat":-16.99417,"lon":-65.1533,"geocoding":{},"distantMaxMiles":5},"Cliza":{"countryName":"Bolivia","stateName":"Cochabamba Department","name":"Cliza","lat":-17.58777,"lon":-65.93253,"geocoding":{},"distantMaxMiles":5},"Cochabamba":{"countryName":"Bolivia","stateName":"Cochabamba Department","name":"Cochabamba","lat":-17.3895,"lon":-66.1568,"geocoding":{},"distantMaxMiles":5},"Colchani":{"countryName":"Bolivia","stateName":"Cochabamba Department","name":"Colchani","lat":-17.31667,"lon":-66.71667,"geocoding":{},"distantMaxMiles":5},"Colomi":{"countryName":"Bolivia","stateName":"Cochabamba Department","name":"Colomi","lat":-17.35,"lon":-65.86667,"geocoding":{},"distantMaxMiles":5},"Independencia":{"countryName":"Bolivia","stateName":"Cochabamba Department","name":"Independencia","lat":-17.08389,"lon":-66.81804,"geocoding":{},"distantMaxMiles":5},"Irpa Irpa":{"countryName":"Bolivia","stateName":"Cochabamba Department","name":"Irpa Irpa","lat":-17.71667,"lon":-66.26667,"geocoding":{},"distantMaxMiles":5},"Mizque":{"countryName":"Bolivia","stateName":"Cochabamba Department","name":"Mizque","lat":-17.94101,"lon":-65.34016,"geocoding":{},"distantMaxMiles":5},"Provincia Arani":{"countryName":"Bolivia","stateName":"Cochabamba Department","name":"Provincia Arani","lat":-17.5,"lon":-65.5,"geocoding":{},"distantMaxMiles":5},"Provincia Arque":{"countryName":"Bolivia","stateName":"Cochabamba Department","name":"Provincia Arque","lat":-17.75,"lon":-66.66667,"geocoding":{},"distantMaxMiles":5},"Provincia Ayopaya":{"countryName":"Bolivia","stateName":"Cochabamba Department","name":"Provincia Ayopaya","lat":-16.5,"lon":-66.58333,"geocoding":{},"distantMaxMiles":5},"Provincia Campero":{"countryName":"Bolivia","stateName":"Cochabamba Department","name":"Provincia Campero","lat":-18.33333,"lon":-65,"geocoding":{},"distantMaxMiles":5},"Provincia Capinota":{"countryName":"Bolivia","stateName":"Cochabamba Department","name":"Provincia Capinota","lat":-17.83333,"lon":-66.16667,"geocoding":{},"distantMaxMiles":5},"Provincia Carrasco":{"countryName":"Bolivia","stateName":"Cochabamba Department","name":"Provincia Carrasco","lat":-17.5,"lon":-65,"geocoding":{},"distantMaxMiles":5},"Provincia Cercado":{"countryName":"Bolivia","stateName":"Cochabamba Department","name":"Provincia Cercado","lat":-17.33333,"lon":-66.16667,"geocoding":{},"distantMaxMiles":5},"Provincia Chaparé":{"countryName":"Bolivia","stateName":"Cochabamba Department","name":"Provincia Chaparé","lat":-16.5,"lon":-65.5,"geocoding":{},"distantMaxMiles":5},"Provincia Esteban Arce":{"countryName":"Bolivia","stateName":"Cochabamba Department","name":"Provincia Esteban Arce","lat":-17.66667,"lon":-66,"geocoding":{},"distantMaxMiles":5},"Provincia Germán Jordán":{"countryName":"Bolivia","stateName":"Cochabamba Department","name":"Provincia Germán Jordán","lat":-17.58333,"lon":-65.91667,"geocoding":{},"distantMaxMiles":5},"Provincia Mizque":{"countryName":"Bolivia","stateName":"Cochabamba Department","name":"Provincia Mizque","lat":-17.90655,"lon":-65.3944,"geocoding":{},"distantMaxMiles":5},"Provincia Punata":{"countryName":"Bolivia","stateName":"Cochabamba Department","name":"Provincia Punata","lat":-17.5,"lon":-65.91667,"geocoding":{},"distantMaxMiles":5},"Provincia Quillacollo":{"countryName":"Bolivia","stateName":"Cochabamba Department","name":"Provincia Quillacollo","lat":-17.5,"lon":-66.5,"geocoding":{},"distantMaxMiles":5},"Provincia Tapacarí":{"countryName":"Bolivia","stateName":"Cochabamba Department","name":"Provincia Tapacarí","lat":-17.51146,"lon":-66.61965,"geocoding":{},"distantMaxMiles":5},"Punata":{"countryName":"Bolivia","stateName":"Cochabamba Department","name":"Punata","lat":-17.54234,"lon":-65.83472,"geocoding":{},"distantMaxMiles":5},"Quillacollo":{"countryName":"Bolivia","stateName":"Cochabamba Department","name":"Quillacollo","lat":-17.39228,"lon":-66.27838,"geocoding":{},"distantMaxMiles":5},"Sacaba":{"countryName":"Bolivia","stateName":"Cochabamba Department","name":"Sacaba","lat":-17.39799,"lon":-66.03825,"geocoding":{},"distantMaxMiles":5},"Sipe Sipe":{"countryName":"Bolivia","stateName":"Cochabamba Department","name":"Sipe Sipe","lat":-17.45,"lon":-66.38333,"geocoding":{},"distantMaxMiles":5},"Tarata":{"countryName":"Bolivia","stateName":"Cochabamba Department","name":"Tarata","lat":-17.60898,"lon":-66.02135,"geocoding":{},"distantMaxMiles":5},"Tiquipaya":{"countryName":"Bolivia","stateName":"Cochabamba Department","name":"Tiquipaya","lat":-17.33801,"lon":-66.21579,"geocoding":{},"distantMaxMiles":5},"Tiraque Province":{"countryName":"Bolivia","stateName":"Cochabamba Department","name":"Tiraque Province","lat":-17.33333,"lon":-65.91667,"geocoding":{},"distantMaxMiles":5},"Totora":{"countryName":"Bolivia","stateName":"Cochabamba Department","name":"Totora","lat":-17.72662,"lon":-65.1932,"geocoding":{},"distantMaxMiles":5}}},"La Paz Department":{"countryName":"Bolivia","name":"La Paz Department","isoCode":"L","geocoding":{},"distantMaxMiles":5,"cities":{"Achacachi":{"countryName":"Bolivia","stateName":"La Paz Department","name":"Achacachi","lat":-16.05,"lon":-68.68333,"geocoding":{},"distantMaxMiles":5},"Amarete":{"countryName":"Bolivia","stateName":"La Paz Department","name":"Amarete","lat":-15.23675,"lon":-68.98462,"geocoding":{},"distantMaxMiles":5},"Batallas":{"countryName":"Bolivia","stateName":"La Paz Department","name":"Batallas","lat":-16.3,"lon":-68.53333,"geocoding":{},"distantMaxMiles":5},"Caranavi":{"countryName":"Bolivia","stateName":"La Paz Department","name":"Caranavi","lat":-15.83652,"lon":-67.56901,"geocoding":{},"distantMaxMiles":5},"Chulumani":{"countryName":"Bolivia","stateName":"La Paz Department","name":"Chulumani","lat":-16.40855,"lon":-67.5294,"geocoding":{},"distantMaxMiles":5},"Colquiri":{"countryName":"Bolivia","stateName":"La Paz Department","name":"Colquiri","lat":-17.38918,"lon":-67.12671,"geocoding":{},"distantMaxMiles":5},"Coripata":{"countryName":"Bolivia","stateName":"La Paz Department","name":"Coripata","lat":-16.3,"lon":-67.6,"geocoding":{},"distantMaxMiles":5},"Coroico":{"countryName":"Bolivia","stateName":"La Paz Department","name":"Coroico","lat":-16.19386,"lon":-67.72998,"geocoding":{},"distantMaxMiles":5},"Curahuara de Carangas":{"countryName":"Bolivia","stateName":"La Paz Department","name":"Curahuara de Carangas","lat":-17.86667,"lon":-68.43333,"geocoding":{},"distantMaxMiles":5},"Eucaliptus":{"countryName":"Bolivia","stateName":"La Paz Department","name":"Eucaliptus","lat":-17.58333,"lon":-67.51667,"geocoding":{},"distantMaxMiles":5},"Guanay":{"countryName":"Bolivia","stateName":"La Paz Department","name":"Guanay","lat":-15.49756,"lon":-67.88332,"geocoding":{},"distantMaxMiles":5},"Huarina":{"countryName":"Bolivia","stateName":"La Paz Department","name":"Huarina","lat":-16.2,"lon":-68.63333,"geocoding":{},"distantMaxMiles":5},"Huatajata":{"countryName":"Bolivia","stateName":"La Paz Department","name":"Huatajata","lat":-16.2,"lon":-68.68333,"geocoding":{},"distantMaxMiles":5},"José Manuel Pando":{"countryName":"Bolivia","stateName":"La Paz Department","name":"José Manuel Pando","lat":-16.1897,"lon":-67.72664,"geocoding":{},"distantMaxMiles":5},"La Paz":{"countryName":"Bolivia","stateName":"La Paz Department","name":"La Paz","lat":-16.5,"lon":-68.15,"geocoding":{},"distantMaxMiles":5},"Lahuachaca":{"countryName":"Bolivia","stateName":"La Paz Department","name":"Lahuachaca","lat":-17.37054,"lon":-67.67501,"geocoding":{},"distantMaxMiles":5},"Mapiri":{"countryName":"Bolivia","stateName":"La Paz Department","name":"Mapiri","lat":-15.25,"lon":-68.16667,"geocoding":{},"distantMaxMiles":5},"Patacamaya":{"countryName":"Bolivia","stateName":"La Paz Department","name":"Patacamaya","lat":-17.2358,"lon":-67.92169,"geocoding":{},"distantMaxMiles":5},"Provincia Aroma":{"countryName":"Bolivia","stateName":"La Paz Department","name":"Provincia Aroma","lat":-17.5,"lon":-68,"geocoding":{},"distantMaxMiles":5},"Provincia Bautista Saavedra":{"countryName":"Bolivia","stateName":"La Paz Department","name":"Provincia Bautista Saavedra","lat":-15,"lon":-68.91667,"geocoding":{},"distantMaxMiles":5},"Provincia Camacho":{"countryName":"Bolivia","stateName":"La Paz Department","name":"Provincia Camacho","lat":-15.5,"lon":-69,"geocoding":{},"distantMaxMiles":5},"Provincia Franz Tamayo":{"countryName":"Bolivia","stateName":"La Paz Department","name":"Provincia Franz Tamayo","lat":-14.5,"lon":-68.33333,"geocoding":{},"distantMaxMiles":5},"Provincia Gualberto Villarroel":{"countryName":"Bolivia","stateName":"La Paz Department","name":"Provincia Gualberto Villarroel","lat":-17.58333,"lon":-68,"geocoding":{},"distantMaxMiles":5},"Provincia Ingavi":{"countryName":"Bolivia","stateName":"La Paz Department","name":"Provincia Ingavi","lat":-16.83333,"lon":-68.66667,"geocoding":{},"distantMaxMiles":5},"Provincia Inquisivi":{"countryName":"Bolivia","stateName":"La Paz Department","name":"Provincia Inquisivi","lat":-17,"lon":-67.08333,"geocoding":{},"distantMaxMiles":5},"Provincia Iturralde":{"countryName":"Bolivia","stateName":"La Paz Department","name":"Provincia Iturralde","lat":-13,"lon":-68,"geocoding":{},"distantMaxMiles":5},"Provincia Larecaja":{"countryName":"Bolivia","stateName":"La Paz Department","name":"Provincia Larecaja","lat":-15.5,"lon":-68.33333,"geocoding":{},"distantMaxMiles":5},"Provincia Loayza":{"countryName":"Bolivia","stateName":"La Paz Department","name":"Provincia Loayza","lat":-17,"lon":-67.66667,"geocoding":{},"distantMaxMiles":5},"Provincia Los Andes":{"countryName":"Bolivia","stateName":"La Paz Department","name":"Provincia Los Andes","lat":-16.33333,"lon":-68.5,"geocoding":{},"distantMaxMiles":5},"Provincia Manco Kapac":{"countryName":"Bolivia","stateName":"La Paz Department","name":"Provincia Manco Kapac","lat":-16,"lon":-69.16667,"geocoding":{},"distantMaxMiles":5},"Provincia Murillo":{"countryName":"Bolivia","stateName":"La Paz Department","name":"Provincia Murillo","lat":-16.33333,"lon":-68,"geocoding":{},"distantMaxMiles":5},"Provincia Muñecas":{"countryName":"Bolivia","stateName":"La Paz Department","name":"Provincia Muñecas","lat":-15.33333,"lon":-68.66667,"geocoding":{},"distantMaxMiles":5},"Provincia Nor Yungas":{"countryName":"Bolivia","stateName":"La Paz Department","name":"Provincia Nor Yungas","lat":-16,"lon":-67.5,"geocoding":{},"distantMaxMiles":5},"Provincia Omasuyos":{"countryName":"Bolivia","stateName":"La Paz Department","name":"Provincia Omasuyos","lat":-15.91667,"lon":-68.83333,"geocoding":{},"distantMaxMiles":5},"Provincia Pacajes":{"countryName":"Bolivia","stateName":"La Paz Department","name":"Provincia Pacajes","lat":-17.5,"lon":-69,"geocoding":{},"distantMaxMiles":5},"Provincia Sud Yungas":{"countryName":"Bolivia","stateName":"La Paz Department","name":"Provincia Sud Yungas","lat":-16.5,"lon":-67.5,"geocoding":{},"distantMaxMiles":5},"Quime":{"countryName":"Bolivia","stateName":"La Paz Department","name":"Quime","lat":-16.98333,"lon":-67.21667,"geocoding":{},"distantMaxMiles":5},"San Pablo":{"countryName":"Bolivia","stateName":"La Paz Department","name":"San Pablo","lat":-16.21667,"lon":-68.83333,"geocoding":{},"distantMaxMiles":5},"San Pedro":{"countryName":"Bolivia","stateName":"La Paz Department","name":"San Pedro","lat":-16.23717,"lon":-68.85063,"geocoding":{},"distantMaxMiles":5},"Sorata":{"countryName":"Bolivia","stateName":"La Paz Department","name":"Sorata","lat":-15.77305,"lon":-68.64973,"geocoding":{},"distantMaxMiles":5},"Tiahuanaco":{"countryName":"Bolivia","stateName":"La Paz Department","name":"Tiahuanaco","lat":-16.55228,"lon":-68.67953,"geocoding":{},"distantMaxMiles":5},"Viloco":{"countryName":"Bolivia","stateName":"La Paz Department","name":"Viloco","lat":-16.95,"lon":-67.55,"geocoding":{},"distantMaxMiles":5},"Yumani":{"countryName":"Bolivia","stateName":"La Paz Department","name":"Yumani","lat":-16.03574,"lon":-69.14843,"geocoding":{},"distantMaxMiles":5}}},"Oruro Department":{"countryName":"Bolivia","name":"Oruro Department","isoCode":"O","lat":-18.5711579,"lon":-67.7615983,"geocoding":{},"distantMaxMiles":5,"cities":{"Challapata":{"countryName":"Bolivia","stateName":"Oruro Department","name":"Challapata","lat":-18.90208,"lon":-66.77048,"geocoding":{},"distantMaxMiles":5},"Huanuni":{"countryName":"Bolivia","stateName":"Oruro Department","name":"Huanuni","lat":-18.289,"lon":-66.83583,"geocoding":{},"distantMaxMiles":5},"Litoral de Atacama":{"countryName":"Bolivia","stateName":"Oruro Department","name":"Litoral de Atacama","lat":-18.76071,"lon":-68.24295,"geocoding":{},"distantMaxMiles":5},"Machacamarca":{"countryName":"Bolivia","stateName":"Oruro Department","name":"Machacamarca","lat":-18.17251,"lon":-67.02099,"geocoding":{},"distantMaxMiles":5},"Nor Carangas Province":{"countryName":"Bolivia","stateName":"Oruro Department","name":"Nor Carangas Province","lat":-17.8375,"lon":-67.9433,"geocoding":{},"distantMaxMiles":5},"Oruro":{"countryName":"Bolivia","stateName":"Oruro Department","name":"Oruro","lat":-17.98333,"lon":-67.15,"geocoding":{},"distantMaxMiles":5},"Poopó":{"countryName":"Bolivia","stateName":"Oruro Department","name":"Poopó","lat":-18.38026,"lon":-66.96695,"geocoding":{},"distantMaxMiles":5},"Provincia Avaroa":{"countryName":"Bolivia","stateName":"Oruro Department","name":"Provincia Avaroa","lat":-19,"lon":-66.66667,"geocoding":{},"distantMaxMiles":5},"Provincia Carangas":{"countryName":"Bolivia","stateName":"Oruro Department","name":"Provincia Carangas","lat":-18.33333,"lon":-67.75,"geocoding":{},"distantMaxMiles":5},"Provincia Cercado":{"countryName":"Bolivia","stateName":"Oruro Department","name":"Provincia Cercado","lat":-17.91667,"lon":-67.08333,"geocoding":{},"distantMaxMiles":5},"Provincia Ladislao Cabrera":{"countryName":"Bolivia","stateName":"Oruro Department","name":"Provincia Ladislao Cabrera","lat":-19.5,"lon":-67.66667,"geocoding":{},"distantMaxMiles":5},"Provincia Pantaleón Dalence":{"countryName":"Bolivia","stateName":"Oruro Department","name":"Provincia Pantaleón Dalence","lat":-18.33333,"lon":-66.91667,"geocoding":{},"distantMaxMiles":5},"Provincia Poopó":{"countryName":"Bolivia","stateName":"Oruro Department","name":"Provincia Poopó","lat":-18.5,"lon":-66.91667,"geocoding":{},"distantMaxMiles":5},"Provincia Sabaya":{"countryName":"Bolivia","stateName":"Oruro Department","name":"Provincia Sabaya","lat":-19,"lon":-68.58333,"geocoding":{},"distantMaxMiles":5},"Provincia Sajama":{"countryName":"Bolivia","stateName":"Oruro Department","name":"Provincia Sajama","lat":-18.2,"lon":-68.55,"geocoding":{},"distantMaxMiles":5},"Provincia San Pedro de Totora":{"countryName":"Bolivia","stateName":"Oruro Department","name":"Provincia San Pedro de Totora","lat":-17.83333,"lon":-68.2,"geocoding":{},"distantMaxMiles":5},"Provincia Saucari":{"countryName":"Bolivia","stateName":"Oruro Department","name":"Provincia Saucari","lat":-18.25,"lon":-67.41667,"geocoding":{},"distantMaxMiles":5},"Provincia Tomás Barron":{"countryName":"Bolivia","stateName":"Oruro Department","name":"Provincia Tomás Barron","lat":-17.83333,"lon":-68.25,"geocoding":{},"distantMaxMiles":5},"Puerto de Mejillones":{"countryName":"Bolivia","stateName":"Oruro Department","name":"Puerto de Mejillones","lat":-18.99266,"lon":-68.68446,"geocoding":{},"distantMaxMiles":5},"Sebastian Pagador Province":{"countryName":"Bolivia","stateName":"Oruro Department","name":"Sebastian Pagador Province","lat":-19.21667,"lon":-66.21667,"geocoding":{},"distantMaxMiles":5},"Sud Carangas Province":{"countryName":"Bolivia","stateName":"Oruro Department","name":"Sud Carangas Province","lat":-18.5,"lon":-68.25,"geocoding":{},"distantMaxMiles":5},"Totoral":{"countryName":"Bolivia","stateName":"Oruro Department","name":"Totoral","lat":-18.49587,"lon":-66.8738,"geocoding":{},"distantMaxMiles":5}}},"Pando Department":{"countryName":"Bolivia","name":"Pando Department","isoCode":"N","lat":-10.7988901,"lon":-66.9988011,"geocoding":{},"distantMaxMiles":5,"cities":{"Cobija":{"countryName":"Bolivia","stateName":"Pando Department","name":"Cobija","lat":-11.02671,"lon":-68.76918,"geocoding":{},"distantMaxMiles":5},"Provincia Abuná":{"countryName":"Bolivia","stateName":"Pando Department","name":"Provincia Abuná","lat":-10.5,"lon":-66.5,"geocoding":{},"distantMaxMiles":5},"Provincia General Federico Román":{"countryName":"Bolivia","stateName":"Pando Department","name":"Provincia General Federico Román","lat":-10.33333,"lon":-65.88333,"geocoding":{},"distantMaxMiles":5},"Provincia Madre de Dios":{"countryName":"Bolivia","stateName":"Pando Department","name":"Provincia Madre de Dios","lat":-11.58333,"lon":-67,"geocoding":{},"distantMaxMiles":5},"Provincia Manuripi":{"countryName":"Bolivia","stateName":"Pando Department","name":"Provincia Manuripi","lat":-11.33333,"lon":-67.5,"geocoding":{},"distantMaxMiles":5},"Provincia Nicolás Suárez":{"countryName":"Bolivia","stateName":"Pando Department","name":"Provincia Nicolás Suárez","lat":-11.33333,"lon":-68.5,"geocoding":{},"distantMaxMiles":5}}},"Potosí Department":{"countryName":"Bolivia","name":"Potosí Department","isoCode":"P","lat":-20.624713,"lon":-66.9988011,"geocoding":{},"distantMaxMiles":5,"cities":{"Atocha":{"countryName":"Bolivia","stateName":"Potosí Department","name":"Atocha","lat":-20.93515,"lon":-66.22139,"geocoding":{},"distantMaxMiles":5},"Betanzos":{"countryName":"Bolivia","stateName":"Potosí Department","name":"Betanzos","lat":-19.55293,"lon":-65.45395,"geocoding":{},"distantMaxMiles":5},"Colchani":{"countryName":"Bolivia","stateName":"Potosí Department","name":"Colchani","lat":-20.3,"lon":-66.93333,"geocoding":{},"distantMaxMiles":5},"Colquechaca":{"countryName":"Bolivia","stateName":"Potosí Department","name":"Colquechaca","lat":-18.70031,"lon":-66.00397,"geocoding":{},"distantMaxMiles":5},"Enrique Baldivieso":{"countryName":"Bolivia","stateName":"Potosí Department","name":"Enrique Baldivieso","lat":-21.38323,"lon":-67.60368,"geocoding":{},"distantMaxMiles":5},"Llallagua":{"countryName":"Bolivia","stateName":"Potosí Department","name":"Llallagua","lat":-18.42426,"lon":-66.58388,"geocoding":{},"distantMaxMiles":5},"Potosí":{"countryName":"Bolivia","stateName":"Potosí Department","name":"Potosí","lat":-19.58361,"lon":-65.75306,"geocoding":{},"distantMaxMiles":5},"Provincia Alonzo de Ibáñez":{"countryName":"Bolivia","stateName":"Potosí Department","name":"Provincia Alonzo de Ibáñez","lat":-18.5,"lon":-66.33333,"geocoding":{},"distantMaxMiles":5},"Provincia Charcas":{"countryName":"Bolivia","stateName":"Potosí Department","name":"Provincia Charcas","lat":-18.33333,"lon":-65.83333,"geocoding":{},"distantMaxMiles":5},"Provincia Chayanta":{"countryName":"Bolivia","stateName":"Potosí Department","name":"Provincia Chayanta","lat":-18.91667,"lon":-66,"geocoding":{},"distantMaxMiles":5},"Provincia Daniel Campos":{"countryName":"Bolivia","stateName":"Potosí Department","name":"Provincia Daniel Campos","lat":-20.25,"lon":-68.25,"geocoding":{},"distantMaxMiles":5},"Provincia General Bilbao":{"countryName":"Bolivia","stateName":"Potosí Department","name":"Provincia General Bilbao","lat":-18.08333,"lon":-66,"geocoding":{},"distantMaxMiles":5},"Provincia Linares":{"countryName":"Bolivia","stateName":"Potosí Department","name":"Provincia Linares","lat":-19.83333,"lon":-65.5,"geocoding":{},"distantMaxMiles":5},"Provincia Modesto Omiste":{"countryName":"Bolivia","stateName":"Potosí Department","name":"Provincia Modesto Omiste","lat":-21.91667,"lon":-65.58333,"geocoding":{},"distantMaxMiles":5},"Provincia Nor Chichas":{"countryName":"Bolivia","stateName":"Potosí Department","name":"Provincia Nor Chichas","lat":-20.66667,"lon":-66,"geocoding":{},"distantMaxMiles":5},"Provincia Nor Lípez":{"countryName":"Bolivia","stateName":"Potosí Department","name":"Provincia Nor Lípez","lat":-20.5,"lon":-67.83333,"geocoding":{},"distantMaxMiles":5},"Provincia Quijarro":{"countryName":"Bolivia","stateName":"Potosí Department","name":"Provincia Quijarro","lat":-20,"lon":-66.33333,"geocoding":{},"distantMaxMiles":5},"Provincia Rafael Bustillo":{"countryName":"Bolivia","stateName":"Potosí Department","name":"Provincia Rafael Bustillo","lat":-18.33333,"lon":-66.5,"geocoding":{},"distantMaxMiles":5},"Provincia Saavedra":{"countryName":"Bolivia","stateName":"Potosí Department","name":"Provincia Saavedra","lat":-19.25,"lon":-65.5,"geocoding":{},"distantMaxMiles":5},"Provincia Sud Chichas":{"countryName":"Bolivia","stateName":"Potosí Department","name":"Provincia Sud Chichas","lat":-21.5,"lon":-66,"geocoding":{},"distantMaxMiles":5},"Provincia Sud Lípez":{"countryName":"Bolivia","stateName":"Potosí Department","name":"Provincia Sud Lípez","lat":-22,"lon":-67.5,"geocoding":{},"distantMaxMiles":5},"Provincia Tomás Frías":{"countryName":"Bolivia","stateName":"Potosí Department","name":"Provincia Tomás Frías","lat":-19.33333,"lon":-66,"geocoding":{},"distantMaxMiles":5},"Santa Bárbara":{"countryName":"Bolivia","stateName":"Potosí Department","name":"Santa Bárbara","lat":-20.91667,"lon":-66.05,"geocoding":{},"distantMaxMiles":5},"Tupiza":{"countryName":"Bolivia","stateName":"Potosí Department","name":"Tupiza","lat":-21.44345,"lon":-65.71875,"geocoding":{},"distantMaxMiles":5},"Uyuni":{"countryName":"Bolivia","stateName":"Potosí Department","name":"Uyuni","lat":-20.45967,"lon":-66.82503,"geocoding":{},"distantMaxMiles":5},"Villazón":{"countryName":"Bolivia","stateName":"Potosí Department","name":"Villazón","lat":-22.08659,"lon":-65.59422,"geocoding":{},"distantMaxMiles":5}}},"Santa Cruz Department":{"countryName":"Bolivia","name":"Santa Cruz Department","isoCode":"S","lat":-16.7476037,"lon":-62.0750998,"geocoding":{},"distantMaxMiles":5,"cities":{"Abapó":{"countryName":"Bolivia","stateName":"Santa Cruz Department","name":"Abapó","lat":-18.88279,"lon":-63.38026,"geocoding":{},"distantMaxMiles":5},"Ascención de Guarayos":{"countryName":"Bolivia","stateName":"Santa Cruz Department","name":"Ascención de Guarayos","lat":-15.89299,"lon":-63.18855,"geocoding":{},"distantMaxMiles":5},"Ascensión":{"countryName":"Bolivia","stateName":"Santa Cruz Department","name":"Ascensión","lat":-15.7,"lon":-63.08333,"geocoding":{},"distantMaxMiles":5},"Boyuibe":{"countryName":"Bolivia","stateName":"Santa Cruz Department","name":"Boyuibe","lat":-20.43227,"lon":-63.28147,"geocoding":{},"distantMaxMiles":5},"Buena Vista":{"countryName":"Bolivia","stateName":"Santa Cruz Department","name":"Buena Vista","lat":-17.4583,"lon":-63.67126,"geocoding":{},"distantMaxMiles":5},"Camiri":{"countryName":"Bolivia","stateName":"Santa Cruz Department","name":"Camiri","lat":-20.03849,"lon":-63.51833,"geocoding":{},"distantMaxMiles":5},"Charagua":{"countryName":"Bolivia","stateName":"Santa Cruz Department","name":"Charagua","lat":-19.79151,"lon":-63.19864,"geocoding":{},"distantMaxMiles":5},"Comarapa":{"countryName":"Bolivia","stateName":"Santa Cruz Department","name":"Comarapa","lat":-17.91537,"lon":-64.53163,"geocoding":{},"distantMaxMiles":5},"Concepción":{"countryName":"Bolivia","stateName":"Santa Cruz Department","name":"Concepción","lat":-16.43333,"lon":-60.9,"geocoding":{},"distantMaxMiles":5},"Cotoca":{"countryName":"Bolivia","stateName":"Santa Cruz Department","name":"Cotoca","lat":-17.81667,"lon":-63.05,"geocoding":{},"distantMaxMiles":5},"German Busch":{"countryName":"Bolivia","stateName":"Santa Cruz Department","name":"German Busch","lat":-17.77317,"lon":-63.19087,"geocoding":{},"distantMaxMiles":5},"Guarayos":{"countryName":"Bolivia","stateName":"Santa Cruz Department","name":"Guarayos","lat":-15.82132,"lon":-63.2428,"geocoding":{},"distantMaxMiles":5},"Jorochito":{"countryName":"Bolivia","stateName":"Santa Cruz Department","name":"Jorochito","lat":-18.05514,"lon":-63.42821,"geocoding":{},"distantMaxMiles":5},"La Bélgica":{"countryName":"Bolivia","stateName":"Santa Cruz Department","name":"La Bélgica","lat":-17.55,"lon":-63.21667,"geocoding":{},"distantMaxMiles":5},"Limoncito":{"countryName":"Bolivia","stateName":"Santa Cruz Department","name":"Limoncito","lat":-18.03104,"lon":-63.40523,"geocoding":{},"distantMaxMiles":5},"Los Negros":{"countryName":"Bolivia","stateName":"Santa Cruz Department","name":"Los Negros","lat":-17.73333,"lon":-63.43333,"geocoding":{},"distantMaxMiles":5},"Mairana":{"countryName":"Bolivia","stateName":"Santa Cruz Department","name":"Mairana","lat":-18.11919,"lon":-63.95965,"geocoding":{},"distantMaxMiles":5},"Mineros":{"countryName":"Bolivia","stateName":"Santa Cruz Department","name":"Mineros","lat":-17.11876,"lon":-63.231,"geocoding":{},"distantMaxMiles":5},"Montero":{"countryName":"Bolivia","stateName":"Santa Cruz Department","name":"Montero","lat":-17.33866,"lon":-63.2505,"geocoding":{},"distantMaxMiles":5},"Okinawa Número Uno":{"countryName":"Bolivia","stateName":"Santa Cruz Department","name":"Okinawa Número Uno","lat":-17.23333,"lon":-62.81667,"geocoding":{},"distantMaxMiles":5},"Pailón":{"countryName":"Bolivia","stateName":"Santa Cruz Department","name":"Pailón","lat":-17.65,"lon":-62.75,"geocoding":{},"distantMaxMiles":5},"Paurito":{"countryName":"Bolivia","stateName":"Santa Cruz Department","name":"Paurito","lat":-17.88333,"lon":-62.96667,"geocoding":{},"distantMaxMiles":5},"Portachuelo":{"countryName":"Bolivia","stateName":"Santa Cruz Department","name":"Portachuelo","lat":-17.35168,"lon":-63.39282,"geocoding":{},"distantMaxMiles":5},"Provincia Andrés Ibáñez":{"countryName":"Bolivia","stateName":"Santa Cruz Department","name":"Provincia Andrés Ibáñez","lat":-17.75,"lon":-63.25,"geocoding":{},"distantMaxMiles":5},"Provincia Chiquitos":{"countryName":"Bolivia","stateName":"Santa Cruz Department","name":"Provincia Chiquitos","lat":-18,"lon":-60,"geocoding":{},"distantMaxMiles":5},"Provincia Cordillera":{"countryName":"Bolivia","stateName":"Santa Cruz Department","name":"Provincia Cordillera","lat":-19,"lon":-61.5,"geocoding":{},"distantMaxMiles":5},"Provincia Florida":{"countryName":"Bolivia","stateName":"Santa Cruz Department","name":"Provincia Florida","lat":-18,"lon":-63.91667,"geocoding":{},"distantMaxMiles":5},"Provincia Ichilo":{"countryName":"Bolivia","stateName":"Santa Cruz Department","name":"Provincia Ichilo","lat":-17,"lon":-64,"geocoding":{},"distantMaxMiles":5},"Provincia Manuel María Caballero":{"countryName":"Bolivia","stateName":"Santa Cruz Department","name":"Provincia Manuel María Caballero","lat":-17.83333,"lon":-64.41667,"geocoding":{},"distantMaxMiles":5},"Provincia Santiesteban":{"countryName":"Bolivia","stateName":"Santa Cruz Department","name":"Provincia Santiesteban","lat":-16.5,"lon":-63.5,"geocoding":{},"distantMaxMiles":5},"Provincia Sara":{"countryName":"Bolivia","stateName":"Santa Cruz Department","name":"Provincia Sara","lat":-16.83333,"lon":-63.91667,"geocoding":{},"distantMaxMiles":5},"Provincia Vallegrande":{"countryName":"Bolivia","stateName":"Santa Cruz Department","name":"Provincia Vallegrande","lat":-18.5,"lon":-64.16667,"geocoding":{},"distantMaxMiles":5},"Provincia Velasco":{"countryName":"Bolivia","stateName":"Santa Cruz Department","name":"Provincia Velasco","lat":-15.5,"lon":-61,"geocoding":{},"distantMaxMiles":5},"Provincia Warnes":{"countryName":"Bolivia","stateName":"Santa Cruz Department","name":"Provincia Warnes","lat":-17.33333,"lon":-63,"geocoding":{},"distantMaxMiles":5},"Provincia Ángel Sandoval":{"countryName":"Bolivia","stateName":"Santa Cruz Department","name":"Provincia Ángel Sandoval","lat":-17.5,"lon":-58.5,"geocoding":{},"distantMaxMiles":5},"Provincia Ñuflo de Chávez":{"countryName":"Bolivia","stateName":"Santa Cruz Department","name":"Provincia Ñuflo de Chávez","lat":-15.91667,"lon":-62.5,"geocoding":{},"distantMaxMiles":5},"Puerto Quijarro":{"countryName":"Bolivia","stateName":"Santa Cruz Department","name":"Puerto Quijarro","lat":-17.78333,"lon":-57.76667,"geocoding":{},"distantMaxMiles":5},"Puesto de Pailas":{"countryName":"Bolivia","stateName":"Santa Cruz Department","name":"Puesto de Pailas","lat":-17.65,"lon":-62.8,"geocoding":{},"distantMaxMiles":5},"Roboré":{"countryName":"Bolivia","stateName":"Santa Cruz Department","name":"Roboré","lat":-18.33473,"lon":-59.76142,"geocoding":{},"distantMaxMiles":5},"Samaipata":{"countryName":"Bolivia","stateName":"Santa Cruz Department","name":"Samaipata","lat":-18.18005,"lon":-63.87552,"geocoding":{},"distantMaxMiles":5},"San Carlos":{"countryName":"Bolivia","stateName":"Santa Cruz Department","name":"San Carlos","lat":-17.4,"lon":-63.75,"geocoding":{},"distantMaxMiles":5},"San Ignacio de Velasco":{"countryName":"Bolivia","stateName":"Santa Cruz Department","name":"San Ignacio de Velasco","lat":-16.36667,"lon":-60.95,"geocoding":{},"distantMaxMiles":5},"San Juan del Surutú":{"countryName":"Bolivia","stateName":"Santa Cruz Department","name":"San Juan del Surutú","lat":-17.48333,"lon":-63.7,"geocoding":{},"distantMaxMiles":5},"San Julian":{"countryName":"Bolivia","stateName":"Santa Cruz Department","name":"San Julian","lat":-17.78333,"lon":-62.86667,"geocoding":{},"distantMaxMiles":5},"San Matías":{"countryName":"Bolivia","stateName":"Santa Cruz Department","name":"San Matías","lat":-16.36667,"lon":-58.4,"geocoding":{},"distantMaxMiles":5},"San Pedro":{"countryName":"Bolivia","stateName":"Santa Cruz Department","name":"San Pedro","lat":-18.28333,"lon":-59.81667,"geocoding":{},"distantMaxMiles":5},"Santa Cruz de la Sierra":{"countryName":"Bolivia","stateName":"Santa Cruz Department","name":"Santa Cruz de la Sierra","lat":-17.78629,"lon":-63.18117,"geocoding":{},"distantMaxMiles":5},"Santa Rita":{"countryName":"Bolivia","stateName":"Santa Cruz Department","name":"Santa Rita","lat":-17.96667,"lon":-63.35,"geocoding":{},"distantMaxMiles":5},"Santa Rosa del Sara":{"countryName":"Bolivia","stateName":"Santa Cruz Department","name":"Santa Rosa del Sara","lat":-17.10916,"lon":-63.59514,"geocoding":{},"distantMaxMiles":5},"Santiago del Torno":{"countryName":"Bolivia","stateName":"Santa Cruz Department","name":"Santiago del Torno","lat":-17.98674,"lon":-63.38118,"geocoding":{},"distantMaxMiles":5},"Urubichá":{"countryName":"Bolivia","stateName":"Santa Cruz Department","name":"Urubichá","lat":-15.39286,"lon":-62.94661,"geocoding":{},"distantMaxMiles":5},"Vallegrande":{"countryName":"Bolivia","stateName":"Santa Cruz Department","name":"Vallegrande","lat":-18.48923,"lon":-64.10609,"geocoding":{},"distantMaxMiles":5},"Villa Yapacaní":{"countryName":"Bolivia","stateName":"Santa Cruz Department","name":"Villa Yapacaní","lat":-17.4,"lon":-63.83333,"geocoding":{},"distantMaxMiles":5},"Warnes":{"countryName":"Bolivia","stateName":"Santa Cruz Department","name":"Warnes","lat":-17.5163,"lon":-63.16778,"geocoding":{},"distantMaxMiles":5}}},"Tarija Department":{"countryName":"Bolivia","name":"Tarija Department","isoCode":"T","lat":-21.5831595,"lon":-63.9586111,"geocoding":{},"distantMaxMiles":5,"cities":{"Bermejo":{"countryName":"Bolivia","stateName":"Tarija Department","name":"Bermejo","lat":-22.73206,"lon":-64.33724,"geocoding":{},"distantMaxMiles":5},"Entre Ríos":{"countryName":"Bolivia","stateName":"Tarija Department","name":"Entre Ríos","lat":-21.52661,"lon":-64.17299,"geocoding":{},"distantMaxMiles":5},"Provincia Arce":{"countryName":"Bolivia","stateName":"Tarija Department","name":"Provincia Arce","lat":-22.16667,"lon":-64.33333,"geocoding":{},"distantMaxMiles":5},"Provincia Avilez":{"countryName":"Bolivia","stateName":"Tarija Department","name":"Provincia Avilez","lat":-21.66667,"lon":-65,"geocoding":{},"distantMaxMiles":5},"Provincia Cercado":{"countryName":"Bolivia","stateName":"Tarija Department","name":"Provincia Cercado","lat":-21.58333,"lon":-64.58333,"geocoding":{},"distantMaxMiles":5},"Provincia Gran Chaco":{"countryName":"Bolivia","stateName":"Tarija Department","name":"Provincia Gran Chaco","lat":-21.66667,"lon":-63,"geocoding":{},"distantMaxMiles":5},"Provincia Méndez":{"countryName":"Bolivia","stateName":"Tarija Department","name":"Provincia Méndez","lat":-21.16667,"lon":-64.91667,"geocoding":{},"distantMaxMiles":5},"Provincia O’Connor":{"countryName":"Bolivia","stateName":"Tarija Department","name":"Provincia O’Connor","lat":-21.58333,"lon":-64.16667,"geocoding":{},"distantMaxMiles":5},"Tarija":{"countryName":"Bolivia","stateName":"Tarija Department","name":"Tarija","lat":-21.53549,"lon":-64.72956,"geocoding":{},"distantMaxMiles":5},"Villamontes":{"countryName":"Bolivia","stateName":"Tarija Department","name":"Villamontes","lat":-21.26235,"lon":-63.46903,"geocoding":{},"distantMaxMiles":5},"Yacuiba":{"countryName":"Bolivia","stateName":"Tarija Department","name":"Yacuiba","lat":-22.01643,"lon":-63.67753,"geocoding":{},"distantMaxMiles":5}}}}}