{"name":"Ecuador","isoCode":"EC","lat":-2,"lon":-77.5,"geocoding":{},"distantMaxMiles":5,"states":{"Azuay":{"countryName":"Ecuador","name":"Azuay","isoCode":"A","lat":-2.8943068,"lon":-78.9968344,"geocoding":{},"distantMaxMiles":5,"cities":{"Cantón San Fernando":{"countryName":"Ecuador","stateName":"Azuay","name":"Cantón San Fernando","lat":-3.13349,"lon":-79.26893,"geocoding":{},"distantMaxMiles":5},"Cuenca":{"countryName":"Ecuador","stateName":"Azuay","name":"Cuenca","lat":-2.90055,"lon":-79.00453,"geocoding":{},"distantMaxMiles":5},"Gualaceo":{"countryName":"Ecuador","stateName":"Azuay","name":"Gualaceo","lat":-2.89264,"lon":-78.77814,"geocoding":{},"distantMaxMiles":5},"La Unión":{"countryName":"Ecuador","stateName":"Azuay","name":"La Unión","lat":-2.85,"lon":-78.78333,"geocoding":{},"distantMaxMiles":5},"Llacao":{"countryName":"Ecuador","stateName":"Azuay","name":"Llacao","lat":-2.86667,"lon":-78.88333,"geocoding":{},"distantMaxMiles":5},"Nulti":{"countryName":"Ecuador","stateName":"Azuay","name":"Nulti","lat":-2.91667,"lon":-78.85,"geocoding":{},"distantMaxMiles":5}}},"Bolívar":{"countryName":"Ecuador","name":"Bolívar","isoCode":"B","lat":-1.7095828,"lon":-79.0450429,"geocoding":{},"distantMaxMiles":5,"cities":{"Guaranda":{"countryName":"Ecuador","stateName":"Bolívar","name":"Guaranda","lat":-1.59263,"lon":-79.00098,"geocoding":{},"distantMaxMiles":5},"San Miguel":{"countryName":"Ecuador","stateName":"Bolívar","name":"San Miguel","lat":-1.70884,"lon":-79.04311,"geocoding":{},"distantMaxMiles":5}}},"Carchi":{"countryName":"Ecuador","name":"Carchi","isoCode":"C","lat":0.5026912,"lon":-77.9042521,"geocoding":{},"distantMaxMiles":5,"cities":{"El Ángel":{"countryName":"Ecuador","stateName":"Carchi","name":"El Ángel","lat":0.62279,"lon":-77.94003,"geocoding":{},"distantMaxMiles":5},"San Gabriel":{"countryName":"Ecuador","stateName":"Carchi","name":"San Gabriel","lat":0.59318,"lon":-77.83078,"geocoding":{},"distantMaxMiles":5},"Tulcán":{"countryName":"Ecuador","stateName":"Carchi","name":"Tulcán","lat":0.81187,"lon":-77.71727,"geocoding":{},"distantMaxMiles":5}}},"Cañar":{"countryName":"Ecuador","name":"Cañar","isoCode":"F","lat":-2.5589315,"lon":-78.9388191,"geocoding":{},"distantMaxMiles":5,"cities":{"Azogues":{"countryName":"Ecuador","stateName":"Cañar","name":"Azogues","lat":-2.73969,"lon":-78.8486,"geocoding":{},"distantMaxMiles":5},"Cañar":{"countryName":"Ecuador","stateName":"Cañar","name":"Cañar","lat":-2.56062,"lon":-78.9394,"geocoding":{},"distantMaxMiles":5},"La Troncal":{"countryName":"Ecuador","stateName":"Cañar","name":"La Troncal","lat":-2.42355,"lon":-79.33977,"geocoding":{},"distantMaxMiles":5}}},"Chimborazo":{"countryName":"Ecuador","name":"Chimborazo","isoCode":"H","lat":-1.6647995,"lon":-78.6543255,"geocoding":{},"distantMaxMiles":5,"cities":{"Alausí":{"countryName":"Ecuador","stateName":"Chimborazo","name":"Alausí","lat":-2.20329,"lon":-78.84714,"geocoding":{},"distantMaxMiles":5},"Guano":{"countryName":"Ecuador","stateName":"Chimborazo","name":"Guano","lat":-1.60789,"lon":-78.63105,"geocoding":{},"distantMaxMiles":5},"Riobamba":{"countryName":"Ecuador","stateName":"Chimborazo","name":"Riobamba","lat":-1.67098,"lon":-78.64712,"geocoding":{},"distantMaxMiles":5}}},"Cotopaxi":{"countryName":"Ecuador","name":"Cotopaxi","isoCode":"X","lat":-0.8384206,"lon":-78.6662678,"geocoding":{},"distantMaxMiles":5,"cities":{"La Maná":{"countryName":"Ecuador","stateName":"Cotopaxi","name":"La Maná","lat":-0.94094,"lon":-79.22506,"geocoding":{},"distantMaxMiles":5},"Latacunga":{"countryName":"Ecuador","stateName":"Cotopaxi","name":"Latacunga","lat":-0.93521,"lon":-78.61554,"geocoding":{},"distantMaxMiles":5},"Pujilí":{"countryName":"Ecuador","stateName":"Cotopaxi","name":"Pujilí","lat":-0.95759,"lon":-78.69636,"geocoding":{},"distantMaxMiles":5},"San Miguel de Salcedo":{"countryName":"Ecuador","stateName":"Cotopaxi","name":"San Miguel de Salcedo","lat":-1.04547,"lon":-78.59063,"geocoding":{},"distantMaxMiles":5},"Saquisilí":{"countryName":"Ecuador","stateName":"Cotopaxi","name":"Saquisilí","lat":-0.8399,"lon":-78.667,"geocoding":{},"distantMaxMiles":5}}},"El Oro":{"countryName":"Ecuador","name":"El Oro","isoCode":"O","lat":-3.2592413,"lon":-79.9583541,"geocoding":{},"distantMaxMiles":5,"cities":{"Huaquillas":{"countryName":"Ecuador","stateName":"El Oro","name":"Huaquillas","lat":-3.47523,"lon":-80.23084,"geocoding":{},"distantMaxMiles":5},"Machala":{"countryName":"Ecuador","stateName":"El Oro","name":"Machala","lat":-3.25861,"lon":-79.96053,"geocoding":{},"distantMaxMiles":5},"Pasaje":{"countryName":"Ecuador","stateName":"El Oro","name":"Pasaje","lat":-3.32561,"lon":-79.80697,"geocoding":{},"distantMaxMiles":5},"Piñas":{"countryName":"Ecuador","stateName":"El Oro","name":"Piñas","lat":-3.68107,"lon":-79.68083,"geocoding":{},"distantMaxMiles":5},"Portovelo":{"countryName":"Ecuador","stateName":"El Oro","name":"Portovelo","lat":-3.72145,"lon":-79.62187,"geocoding":{},"distantMaxMiles":5},"Puerto Bolívar":{"countryName":"Ecuador","stateName":"El Oro","name":"Puerto Bolívar","lat":-3.26649,"lon":-79.99749,"geocoding":{},"distantMaxMiles":5},"Santa Rosa":{"countryName":"Ecuador","stateName":"El Oro","name":"Santa Rosa","lat":-3.44882,"lon":-79.95952,"geocoding":{},"distantMaxMiles":5},"Zaruma":{"countryName":"Ecuador","stateName":"El Oro","name":"Zaruma","lat":-3.69132,"lon":-79.61174,"geocoding":{},"distantMaxMiles":5}}},"Esmeraldas":{"countryName":"Ecuador","name":"Esmeraldas","isoCode":"E","lat":0.9681789,"lon":-79.6517202,"geocoding":{},"distantMaxMiles":5,"cities":{"Esmeraldas":{"countryName":"Ecuador","stateName":"Esmeraldas","name":"Esmeraldas","lat":0.9592,"lon":-79.65397,"geocoding":{},"distantMaxMiles":5},"Muisne":{"countryName":"Ecuador","stateName":"Esmeraldas","name":"Muisne","lat":0.61129,"lon":-80.01863,"geocoding":{},"distantMaxMiles":5},"Pampanal de Bolívar":{"countryName":"Ecuador","stateName":"Esmeraldas","name":"Pampanal de Bolívar","lat":1.35251,"lon":-78.8936,"geocoding":{},"distantMaxMiles":5},"Rio Verde":{"countryName":"Ecuador","stateName":"Esmeraldas","name":"Rio Verde","lat":1.06235,"lon":-79.39939,"geocoding":{},"distantMaxMiles":5},"Rosa Zarate":{"countryName":"Ecuador","stateName":"Esmeraldas","name":"Rosa Zarate","lat":0.32779,"lon":-79.47407,"geocoding":{},"distantMaxMiles":5},"San Lorenzo de Esmeraldas":{"countryName":"Ecuador","stateName":"Esmeraldas","name":"San Lorenzo de Esmeraldas","lat":1.28626,"lon":-78.83514,"geocoding":{},"distantMaxMiles":5},"Valdez":{"countryName":"Ecuador","stateName":"Esmeraldas","name":"Valdez","lat":1.24917,"lon":-78.98306,"geocoding":{},"distantMaxMiles":5}}},"Galápagos":{"countryName":"Ecuador","name":"Galápagos","isoCode":"W","lat":-0.9537691,"lon":-90.9656019,"geocoding":{},"distantMaxMiles":5,"cities":{"Puerto Ayora":{"countryName":"Ecuador","stateName":"Galápagos","name":"Puerto Ayora","lat":-0.74018,"lon":-90.3138,"geocoding":{},"distantMaxMiles":5},"Puerto Baquerizo Moreno":{"countryName":"Ecuador","stateName":"Galápagos","name":"Puerto Baquerizo Moreno","lat":-0.90172,"lon":-89.61021,"geocoding":{},"distantMaxMiles":5},"Puerto Villamil":{"countryName":"Ecuador","stateName":"Galápagos","name":"Puerto Villamil","lat":-0.95542,"lon":-90.96654,"geocoding":{},"distantMaxMiles":5}}},"Guayas":{"countryName":"Ecuador","name":"Guayas","isoCode":"G","lat":-1.9574839,"lon":-79.9192702,"geocoding":{},"distantMaxMiles":5,"cities":{"Alfredo Baquerizo Moreno":{"countryName":"Ecuador","stateName":"Guayas","name":"Alfredo Baquerizo Moreno","lat":-1.91667,"lon":-79.51667,"geocoding":{},"distantMaxMiles":5},"Balzar":{"countryName":"Ecuador","stateName":"Guayas","name":"Balzar","lat":-1.36501,"lon":-79.90494,"geocoding":{},"distantMaxMiles":5},"Baláo":{"countryName":"Ecuador","stateName":"Guayas","name":"Baláo","lat":-2.911,"lon":-79.81441,"geocoding":{},"distantMaxMiles":5},"Colimes":{"countryName":"Ecuador","stateName":"Guayas","name":"Colimes","lat":-1.54553,"lon":-80.01165,"geocoding":{},"distantMaxMiles":5},"Coronel Marcelino Maridueña":{"countryName":"Ecuador","stateName":"Guayas","name":"Coronel Marcelino Maridueña","lat":-2.20924,"lon":-79.43248,"geocoding":{},"distantMaxMiles":5},"El Triunfo":{"countryName":"Ecuador","stateName":"Guayas","name":"El Triunfo","lat":-1.93333,"lon":-79.96667,"geocoding":{},"distantMaxMiles":5},"Eloy Alfaro":{"countryName":"Ecuador","stateName":"Guayas","name":"Eloy Alfaro","lat":-2.17579,"lon":-79.85519,"geocoding":{},"distantMaxMiles":5},"Guayaquil":{"countryName":"Ecuador","stateName":"Guayas","name":"Guayaquil","lat":-2.19616,"lon":-79.88621,"geocoding":{},"distantMaxMiles":5},"Lomas de Sargentillo":{"countryName":"Ecuador","stateName":"Guayas","name":"Lomas de Sargentillo","lat":-1.88333,"lon":-80.08333,"geocoding":{},"distantMaxMiles":5},"Milagro":{"countryName":"Ecuador","stateName":"Guayas","name":"Milagro","lat":-2.13404,"lon":-79.59415,"geocoding":{},"distantMaxMiles":5},"Naranjal":{"countryName":"Ecuador","stateName":"Guayas","name":"Naranjal","lat":-2.67364,"lon":-79.6183,"geocoding":{},"distantMaxMiles":5},"Naranjito":{"countryName":"Ecuador","stateName":"Guayas","name":"Naranjito","lat":-2.16671,"lon":-79.4654,"geocoding":{},"distantMaxMiles":5},"Palestina":{"countryName":"Ecuador","stateName":"Guayas","name":"Palestina","lat":-1.93709,"lon":-79.71396,"geocoding":{},"distantMaxMiles":5},"Pedro Carbo":{"countryName":"Ecuador","stateName":"Guayas","name":"Pedro Carbo","lat":-1.81563,"lon":-80.23309,"geocoding":{},"distantMaxMiles":5},"Playas":{"countryName":"Ecuador","stateName":"Guayas","name":"Playas","lat":-2.63199,"lon":-80.38808,"geocoding":{},"distantMaxMiles":5},"Samborondón":{"countryName":"Ecuador","stateName":"Guayas","name":"Samborondón","lat":-1.96276,"lon":-79.72402,"geocoding":{},"distantMaxMiles":5},"Santa Lucía":{"countryName":"Ecuador","stateName":"Guayas","name":"Santa Lucía","lat":-2.18333,"lon":-80,"geocoding":{},"distantMaxMiles":5},"Velasco Ibarra":{"countryName":"Ecuador","stateName":"Guayas","name":"Velasco Ibarra","lat":-1.04376,"lon":-79.63837,"geocoding":{},"distantMaxMiles":5},"Yaguachi Nuevo":{"countryName":"Ecuador","stateName":"Guayas","name":"Yaguachi Nuevo","lat":-2.0968,"lon":-79.69485,"geocoding":{},"distantMaxMiles":5}}},"Imbabura":{"countryName":"Ecuador","name":"Imbabura","isoCode":"I","lat":0.3499768,"lon":-78.1260129,"geocoding":{},"distantMaxMiles":5,"cities":{"Atuntaqui":{"countryName":"Ecuador","stateName":"Imbabura","name":"Atuntaqui","lat":0.33247,"lon":-78.21371,"geocoding":{},"distantMaxMiles":5},"Cotacachi":{"countryName":"Ecuador","stateName":"Imbabura","name":"Cotacachi","lat":0.30107,"lon":-78.26428,"geocoding":{},"distantMaxMiles":5},"Ibarra":{"countryName":"Ecuador","stateName":"Imbabura","name":"Ibarra","lat":0.35171,"lon":-78.12233,"geocoding":{},"distantMaxMiles":5},"Otavalo":{"countryName":"Ecuador","stateName":"Imbabura","name":"Otavalo","lat":0.23457,"lon":-78.26248,"geocoding":{},"distantMaxMiles":5},"Pimampiro":{"countryName":"Ecuador","stateName":"Imbabura","name":"Pimampiro","lat":0.39116,"lon":-77.94068,"geocoding":{},"distantMaxMiles":5}}},"Loja":{"countryName":"Ecuador","name":"Loja","isoCode":"L","lat":-3.99313,"lon":-79.20422,"geocoding":{},"distantMaxMiles":5,"cities":{"Loja":{"countryName":"Ecuador","stateName":"Loja","name":"Loja","lat":-3.99313,"lon":-79.20422,"geocoding":{},"distantMaxMiles":5}}},"Los Ríos":{"countryName":"Ecuador","name":"Los Ríos","isoCode":"R","lat":-1.0230607,"lon":-79.4608897,"geocoding":{},"distantMaxMiles":5,"cities":{"Babahoyo":{"countryName":"Ecuador","stateName":"Los Ríos","name":"Babahoyo","lat":-1.80217,"lon":-79.53443,"geocoding":{},"distantMaxMiles":5},"Catarama":{"countryName":"Ecuador","stateName":"Los Ríos","name":"Catarama","lat":-1.57504,"lon":-79.45998,"geocoding":{},"distantMaxMiles":5},"Montalvo":{"countryName":"Ecuador","stateName":"Los Ríos","name":"Montalvo","lat":-1.79008,"lon":-79.28759,"geocoding":{},"distantMaxMiles":5},"Palenque":{"countryName":"Ecuador","stateName":"Los Ríos","name":"Palenque","lat":-1.43795,"lon":-79.75647,"geocoding":{},"distantMaxMiles":5},"Quevedo":{"countryName":"Ecuador","stateName":"Los Ríos","name":"Quevedo","lat":-1.02863,"lon":-79.46352,"geocoding":{},"distantMaxMiles":5},"Ventanas":{"countryName":"Ecuador","stateName":"Los Ríos","name":"Ventanas","lat":-1.44158,"lon":-79.45943,"geocoding":{},"distantMaxMiles":5},"Vinces":{"countryName":"Ecuador","stateName":"Los Ríos","name":"Vinces","lat":-1.55611,"lon":-79.75191,"geocoding":{},"distantMaxMiles":5}}},"Manabí":{"countryName":"Ecuador","name":"Manabí","isoCode":"M","lat":-1.0543434,"lon":-80.452644,"geocoding":{},"distantMaxMiles":5,"cities":{"Bahía de Caráquez":{"countryName":"Ecuador","stateName":"Manabí","name":"Bahía de Caráquez","lat":-0.59792,"lon":-80.42367,"geocoding":{},"distantMaxMiles":5},"Calceta":{"countryName":"Ecuador","stateName":"Manabí","name":"Calceta","lat":-0.84582,"lon":-80.16389,"geocoding":{},"distantMaxMiles":5},"Cantón Portoviejo":{"countryName":"Ecuador","stateName":"Manabí","name":"Cantón Portoviejo","lat":-1.05,"lon":-80.45,"geocoding":{},"distantMaxMiles":5},"Chone":{"countryName":"Ecuador","stateName":"Manabí","name":"Chone","lat":-0.69819,"lon":-80.09361,"geocoding":{},"distantMaxMiles":5},"Jipijapa":{"countryName":"Ecuador","stateName":"Manabí","name":"Jipijapa","lat":-1.34872,"lon":-80.57875,"geocoding":{},"distantMaxMiles":5},"Junín":{"countryName":"Ecuador","stateName":"Manabí","name":"Junín","lat":-0.92777,"lon":-80.20583,"geocoding":{},"distantMaxMiles":5},"Manta":{"countryName":"Ecuador","stateName":"Manabí","name":"Manta","lat":-0.96212,"lon":-80.71271,"geocoding":{},"distantMaxMiles":5},"Montecristi":{"countryName":"Ecuador","stateName":"Manabí","name":"Montecristi","lat":-1.04576,"lon":-80.65889,"geocoding":{},"distantMaxMiles":5},"Paján":{"countryName":"Ecuador","stateName":"Manabí","name":"Paján","lat":-1.55238,"lon":-80.42958,"geocoding":{},"distantMaxMiles":5},"Pedernales":{"countryName":"Ecuador","stateName":"Manabí","name":"Pedernales","lat":0.07167,"lon":-80.0525,"geocoding":{},"distantMaxMiles":5},"Portoviejo":{"countryName":"Ecuador","stateName":"Manabí","name":"Portoviejo","lat":-1.05458,"lon":-80.45445,"geocoding":{},"distantMaxMiles":5},"Rocafuerte":{"countryName":"Ecuador","stateName":"Manabí","name":"Rocafuerte","lat":-0.9236,"lon":-80.44946,"geocoding":{},"distantMaxMiles":5},"San Vicente":{"countryName":"Ecuador","stateName":"Manabí","name":"San Vicente","lat":-0.60435,"lon":-80.40267,"geocoding":{},"distantMaxMiles":5},"Santa Ana":{"countryName":"Ecuador","stateName":"Manabí","name":"Santa Ana","lat":-1.20726,"lon":-80.37132,"geocoding":{},"distantMaxMiles":5},"Sucre":{"countryName":"Ecuador","stateName":"Manabí","name":"Sucre","lat":-1.27974,"lon":-80.41885,"geocoding":{},"distantMaxMiles":5},"Tosagua":{"countryName":"Ecuador","stateName":"Manabí","name":"Tosagua","lat":-0.78679,"lon":-80.23473,"geocoding":{},"distantMaxMiles":5}}},"Morona-Santiago":{"countryName":"Ecuador","name":"Morona-Santiago","isoCode":"S","lat":-2.3051062,"lon":-78.1146866,"geocoding":{},"distantMaxMiles":5,"cities":{"Gualaquiza":{"countryName":"Ecuador","stateName":"Morona-Santiago","name":"Gualaquiza","lat":-3.40359,"lon":-78.58166,"geocoding":{},"distantMaxMiles":5},"Macas":{"countryName":"Ecuador","stateName":"Morona-Santiago","name":"Macas","lat":-2.30868,"lon":-78.11135,"geocoding":{},"distantMaxMiles":5},"Palora":{"countryName":"Ecuador","stateName":"Morona-Santiago","name":"Palora","lat":-1.70131,"lon":-77.96516,"geocoding":{},"distantMaxMiles":5},"Sucúa":{"countryName":"Ecuador","stateName":"Morona-Santiago","name":"Sucúa","lat":-2.45866,"lon":-78.17171,"geocoding":{},"distantMaxMiles":5}}},"Napo":{"countryName":"Ecuador","name":"Napo","isoCode":"N","lat":-0.9955964,"lon":-77.8129684,"geocoding":{},"distantMaxMiles":5,"cities":{"Archidona":{"countryName":"Ecuador","stateName":"Napo","name":"Archidona","lat":-0.9095,"lon":-77.80772,"geocoding":{},"distantMaxMiles":5},"Tena":{"countryName":"Ecuador","stateName":"Napo","name":"Tena","lat":-0.9938,"lon":-77.81286,"geocoding":{},"distantMaxMiles":5}}},"Orellana":{"countryName":"Ecuador","name":"Orellana","isoCode":"D","lat":-0.4545163,"lon":-76.9950286,"geocoding":{},"distantMaxMiles":5,"cities":{"Boca Suno":{"countryName":"Ecuador","stateName":"Orellana","name":"Boca Suno","lat":-0.69832,"lon":-77.14083,"geocoding":{},"distantMaxMiles":5},"Francisco de Orellana Canton":{"countryName":"Ecuador","stateName":"Orellana","name":"Francisco de Orellana Canton","lat":-0.46667,"lon":-76.96667,"geocoding":{},"distantMaxMiles":5},"Loreto Canton":{"countryName":"Ecuador","stateName":"Orellana","name":"Loreto Canton","lat":-0.69487,"lon":-77.30255,"geocoding":{},"distantMaxMiles":5},"Puerto Francisco de Orellana":{"countryName":"Ecuador","stateName":"Orellana","name":"Puerto Francisco de Orellana","lat":-0.46645,"lon":-76.98719,"geocoding":{},"distantMaxMiles":5}}},"Pastaza":{"countryName":"Ecuador","name":"Pastaza","isoCode":"Y","lat":-1.4882265,"lon":-78.0031057,"geocoding":{},"distantMaxMiles":5,"cities":{"Puyo":{"countryName":"Ecuador","stateName":"Pastaza","name":"Puyo","lat":-1.48369,"lon":-78.00257,"geocoding":{},"distantMaxMiles":5}}},"Pichincha":{"countryName":"Ecuador","name":"Pichincha","isoCode":"P","lat":-0.1464847,"lon":-78.4751945,"geocoding":{},"distantMaxMiles":5,"cities":{"Cayambe":{"countryName":"Ecuador","stateName":"Pichincha","name":"Cayambe","lat":0.04084,"lon":-78.14524,"geocoding":{},"distantMaxMiles":5},"Machachi":{"countryName":"Ecuador","stateName":"Pichincha","name":"Machachi","lat":-0.51011,"lon":-78.56712,"geocoding":{},"distantMaxMiles":5},"Quito":{"countryName":"Ecuador","stateName":"Pichincha","name":"Quito","lat":-0.22985,"lon":-78.52495,"geocoding":{},"distantMaxMiles":5},"Sangolquí":{"countryName":"Ecuador","stateName":"Pichincha","name":"Sangolquí","lat":-0.33405,"lon":-78.45217,"geocoding":{},"distantMaxMiles":5},"Tutamandahostel":{"countryName":"Ecuador","stateName":"Pichincha","name":"Tutamandahostel","lat":-0.19727,"lon":-78.4975,"geocoding":{},"distantMaxMiles":5}}},"Santa Elena":{"countryName":"Ecuador","name":"Santa Elena","isoCode":"SE","lat":-2.2267105,"lon":-80.859499,"geocoding":{},"distantMaxMiles":5,"cities":{"La Libertad":{"countryName":"Ecuador","stateName":"Santa Elena","name":"La Libertad","lat":-2.233,"lon":-80.91039,"geocoding":{},"distantMaxMiles":5},"Salinas":{"countryName":"Ecuador","stateName":"Santa Elena","name":"Salinas","lat":-2.21452,"lon":-80.95151,"geocoding":{},"distantMaxMiles":5},"Santa Elena":{"countryName":"Ecuador","stateName":"Santa Elena","name":"Santa Elena","lat":-2.22622,"lon":-80.85873,"geocoding":{},"distantMaxMiles":5}}},"Santo Domingo de los Tsáchilas":{"countryName":"Ecuador","name":"Santo Domingo de los Tsáchilas","isoCode":"SD","lat":-0.2521882,"lon":-79.1879383,"geocoding":{},"distantMaxMiles":5,"cities":{"Santo Domingo de los Colorados":{"countryName":"Ecuador","stateName":"Santo Domingo de los Tsáchilas","name":"Santo Domingo de los Colorados","lat":-0.25305,"lon":-79.17536,"geocoding":{},"distantMaxMiles":5}}},"Sucumbíos":{"countryName":"Ecuador","name":"Sucumbíos","isoCode":"U","lat":0.0889231,"lon":-76.8897557,"geocoding":{},"distantMaxMiles":5,"cities":{"Nueva Loja":{"countryName":"Ecuador","stateName":"Sucumbíos","name":"Nueva Loja","lat":0.086,"lon":-76.89528,"geocoding":{},"distantMaxMiles":5}}},"Tungurahua":{"countryName":"Ecuador","name":"Tungurahua","isoCode":"T","lat":-1.2635284,"lon":-78.5660852,"geocoding":{},"distantMaxMiles":5,"cities":{"Ambato":{"countryName":"Ecuador","stateName":"Tungurahua","name":"Ambato","lat":-1.24908,"lon":-78.61675,"geocoding":{},"distantMaxMiles":5},"Baños":{"countryName":"Ecuador","stateName":"Tungurahua","name":"Baños","lat":-1.39699,"lon":-78.42289,"geocoding":{},"distantMaxMiles":5},"Pelileo":{"countryName":"Ecuador","stateName":"Tungurahua","name":"Pelileo","lat":-1.3299,"lon":-78.54341,"geocoding":{},"distantMaxMiles":5},"Píllaro":{"countryName":"Ecuador","stateName":"Tungurahua","name":"Píllaro","lat":-1.17414,"lon":-78.54676,"geocoding":{},"distantMaxMiles":5}}},"Zamora Chinchipe":{"countryName":"Ecuador","name":"Zamora Chinchipe","isoCode":"Z","lat":-4.0655892,"lon":-78.9503525,"geocoding":{},"distantMaxMiles":5,"cities":{"Yantzaza":{"countryName":"Ecuador","stateName":"Zamora Chinchipe","name":"Yantzaza","lat":-3.83261,"lon":-78.76076,"geocoding":{},"distantMaxMiles":5},"Zamora":{"countryName":"Ecuador","stateName":"Zamora Chinchipe","name":"Zamora","lat":-4.06685,"lon":-78.95488,"geocoding":{},"distantMaxMiles":5}}}}}