{"name":"Benin","isoCode":"BJ","lat":9.5,"lon":2.25,"geocoding":{},"distantMaxMiles":5,"states":{"Alibori Department":{"countryName":"Benin","name":"Alibori Department","isoCode":"AL","lat":10.9681093,"lon":2.7779813,"geocoding":{},"distantMaxMiles":5,"cities":{"Banikoara":{"countryName":"Benin","stateName":"Alibori Department","name":"Banikoara","lat":11.29845,"lon":2.43856,"geocoding":{},"distantMaxMiles":5},"Kandi":{"countryName":"Benin","stateName":"Alibori Department","name":"Kandi","lat":11.13417,"lon":2.93861,"geocoding":{},"distantMaxMiles":5},"Malanville":{"countryName":"Benin","stateName":"Alibori Department","name":"Malanville","lat":11.86819,"lon":3.38327,"geocoding":{},"distantMaxMiles":5}}},"Atakora Department":{"countryName":"Benin","name":"Atakora Department","isoCode":"AK","lat":10.7954931,"lon":1.6760691,"geocoding":{},"distantMaxMiles":5,"cities":{"Guilmaro":{"countryName":"Benin","stateName":"Atakora Department","name":"Guilmaro","lat":10.56583,"lon":1.72444,"geocoding":{},"distantMaxMiles":5},"Natitingou":{"countryName":"Benin","stateName":"Atakora Department","name":"Natitingou","lat":10.30416,"lon":1.37962,"geocoding":{},"distantMaxMiles":5},"Tanguieta":{"countryName":"Benin","stateName":"Atakora Department","name":"Tanguieta","lat":11.03621,"lon":1.41757,"geocoding":{},"distantMaxMiles":5}}},"Atlantique Department":{"countryName":"Benin","name":"Atlantique Department","isoCode":"AQ","lat":6.6588391,"lon":2.2236667,"geocoding":{},"distantMaxMiles":5,"cities":{"Abomey-Calavi":{"countryName":"Benin","stateName":"Atlantique Department","name":"Abomey-Calavi","lat":6.44852,"lon":2.35566,"geocoding":{},"distantMaxMiles":5},"Allada":{"countryName":"Benin","stateName":"Atlantique Department","name":"Allada","lat":6.66547,"lon":2.15138,"geocoding":{},"distantMaxMiles":5},"Hinvi":{"countryName":"Benin","stateName":"Atlantique Department","name":"Hinvi","lat":6.76667,"lon":2.16667,"geocoding":{},"distantMaxMiles":5},"Hévié":{"countryName":"Benin","stateName":"Atlantique Department","name":"Hévié","lat":6.41667,"lon":2.25,"geocoding":{},"distantMaxMiles":5},"Ouidah":{"countryName":"Benin","stateName":"Atlantique Department","name":"Ouidah","lat":6.36307,"lon":2.08506,"geocoding":{},"distantMaxMiles":5}}},"Borgou Department":{"countryName":"Benin","name":"Borgou Department","isoCode":"BO","lat":9.5340864,"lon":2.7779813,"geocoding":{},"distantMaxMiles":5,"cities":{"Bembèrèkè":{"countryName":"Benin","stateName":"Borgou Department","name":"Bembèrèkè","lat":10.22827,"lon":2.66335,"geocoding":{},"distantMaxMiles":5},"Bétérou":{"countryName":"Benin","stateName":"Borgou Department","name":"Bétérou","lat":9.19916,"lon":2.25855,"geocoding":{},"distantMaxMiles":5},"Nikki":{"countryName":"Benin","stateName":"Borgou Department","name":"Nikki","lat":9.94009,"lon":3.21075,"geocoding":{},"distantMaxMiles":5},"Parakou":{"countryName":"Benin","stateName":"Borgou Department","name":"Parakou","lat":9.33716,"lon":2.63031,"geocoding":{},"distantMaxMiles":5},"Tchaourou":{"countryName":"Benin","stateName":"Borgou Department","name":"Tchaourou","lat":8.88649,"lon":2.59753,"geocoding":{},"distantMaxMiles":5}}},"Collines Department":{"countryName":"Benin","name":"Collines Department","isoCode":"CO","lat":8.3022297,"lon":2.302446,"geocoding":{},"distantMaxMiles":5,"cities":{"Comé":{"countryName":"Benin","stateName":"Collines Department","name":"Comé","lat":6.40764,"lon":1.88198,"geocoding":{},"distantMaxMiles":5},"Dassa-Zoumé":{"countryName":"Benin","stateName":"Collines Department","name":"Dassa-Zoumé","lat":7.75,"lon":2.18333,"geocoding":{},"distantMaxMiles":5},"Savalou":{"countryName":"Benin","stateName":"Collines Department","name":"Savalou","lat":7.92807,"lon":1.97558,"geocoding":{},"distantMaxMiles":5},"Savé":{"countryName":"Benin","stateName":"Collines Department","name":"Savé","lat":8.03424,"lon":2.4866,"geocoding":{},"distantMaxMiles":5}}},"Donga Department":{"countryName":"Benin","name":"Donga Department","isoCode":"DO","lat":9.7191867,"lon":1.6760691,"geocoding":{},"distantMaxMiles":5,"cities":{"Bassila":{"countryName":"Benin","stateName":"Donga Department","name":"Bassila","lat":9.00814,"lon":1.6654,"geocoding":{},"distantMaxMiles":5},"Commune of Djougou":{"countryName":"Benin","stateName":"Donga Department","name":"Commune of Djougou","lat":9.643,"lon":1.896,"geocoding":{},"distantMaxMiles":5},"Djougou":{"countryName":"Benin","stateName":"Donga Department","name":"Djougou","lat":9.70853,"lon":1.66598,"geocoding":{},"distantMaxMiles":5}}},"Kouffo Department":{"countryName":"Benin","name":"Kouffo Department","isoCode":"KO","lat":7.0035894,"lon":1.7538817,"geocoding":{},"distantMaxMiles":5,"cities":{"Djakotomey":{"countryName":"Benin","stateName":"Kouffo Department","name":"Djakotomey","lat":6.9,"lon":1.71667,"geocoding":{},"distantMaxMiles":5},"Dogbo":{"countryName":"Benin","stateName":"Kouffo Department","name":"Dogbo","lat":6.79911,"lon":1.78073,"geocoding":{},"distantMaxMiles":5}}},"Littoral Department":{"countryName":"Benin","name":"Littoral Department","isoCode":"LI","lat":6.3806973,"lon":2.4406387,"geocoding":{},"distantMaxMiles":5,"cities":{"Cotonou":{"countryName":"Benin","stateName":"Littoral Department","name":"Cotonou","lat":6.36536,"lon":2.41833,"geocoding":{},"distantMaxMiles":5}}},"Mono Department":{"countryName":"Benin","name":"Mono Department","isoCode":"MO","lat":37.9218608,"lon":-118.9528645,"geocoding":{},"distantMaxMiles":5,"cities":{"Commune of Athieme":{"countryName":"Benin","stateName":"Mono Department","name":"Commune of Athieme","lat":6.56924,"lon":1.70259,"geocoding":{},"distantMaxMiles":5},"Lokossa":{"countryName":"Benin","stateName":"Mono Department","name":"Lokossa","lat":6.63869,"lon":1.71674,"geocoding":{},"distantMaxMiles":5}}},"Ouémé Department":{"countryName":"Benin","name":"Ouémé Department","isoCode":"OU","lat":6.6148152,"lon":2.4999918,"geocoding":{},"distantMaxMiles":5,"cities":{"Porto-Novo":{"countryName":"Benin","stateName":"Ouémé Department","name":"Porto-Novo","lat":6.49646,"lon":2.60359,"geocoding":{},"distantMaxMiles":5}}},"Plateau Department":{"countryName":"Benin","name":"Plateau Department","isoCode":"PL","lat":7.3445141,"lon":2.539603,"geocoding":{},"distantMaxMiles":5,"cities":{"Kétou":{"countryName":"Benin","stateName":"Plateau Department","name":"Kétou","lat":7.36332,"lon":2.59978,"geocoding":{},"distantMaxMiles":5},"Pobé":{"countryName":"Benin","stateName":"Plateau Department","name":"Pobé","lat":6.98008,"lon":2.6649,"geocoding":{},"distantMaxMiles":5},"Sakété":{"countryName":"Benin","stateName":"Plateau Department","name":"Sakété","lat":6.73618,"lon":2.65866,"geocoding":{},"distantMaxMiles":5}}},"Zou Department":{"countryName":"Benin","name":"Zou Department","isoCode":"ZO","lat":7.3469268,"lon":2.0665197,"geocoding":{},"distantMaxMiles":5,"cities":{"Abomey":{"countryName":"Benin","stateName":"Zou Department","name":"Abomey","lat":7.18286,"lon":1.99119,"geocoding":{},"distantMaxMiles":5},"Bohicon":{"countryName":"Benin","stateName":"Zou Department","name":"Bohicon","lat":7.17826,"lon":2.0667,"geocoding":{},"distantMaxMiles":5},"Commune of Agbangnizoun":{"countryName":"Benin","stateName":"Zou Department","name":"Commune of Agbangnizoun","lat":7.076,"lon":1.961,"geocoding":{},"distantMaxMiles":5},"Cové":{"countryName":"Benin","stateName":"Zou Department","name":"Cové","lat":7.22097,"lon":2.34017,"geocoding":{},"distantMaxMiles":5}}}}}