{"name":"Nigeria","isoCode":"NG","lat":10,"lon":8,"geocoding":{},"distantMaxMiles":5,"states":{"Abia":{"countryName":"Nigeria","name":"Abia","isoCode":"AB","lat":5.4527354,"lon":7.5248414,"geocoding":{},"distantMaxMiles":5,"cities":{"Aba":{"countryName":"Nigeria","stateName":"Abia","name":"Aba","lat":5.10658,"lon":7.36667,"geocoding":{},"distantMaxMiles":5},"Amaigbo":{"countryName":"Nigeria","stateName":"Abia","name":"Amaigbo","lat":5.78917,"lon":7.83829,"geocoding":{},"distantMaxMiles":5},"Arochukwu":{"countryName":"Nigeria","stateName":"Abia","name":"Arochukwu","lat":5.38941,"lon":7.91235,"geocoding":{},"distantMaxMiles":5},"Bende":{"countryName":"Nigeria","stateName":"Abia","name":"Bende","lat":5.55874,"lon":7.63359,"geocoding":{},"distantMaxMiles":5},"Ohafia-Ifigh":{"countryName":"Nigeria","stateName":"Abia","name":"Ohafia-Ifigh","lat":5.61455,"lon":7.81191,"geocoding":{},"distantMaxMiles":5},"Umuahia":{"countryName":"Nigeria","stateName":"Abia","name":"Umuahia","lat":5.52491,"lon":7.49461,"geocoding":{},"distantMaxMiles":5}}},"Abuja Federal Capital Territory":{"countryName":"Nigeria","name":"Abuja Federal Capital Territory","isoCode":"FC","lat":8.8940691,"lon":7.1860402,"geocoding":{},"distantMaxMiles":5,"cities":{"Abuja":{"countryName":"Nigeria","stateName":"Abuja Federal Capital Territory","name":"Abuja","lat":9.05785,"lon":7.49508,"geocoding":{},"distantMaxMiles":5},"Kuje":{"countryName":"Nigeria","stateName":"Abuja Federal Capital Territory","name":"Kuje","lat":8.87952,"lon":7.22756,"geocoding":{},"distantMaxMiles":5},"Kwali":{"countryName":"Nigeria","stateName":"Abuja Federal Capital Territory","name":"Kwali","lat":8.88346,"lon":7.01858,"geocoding":{},"distantMaxMiles":5},"Madala":{"countryName":"Nigeria","stateName":"Abuja Federal Capital Territory","name":"Madala","lat":9.10444,"lon":7.21333,"geocoding":{},"distantMaxMiles":5}}},"Adamawa":{"countryName":"Nigeria","name":"Adamawa","isoCode":"AD","lat":9.3264751,"lon":12.3983853,"geocoding":{},"distantMaxMiles":5,"cities":{"Ganye":{"countryName":"Nigeria","stateName":"Adamawa","name":"Ganye","lat":8.43497,"lon":12.05107,"geocoding":{},"distantMaxMiles":5},"Gombi":{"countryName":"Nigeria","stateName":"Adamawa","name":"Gombi","lat":10.16756,"lon":12.73684,"geocoding":{},"distantMaxMiles":5},"Holma":{"countryName":"Nigeria","stateName":"Adamawa","name":"Holma","lat":9.89863,"lon":13.0545,"geocoding":{},"distantMaxMiles":5},"Jimeta":{"countryName":"Nigeria","stateName":"Adamawa","name":"Jimeta","lat":9.27949,"lon":12.45819,"geocoding":{},"distantMaxMiles":5},"Madagali":{"countryName":"Nigeria","stateName":"Adamawa","name":"Madagali","lat":10.88942,"lon":13.62832,"geocoding":{},"distantMaxMiles":5},"Mayo-Belwa":{"countryName":"Nigeria","stateName":"Adamawa","name":"Mayo-Belwa","lat":9.05421,"lon":12.05794,"geocoding":{},"distantMaxMiles":5},"Mubi":{"countryName":"Nigeria","stateName":"Adamawa","name":"Mubi","lat":10.26858,"lon":13.26701,"geocoding":{},"distantMaxMiles":5},"Ngurore":{"countryName":"Nigeria","stateName":"Adamawa","name":"Ngurore","lat":9.28871,"lon":12.24026,"geocoding":{},"distantMaxMiles":5},"Numan":{"countryName":"Nigeria","stateName":"Adamawa","name":"Numan","lat":9.46374,"lon":12.03062,"geocoding":{},"distantMaxMiles":5},"Toungo":{"countryName":"Nigeria","stateName":"Adamawa","name":"Toungo","lat":8.11733,"lon":12.04611,"geocoding":{},"distantMaxMiles":5},"Yola":{"countryName":"Nigeria","stateName":"Adamawa","name":"Yola","lat":9.20839,"lon":12.48146,"geocoding":{},"distantMaxMiles":5}}},"Akwa Ibom":{"countryName":"Nigeria","name":"Akwa Ibom","isoCode":"AK","lat":4.9057371,"lon":7.8536675,"geocoding":{},"distantMaxMiles":5,"cities":{"Eket":{"countryName":"Nigeria","stateName":"Akwa Ibom","name":"Eket","lat":4.64231,"lon":7.92438,"geocoding":{},"distantMaxMiles":5},"Esuk Oron":{"countryName":"Nigeria","stateName":"Akwa Ibom","name":"Esuk Oron","lat":4.80293,"lon":8.25341,"geocoding":{},"distantMaxMiles":5},"Ikot Ekpene":{"countryName":"Nigeria","stateName":"Akwa Ibom","name":"Ikot Ekpene","lat":5.18194,"lon":7.71481,"geocoding":{},"distantMaxMiles":5},"Itu":{"countryName":"Nigeria","stateName":"Akwa Ibom","name":"Itu","lat":5.20131,"lon":7.98373,"geocoding":{},"distantMaxMiles":5},"Uyo":{"countryName":"Nigeria","stateName":"Akwa Ibom","name":"Uyo","lat":5.05127,"lon":7.9335,"geocoding":{},"distantMaxMiles":5}}},"Anambra":{"countryName":"Nigeria","name":"Anambra","isoCode":"AN","lat":6.2208997,"lon":6.9369559,"geocoding":{},"distantMaxMiles":5,"cities":{"Agulu":{"countryName":"Nigeria","stateName":"Anambra","name":"Agulu","lat":6.10045,"lon":7.061,"geocoding":{},"distantMaxMiles":5},"Atani":{"countryName":"Nigeria","stateName":"Anambra","name":"Atani","lat":6.01277,"lon":6.74768,"geocoding":{},"distantMaxMiles":5},"Awka":{"countryName":"Nigeria","stateName":"Anambra","name":"Awka","lat":6.21269,"lon":7.07199,"geocoding":{},"distantMaxMiles":5},"Enugu-Ukwu":{"countryName":"Nigeria","stateName":"Anambra","name":"Enugu-Ukwu","lat":6.17146,"lon":7.00525,"geocoding":{},"distantMaxMiles":5},"Igbo-Ukwu":{"countryName":"Nigeria","stateName":"Anambra","name":"Igbo-Ukwu","lat":6.01798,"lon":7.02027,"geocoding":{},"distantMaxMiles":5},"Ihiala":{"countryName":"Nigeria","stateName":"Anambra","name":"Ihiala","lat":5.85475,"lon":6.85944,"geocoding":{},"distantMaxMiles":5},"Nkpor":{"countryName":"Nigeria","stateName":"Anambra","name":"Nkpor","lat":6.15038,"lon":6.83042,"geocoding":{},"distantMaxMiles":5},"Nnewi":{"countryName":"Nigeria","stateName":"Anambra","name":"Nnewi","lat":6.01962,"lon":6.91729,"geocoding":{},"distantMaxMiles":5},"Onitsha":{"countryName":"Nigeria","stateName":"Anambra","name":"Onitsha","lat":6.14978,"lon":6.78569,"geocoding":{},"distantMaxMiles":5},"Ozubulu":{"countryName":"Nigeria","stateName":"Anambra","name":"Ozubulu","lat":5.95753,"lon":6.85305,"geocoding":{},"distantMaxMiles":5},"Uga":{"countryName":"Nigeria","stateName":"Anambra","name":"Uga","lat":5.93576,"lon":7.0793,"geocoding":{},"distantMaxMiles":5},"Uruobo-Okija":{"countryName":"Nigeria","stateName":"Anambra","name":"Uruobo-Okija","lat":5.90016,"lon":6.84312,"geocoding":{},"distantMaxMiles":5}}},"Bauchi":{"countryName":"Nigeria","name":"Bauchi","isoCode":"BA","lat":10.7760624,"lon":9.9991943,"geocoding":{},"distantMaxMiles":5,"cities":{"Azare":{"countryName":"Nigeria","stateName":"Bauchi","name":"Azare","lat":11.67478,"lon":10.19069,"geocoding":{},"distantMaxMiles":5},"Bauchi":{"countryName":"Nigeria","stateName":"Bauchi","name":"Bauchi","lat":10.31032,"lon":9.84388,"geocoding":{},"distantMaxMiles":5},"Boi":{"countryName":"Nigeria","stateName":"Bauchi","name":"Boi","lat":9.56109,"lon":9.50154,"geocoding":{},"distantMaxMiles":5},"Bununu":{"countryName":"Nigeria","stateName":"Bauchi","name":"Bununu","lat":9.88224,"lon":9.68058,"geocoding":{},"distantMaxMiles":5},"Darazo":{"countryName":"Nigeria","stateName":"Bauchi","name":"Darazo","lat":10.9992,"lon":10.41062,"geocoding":{},"distantMaxMiles":5},"Dass":{"countryName":"Nigeria","stateName":"Bauchi","name":"Dass","lat":10.00065,"lon":9.51596,"geocoding":{},"distantMaxMiles":5},"Dindima":{"countryName":"Nigeria","stateName":"Bauchi","name":"Dindima","lat":10.22629,"lon":10.15132,"geocoding":{},"distantMaxMiles":5},"Disina":{"countryName":"Nigeria","stateName":"Bauchi","name":"Disina","lat":11.48135,"lon":9.91903,"geocoding":{},"distantMaxMiles":5},"Gabarin":{"countryName":"Nigeria","stateName":"Bauchi","name":"Gabarin","lat":11.1093,"lon":10.4441,"geocoding":{},"distantMaxMiles":5},"Gwaram":{"countryName":"Nigeria","stateName":"Bauchi","name":"Gwaram","lat":10.23295,"lon":10.28572,"geocoding":{},"distantMaxMiles":5},"Kari":{"countryName":"Nigeria","stateName":"Bauchi","name":"Kari","lat":11.2471,"lon":10.561,"geocoding":{},"distantMaxMiles":5},"Lame":{"countryName":"Nigeria","stateName":"Bauchi","name":"Lame","lat":10.44154,"lon":9.23955,"geocoding":{},"distantMaxMiles":5},"Lere":{"countryName":"Nigeria","stateName":"Bauchi","name":"Lere","lat":9.71052,"lon":9.34029,"geocoding":{},"distantMaxMiles":5},"Madara":{"countryName":"Nigeria","stateName":"Bauchi","name":"Madara","lat":11.7798,"lon":10.4479,"geocoding":{},"distantMaxMiles":5},"Misau":{"countryName":"Nigeria","stateName":"Bauchi","name":"Misau","lat":11.3137,"lon":10.46664,"geocoding":{},"distantMaxMiles":5},"Sade":{"countryName":"Nigeria","stateName":"Bauchi","name":"Sade","lat":11.3595,"lon":10.6732,"geocoding":{},"distantMaxMiles":5},"Yamrat":{"countryName":"Nigeria","stateName":"Bauchi","name":"Yamrat","lat":10.11161,"lon":9.82604,"geocoding":{},"distantMaxMiles":5},"Yanda Bayo":{"countryName":"Nigeria","stateName":"Bauchi","name":"Yanda Bayo","lat":11.5071,"lon":10.7459,"geocoding":{},"distantMaxMiles":5},"Yuli":{"countryName":"Nigeria","stateName":"Bauchi","name":"Yuli","lat":9.69707,"lon":10.2735,"geocoding":{},"distantMaxMiles":5},"Zadawa":{"countryName":"Nigeria","stateName":"Bauchi","name":"Zadawa","lat":11.4496,"lon":10.3672,"geocoding":{},"distantMaxMiles":5},"Zalanga":{"countryName":"Nigeria","stateName":"Bauchi","name":"Zalanga","lat":10.61432,"lon":10.17647,"geocoding":{},"distantMaxMiles":5}}},"Bayelsa":{"countryName":"Nigeria","name":"Bayelsa","isoCode":"BY","lat":4.7719071,"lon":6.0698526,"geocoding":{},"distantMaxMiles":5,"cities":{"Amassoma":{"countryName":"Nigeria","stateName":"Bayelsa","name":"Amassoma","lat":4.97032,"lon":6.10915,"geocoding":{},"distantMaxMiles":5},"Twon-Brass":{"countryName":"Nigeria","stateName":"Bayelsa","name":"Twon-Brass","lat":4.31231,"lon":6.24091,"geocoding":{},"distantMaxMiles":5},"Yenagoa":{"countryName":"Nigeria","stateName":"Bayelsa","name":"Yenagoa","lat":4.92675,"lon":6.26764,"geocoding":{},"distantMaxMiles":5}}},"Benue":{"countryName":"Nigeria","name":"Benue","isoCode":"BE","lat":7.3369024,"lon":8.7403687,"geocoding":{},"distantMaxMiles":5,"cities":{"Aliade":{"countryName":"Nigeria","stateName":"Benue","name":"Aliade","lat":7.29627,"lon":8.48278,"geocoding":{},"distantMaxMiles":5},"Boju":{"countryName":"Nigeria","stateName":"Benue","name":"Boju","lat":7.35572,"lon":7.89303,"geocoding":{},"distantMaxMiles":5},"Gboko":{"countryName":"Nigeria","stateName":"Benue","name":"Gboko","lat":7.3315953,"lon":8.9760068,"geocoding":{},"distantMaxMiles":5},"Igbor":{"countryName":"Nigeria","stateName":"Benue","name":"Igbor","lat":7.45123,"lon":8.60805,"geocoding":{},"distantMaxMiles":5},"Makurdi":{"countryName":"Nigeria","stateName":"Benue","name":"Makurdi","lat":7.73375,"lon":8.52139,"geocoding":{},"distantMaxMiles":5},"Ochobo":{"countryName":"Nigeria","stateName":"Benue","name":"Ochobo","lat":7.18045,"lon":7.9824,"geocoding":{},"distantMaxMiles":5},"Otukpa":{"countryName":"Nigeria","stateName":"Benue","name":"Otukpa","lat":7.10168,"lon":7.65945,"geocoding":{},"distantMaxMiles":5},"Takum":{"countryName":"Nigeria","stateName":"Benue","name":"Takum","lat":7.26667,"lon":9.98333,"geocoding":{},"distantMaxMiles":5},"Ugbokpo":{"countryName":"Nigeria","stateName":"Benue","name":"Ugbokpo","lat":7.65321,"lon":7.8841,"geocoding":{},"distantMaxMiles":5},"Yandev":{"countryName":"Nigeria","stateName":"Benue","name":"Yandev","lat":7.36308,"lon":9.04235,"geocoding":{},"distantMaxMiles":5},"Zaki Biam":{"countryName":"Nigeria","stateName":"Benue","name":"Zaki Biam","lat":7.50671,"lon":9.6104,"geocoding":{},"distantMaxMiles":5}}},"Borno":{"countryName":"Nigeria","name":"Borno","isoCode":"BO","lat":11.8846356,"lon":13.1519665,"geocoding":{},"distantMaxMiles":5,"cities":{"Bama":{"countryName":"Nigeria","stateName":"Borno","name":"Bama","lat":11.52134,"lon":13.68952,"geocoding":{},"distantMaxMiles":5},"Benisheikh":{"countryName":"Nigeria","stateName":"Borno","name":"Benisheikh","lat":11.80919,"lon":12.49151,"geocoding":{},"distantMaxMiles":5},"Biu":{"countryName":"Nigeria","stateName":"Borno","name":"Biu","lat":10.61285,"lon":12.19458,"geocoding":{},"distantMaxMiles":5},"Bornu Yassu":{"countryName":"Nigeria","stateName":"Borno","name":"Bornu Yassu","lat":12.27503,"lon":12.56856,"geocoding":{},"distantMaxMiles":5},"Damasak":{"countryName":"Nigeria","stateName":"Borno","name":"Damasak","lat":13.10518,"lon":12.50854,"geocoding":{},"distantMaxMiles":5},"Damboa":{"countryName":"Nigeria","stateName":"Borno","name":"Damboa","lat":11.15534,"lon":12.75638,"geocoding":{},"distantMaxMiles":5},"Dikwa":{"countryName":"Nigeria","stateName":"Borno","name":"Dikwa","lat":12.03609,"lon":13.91815,"geocoding":{},"distantMaxMiles":5},"Gamboru":{"countryName":"Nigeria","stateName":"Borno","name":"Gamboru","lat":12.37299,"lon":14.2069,"geocoding":{},"distantMaxMiles":5},"Gwoza":{"countryName":"Nigeria","stateName":"Borno","name":"Gwoza","lat":11.08313,"lon":13.69595,"geocoding":{},"distantMaxMiles":5},"Kukawa":{"countryName":"Nigeria","stateName":"Borno","name":"Kukawa","lat":12.92475,"lon":13.56617,"geocoding":{},"distantMaxMiles":5},"Magumeri":{"countryName":"Nigeria","stateName":"Borno","name":"Magumeri","lat":12.11451,"lon":12.8262,"geocoding":{},"distantMaxMiles":5},"Maiduguri":{"countryName":"Nigeria","stateName":"Borno","name":"Maiduguri","lat":11.84692,"lon":13.15712,"geocoding":{},"distantMaxMiles":5},"Marte":{"countryName":"Nigeria","stateName":"Borno","name":"Marte","lat":12.36532,"lon":13.8293,"geocoding":{},"distantMaxMiles":5},"Miringa":{"countryName":"Nigeria","stateName":"Borno","name":"Miringa","lat":10.73115,"lon":12.14626,"geocoding":{},"distantMaxMiles":5},"Monguno":{"countryName":"Nigeria","stateName":"Borno","name":"Monguno","lat":12.67059,"lon":13.61224,"geocoding":{},"distantMaxMiles":5},"Ngala":{"countryName":"Nigeria","stateName":"Borno","name":"Ngala","lat":12.34053,"lon":14.1867,"geocoding":{},"distantMaxMiles":5},"Shaffa":{"countryName":"Nigeria","stateName":"Borno","name":"Shaffa","lat":10.50673,"lon":12.33315,"geocoding":{},"distantMaxMiles":5},"Shani":{"countryName":"Nigeria","stateName":"Borno","name":"Shani","lat":10.21824,"lon":12.06059,"geocoding":{},"distantMaxMiles":5},"Tokombere":{"countryName":"Nigeria","stateName":"Borno","name":"Tokombere","lat":11.22135,"lon":13.48783,"geocoding":{},"distantMaxMiles":5},"Uba":{"countryName":"Nigeria","stateName":"Borno","name":"Uba","lat":10.45509,"lon":13.22233,"geocoding":{},"distantMaxMiles":5},"Wuyo":{"countryName":"Nigeria","stateName":"Borno","name":"Wuyo","lat":10.38522,"lon":11.69678,"geocoding":{},"distantMaxMiles":5},"Yajiwa":{"countryName":"Nigeria","stateName":"Borno","name":"Yajiwa","lat":11.38623,"lon":12.71992,"geocoding":{},"distantMaxMiles":5}}},"Cross River":{"countryName":"Nigeria","name":"Cross River","isoCode":"CR","lat":5.8701724,"lon":8.5988014,"geocoding":{},"distantMaxMiles":5,"cities":{"Akankpa":{"countryName":"Nigeria","stateName":"Cross River","name":"Akankpa","lat":5.1264,"lon":8.1898,"geocoding":{},"distantMaxMiles":5},"Calabar":{"countryName":"Nigeria","stateName":"Cross River","name":"Calabar","lat":4.95893,"lon":8.32695,"geocoding":{},"distantMaxMiles":5},"Gakem":{"countryName":"Nigeria","stateName":"Cross River","name":"Gakem","lat":6.76963,"lon":8.9912,"geocoding":{},"distantMaxMiles":5},"Ikang":{"countryName":"Nigeria","stateName":"Cross River","name":"Ikang","lat":4.78978,"lon":8.5316,"geocoding":{},"distantMaxMiles":5},"Ugep":{"countryName":"Nigeria","stateName":"Cross River","name":"Ugep","lat":5.80865,"lon":8.08098,"geocoding":{},"distantMaxMiles":5}}},"Delta":{"countryName":"Nigeria","name":"Delta","isoCode":"DE","lat":33.7453784,"lon":-90.7354508,"geocoding":{},"distantMaxMiles":5,"cities":{"Abraka":{"countryName":"Nigeria","stateName":"Delta","name":"Abraka","lat":5.79023,"lon":6.10473,"geocoding":{},"distantMaxMiles":5},"Agbor":{"countryName":"Nigeria","stateName":"Delta","name":"Agbor","lat":6.25375,"lon":6.1942,"geocoding":{},"distantMaxMiles":5},"Asaba":{"countryName":"Nigeria","stateName":"Delta","name":"Asaba","lat":6.19824,"lon":6.73187,"geocoding":{},"distantMaxMiles":5},"Bomadi":{"countryName":"Nigeria","stateName":"Delta","name":"Bomadi","lat":5.16073,"lon":5.92375,"geocoding":{},"distantMaxMiles":5},"Burutu":{"countryName":"Nigeria","stateName":"Delta","name":"Burutu","lat":5.35328,"lon":5.50826,"geocoding":{},"distantMaxMiles":5},"Kwale":{"countryName":"Nigeria","stateName":"Delta","name":"Kwale","lat":5.70773,"lon":6.43402,"geocoding":{},"distantMaxMiles":5},"Obiaruku":{"countryName":"Nigeria","stateName":"Delta","name":"Obiaruku","lat":5.84672,"lon":6.1529,"geocoding":{},"distantMaxMiles":5},"Ogwashi-Uku":{"countryName":"Nigeria","stateName":"Delta","name":"Ogwashi-Uku","lat":6.17811,"lon":6.52461,"geocoding":{},"distantMaxMiles":5},"Orerokpe":{"countryName":"Nigeria","stateName":"Delta","name":"Orerokpe","lat":5.63747,"lon":5.89013,"geocoding":{},"distantMaxMiles":5},"Patani":{"countryName":"Nigeria","stateName":"Delta","name":"Patani","lat":5.22885,"lon":6.19139,"geocoding":{},"distantMaxMiles":5},"Sapele":{"countryName":"Nigeria","stateName":"Delta","name":"Sapele","lat":5.89405,"lon":5.67666,"geocoding":{},"distantMaxMiles":5},"Ughelli":{"countryName":"Nigeria","stateName":"Delta","name":"Ughelli","lat":5.48956,"lon":6.00407,"geocoding":{},"distantMaxMiles":5},"Umunede":{"countryName":"Nigeria","stateName":"Delta","name":"Umunede","lat":6.26549,"lon":6.30962,"geocoding":{},"distantMaxMiles":5},"Warri":{"countryName":"Nigeria","stateName":"Delta","name":"Warri","lat":5.51737,"lon":5.75006,"geocoding":{},"distantMaxMiles":5}}},"Ebonyi":{"countryName":"Nigeria","name":"Ebonyi","isoCode":"EB","lat":6.2649232,"lon":8.0137302,"geocoding":{},"distantMaxMiles":5,"cities":{"Abakaliki":{"countryName":"Nigeria","stateName":"Ebonyi","name":"Abakaliki","lat":6.32485,"lon":8.11368,"geocoding":{},"distantMaxMiles":5},"Afikpo":{"countryName":"Nigeria","stateName":"Ebonyi","name":"Afikpo","lat":5.89258,"lon":7.93534,"geocoding":{},"distantMaxMiles":5},"Effium":{"countryName":"Nigeria","stateName":"Ebonyi","name":"Effium","lat":6.63105,"lon":8.05814,"geocoding":{},"distantMaxMiles":5},"Ezza-Ohu":{"countryName":"Nigeria","stateName":"Ebonyi","name":"Ezza-Ohu","lat":6.44094,"lon":8.08432,"geocoding":{},"distantMaxMiles":5},"Isieke":{"countryName":"Nigeria","stateName":"Ebonyi","name":"Isieke","lat":6.38186,"lon":8.03736,"geocoding":{},"distantMaxMiles":5}}},"Edo":{"countryName":"Nigeria","name":"Edo","isoCode":"ED","lat":6.6341831,"lon":5.9304056,"geocoding":{},"distantMaxMiles":5,"cities":{"Agenebode":{"countryName":"Nigeria","stateName":"Edo","name":"Agenebode","lat":7.10512,"lon":6.69381,"geocoding":{},"distantMaxMiles":5},"Auchi":{"countryName":"Nigeria","stateName":"Edo","name":"Auchi","lat":7.06756,"lon":6.2636,"geocoding":{},"distantMaxMiles":5},"Benin City":{"countryName":"Nigeria","stateName":"Edo","name":"Benin City","lat":6.33815,"lon":5.62575,"geocoding":{},"distantMaxMiles":5},"Ekpoma":{"countryName":"Nigeria","stateName":"Edo","name":"Ekpoma","lat":6.743,"lon":6.14029,"geocoding":{},"distantMaxMiles":5},"Igarra":{"countryName":"Nigeria","stateName":"Edo","name":"Igarra","lat":7.29366,"lon":6.10432,"geocoding":{},"distantMaxMiles":5},"Illushi":{"countryName":"Nigeria","stateName":"Edo","name":"Illushi","lat":6.67033,"lon":6.62907,"geocoding":{},"distantMaxMiles":5},"Siluko":{"countryName":"Nigeria","stateName":"Edo","name":"Siluko","lat":6.53589,"lon":5.16005,"geocoding":{},"distantMaxMiles":5},"Ubiaja":{"countryName":"Nigeria","stateName":"Edo","name":"Ubiaja","lat":6.65581,"lon":6.38494,"geocoding":{},"distantMaxMiles":5},"Uromi":{"countryName":"Nigeria","stateName":"Edo","name":"Uromi","lat":6.7,"lon":6.33333,"geocoding":{},"distantMaxMiles":5}}},"Ekiti":{"countryName":"Nigeria","name":"Ekiti","isoCode":"EK","lat":7.7189862,"lon":5.3109505,"geocoding":{},"distantMaxMiles":5,"cities":{"Ado-Ekiti":{"countryName":"Nigeria","stateName":"Ekiti","name":"Ado-Ekiti","lat":7.62329,"lon":5.22087,"geocoding":{},"distantMaxMiles":5},"Aramoko-Ekiti":{"countryName":"Nigeria","stateName":"Ekiti","name":"Aramoko-Ekiti","lat":7.70483,"lon":5.04054,"geocoding":{},"distantMaxMiles":5},"Efon-Alaaye":{"countryName":"Nigeria","stateName":"Ekiti","name":"Efon-Alaaye","lat":7.65649,"lon":4.92235,"geocoding":{},"distantMaxMiles":5},"Emure-Ekiti":{"countryName":"Nigeria","stateName":"Ekiti","name":"Emure-Ekiti","lat":7.43636,"lon":5.45925,"geocoding":{},"distantMaxMiles":5},"Ifaki":{"countryName":"Nigeria","stateName":"Ekiti","name":"Ifaki","lat":7.78942,"lon":5.24852,"geocoding":{},"distantMaxMiles":5},"Igbara-Odo":{"countryName":"Nigeria","stateName":"Ekiti","name":"Igbara-Odo","lat":7.50251,"lon":5.06258,"geocoding":{},"distantMaxMiles":5},"Igede-Ekiti":{"countryName":"Nigeria","stateName":"Ekiti","name":"Igede-Ekiti","lat":7.6685,"lon":5.12627,"geocoding":{},"distantMaxMiles":5},"Ijero-Ekiti":{"countryName":"Nigeria","stateName":"Ekiti","name":"Ijero-Ekiti","lat":7.81514,"lon":5.06716,"geocoding":{},"distantMaxMiles":5},"Ikere-Ekiti":{"countryName":"Nigeria","stateName":"Ekiti","name":"Ikere-Ekiti","lat":7.49748,"lon":5.23041,"geocoding":{},"distantMaxMiles":5},"Ipoti":{"countryName":"Nigeria","stateName":"Ekiti","name":"Ipoti","lat":7.87377,"lon":5.07691,"geocoding":{},"distantMaxMiles":5},"Ise-Ekiti":{"countryName":"Nigeria","stateName":"Ekiti","name":"Ise-Ekiti","lat":7.46478,"lon":5.42333,"geocoding":{},"distantMaxMiles":5},"Oke Ila":{"countryName":"Nigeria","stateName":"Ekiti","name":"Oke Ila","lat":7.95,"lon":4.98333,"geocoding":{},"distantMaxMiles":5},"Omuo-Ekiti":{"countryName":"Nigeria","stateName":"Ekiti","name":"Omuo-Ekiti","lat":7.75833,"lon":5.72227,"geocoding":{},"distantMaxMiles":5}}},"Enugu":{"countryName":"Nigeria","name":"Enugu","isoCode":"EN","lat":6.536353,"lon":7.4356194,"geocoding":{},"distantMaxMiles":5,"cities":{"Adani":{"countryName":"Nigeria","stateName":"Enugu","name":"Adani","lat":6.73971,"lon":7.01117,"geocoding":{},"distantMaxMiles":5},"Ake-Eze":{"countryName":"Nigeria","stateName":"Enugu","name":"Ake-Eze","lat":5.91677,"lon":7.67615,"geocoding":{},"distantMaxMiles":5},"Aku":{"countryName":"Nigeria","stateName":"Enugu","name":"Aku","lat":6.70902,"lon":7.31826,"geocoding":{},"distantMaxMiles":5},"Amagunze":{"countryName":"Nigeria","stateName":"Enugu","name":"Amagunze","lat":6.33063,"lon":7.65247,"geocoding":{},"distantMaxMiles":5},"Awgu":{"countryName":"Nigeria","stateName":"Enugu","name":"Awgu","lat":6.07278,"lon":7.47739,"geocoding":{},"distantMaxMiles":5},"Eha Amufu":{"countryName":"Nigeria","stateName":"Enugu","name":"Eha Amufu","lat":6.65915,"lon":7.75961,"geocoding":{},"distantMaxMiles":5},"Enugu":{"countryName":"Nigeria","stateName":"Enugu","name":"Enugu","lat":6.44132,"lon":7.49883,"geocoding":{},"distantMaxMiles":5},"Enugu-Ezike":{"countryName":"Nigeria","stateName":"Enugu","name":"Enugu-Ezike","lat":6.9827,"lon":7.45534,"geocoding":{},"distantMaxMiles":5},"Ete":{"countryName":"Nigeria","stateName":"Enugu","name":"Ete","lat":7.08956,"lon":7.45341,"geocoding":{},"distantMaxMiles":5},"Ikem":{"countryName":"Nigeria","stateName":"Enugu","name":"Ikem","lat":6.77993,"lon":7.71484,"geocoding":{},"distantMaxMiles":5},"Mberubu":{"countryName":"Nigeria","stateName":"Enugu","name":"Mberubu","lat":6.1731,"lon":7.63017,"geocoding":{},"distantMaxMiles":5},"Nsukka":{"countryName":"Nigeria","stateName":"Enugu","name":"Nsukka","lat":6.85783,"lon":7.39577,"geocoding":{},"distantMaxMiles":5},"Obolo-Eke (1)":{"countryName":"Nigeria","stateName":"Enugu","name":"Obolo-Eke (1)","lat":6.88333,"lon":7.63333,"geocoding":{},"distantMaxMiles":5},"Opi":{"countryName":"Nigeria","stateName":"Enugu","name":"Opi","lat":6.78223,"lon":7.43319,"geocoding":{},"distantMaxMiles":5},"Udi":{"countryName":"Nigeria","stateName":"Enugu","name":"Udi","lat":6.31592,"lon":7.42086,"geocoding":{},"distantMaxMiles":5}}},"Gombe":{"countryName":"Nigeria","name":"Gombe","isoCode":"GO","lat":10.3637795,"lon":11.1927587,"geocoding":{},"distantMaxMiles":5,"cities":{"Akko":{"countryName":"Nigeria","stateName":"Gombe","name":"Akko","lat":10.28899,"lon":10.9732,"geocoding":{},"distantMaxMiles":5},"Bara":{"countryName":"Nigeria","stateName":"Gombe","name":"Bara","lat":10.37444,"lon":10.72884,"geocoding":{},"distantMaxMiles":5},"Billiri":{"countryName":"Nigeria","stateName":"Gombe","name":"Billiri","lat":9.86545,"lon":11.22624,"geocoding":{},"distantMaxMiles":5},"Dadiya":{"countryName":"Nigeria","stateName":"Gombe","name":"Dadiya","lat":9.61667,"lon":11.43333,"geocoding":{},"distantMaxMiles":5},"Deba":{"countryName":"Nigeria","stateName":"Gombe","name":"Deba","lat":10.21187,"lon":11.3871,"geocoding":{},"distantMaxMiles":5},"Dukku":{"countryName":"Nigeria","stateName":"Gombe","name":"Dukku","lat":10.82379,"lon":10.77221,"geocoding":{},"distantMaxMiles":5},"Garko":{"countryName":"Nigeria","stateName":"Gombe","name":"Garko","lat":10.17506,"lon":11.16458,"geocoding":{},"distantMaxMiles":5},"Gombe":{"countryName":"Nigeria","stateName":"Gombe","name":"Gombe","lat":10.28969,"lon":11.16729,"geocoding":{},"distantMaxMiles":5},"Hinna":{"countryName":"Nigeria","stateName":"Gombe","name":"Hinna","lat":10.30426,"lon":11.49905,"geocoding":{},"distantMaxMiles":5},"Kafarati":{"countryName":"Nigeria","stateName":"Gombe","name":"Kafarati","lat":10.38304,"lon":11.09567,"geocoding":{},"distantMaxMiles":5},"Kaltungo":{"countryName":"Nigeria","stateName":"Gombe","name":"Kaltungo","lat":9.81998,"lon":11.30871,"geocoding":{},"distantMaxMiles":5},"Kumo":{"countryName":"Nigeria","stateName":"Gombe","name":"Kumo","lat":10.04807,"lon":11.21055,"geocoding":{},"distantMaxMiles":5},"Nafada":{"countryName":"Nigeria","stateName":"Gombe","name":"Nafada","lat":11.09596,"lon":11.33261,"geocoding":{},"distantMaxMiles":5},"Pindiga":{"countryName":"Nigeria","stateName":"Gombe","name":"Pindiga","lat":9.98433,"lon":10.95229,"geocoding":{},"distantMaxMiles":5}}},"Imo":{"countryName":"Nigeria","name":"Imo","isoCode":"IM","lat":5.5720122,"lon":7.0588219,"geocoding":{},"distantMaxMiles":5,"cities":{"Iho":{"countryName":"Nigeria","stateName":"Imo","name":"Iho","lat":5.58225,"lon":7.09896,"geocoding":{},"distantMaxMiles":5},"Oguta":{"countryName":"Nigeria","stateName":"Imo","name":"Oguta","lat":5.71044,"lon":6.80936,"geocoding":{},"distantMaxMiles":5},"Okigwe":{"countryName":"Nigeria","stateName":"Imo","name":"Okigwe","lat":5.82917,"lon":7.35056,"geocoding":{},"distantMaxMiles":5},"Orlu":{"countryName":"Nigeria","stateName":"Imo","name":"Orlu","lat":5.79565,"lon":7.03513,"geocoding":{},"distantMaxMiles":5},"Orodo":{"countryName":"Nigeria","stateName":"Imo","name":"Orodo","lat":5.61667,"lon":7.03333,"geocoding":{},"distantMaxMiles":5},"Owerri":{"countryName":"Nigeria","stateName":"Imo","name":"Owerri","lat":5.48363,"lon":7.03325,"geocoding":{},"distantMaxMiles":5}}},"Jigawa":{"countryName":"Nigeria","name":"Jigawa","isoCode":"JI","lat":12.228012,"lon":9.5615867,"geocoding":{},"distantMaxMiles":5,"cities":{"Babura":{"countryName":"Nigeria","stateName":"Jigawa","name":"Babura","lat":12.77256,"lon":9.01525,"geocoding":{},"distantMaxMiles":5},"Birnin Kudu":{"countryName":"Nigeria","stateName":"Jigawa","name":"Birnin Kudu","lat":11.45207,"lon":9.47856,"geocoding":{},"distantMaxMiles":5},"Birniwa":{"countryName":"Nigeria","stateName":"Jigawa","name":"Birniwa","lat":12.7907,"lon":10.23614,"geocoding":{},"distantMaxMiles":5},"Dutse":{"countryName":"Nigeria","stateName":"Jigawa","name":"Dutse","lat":11.75618,"lon":9.33896,"geocoding":{},"distantMaxMiles":5},"Gagarawa":{"countryName":"Nigeria","stateName":"Jigawa","name":"Gagarawa","lat":12.40848,"lon":9.52881,"geocoding":{},"distantMaxMiles":5},"Gumel":{"countryName":"Nigeria","stateName":"Jigawa","name":"Gumel","lat":12.6269,"lon":9.38807,"geocoding":{},"distantMaxMiles":5},"Gwaram":{"countryName":"Nigeria","stateName":"Jigawa","name":"Gwaram","lat":11.27727,"lon":9.88385,"geocoding":{},"distantMaxMiles":5},"Hadejia":{"countryName":"Nigeria","stateName":"Jigawa","name":"Hadejia","lat":12.45347,"lon":10.04115,"geocoding":{},"distantMaxMiles":5},"Kafin Hausa":{"countryName":"Nigeria","stateName":"Jigawa","name":"Kafin Hausa","lat":12.23933,"lon":9.91105,"geocoding":{},"distantMaxMiles":5},"Kazaure":{"countryName":"Nigeria","stateName":"Jigawa","name":"Kazaure","lat":12.64846,"lon":8.41178,"geocoding":{},"distantMaxMiles":5},"Kiyawa":{"countryName":"Nigeria","stateName":"Jigawa","name":"Kiyawa","lat":11.78442,"lon":9.6069,"geocoding":{},"distantMaxMiles":5},"Mallammaduri":{"countryName":"Nigeria","stateName":"Jigawa","name":"Mallammaduri","lat":12.56427,"lon":9.95727,"geocoding":{},"distantMaxMiles":5},"Ringim":{"countryName":"Nigeria","stateName":"Jigawa","name":"Ringim","lat":12.15143,"lon":9.16216,"geocoding":{},"distantMaxMiles":5},"Samamiya":{"countryName":"Nigeria","stateName":"Jigawa","name":"Samamiya","lat":11.34873,"lon":9.63989,"geocoding":{},"distantMaxMiles":5}}},"Kaduna":{"countryName":"Nigeria","name":"Kaduna","isoCode":"KD","lat":10.3764006,"lon":7.7094537,"geocoding":{},"distantMaxMiles":5,"cities":{"Anchau":{"countryName":"Nigeria","stateName":"Kaduna","name":"Anchau","lat":10.96245,"lon":8.39233,"geocoding":{},"distantMaxMiles":5},"Burumburum":{"countryName":"Nigeria","stateName":"Kaduna","name":"Burumburum","lat":11.39106,"lon":8.72341,"geocoding":{},"distantMaxMiles":5},"Dutsen Wai":{"countryName":"Nigeria","stateName":"Kaduna","name":"Dutsen Wai","lat":10.85009,"lon":8.199,"geocoding":{},"distantMaxMiles":5},"Hunkuyi":{"countryName":"Nigeria","stateName":"Kaduna","name":"Hunkuyi","lat":11.2668,"lon":7.64916,"geocoding":{},"distantMaxMiles":5},"Kachia":{"countryName":"Nigeria","stateName":"Kaduna","name":"Kachia","lat":9.87342,"lon":7.95407,"geocoding":{},"distantMaxMiles":5},"Kaduna":{"countryName":"Nigeria","stateName":"Kaduna","name":"Kaduna","lat":10.52641,"lon":7.43879,"geocoding":{},"distantMaxMiles":5},"Kafanchan":{"countryName":"Nigeria","stateName":"Kaduna","name":"Kafanchan","lat":9.58126,"lon":8.2926,"geocoding":{},"distantMaxMiles":5},"Kagoro":{"countryName":"Nigeria","stateName":"Kaduna","name":"Kagoro","lat":9.60776,"lon":8.39043,"geocoding":{},"distantMaxMiles":5},"Kajuru":{"countryName":"Nigeria","stateName":"Kaduna","name":"Kajuru","lat":10.32281,"lon":7.68462,"geocoding":{},"distantMaxMiles":5},"Kujama":{"countryName":"Nigeria","stateName":"Kaduna","name":"Kujama","lat":10.45767,"lon":7.63808,"geocoding":{},"distantMaxMiles":5},"Lere":{"countryName":"Nigeria","stateName":"Kaduna","name":"Lere","lat":10.38584,"lon":8.57286,"geocoding":{},"distantMaxMiles":5},"Mando":{"countryName":"Nigeria","stateName":"Kaduna","name":"Mando","lat":10.71667,"lon":6.56667,"geocoding":{},"distantMaxMiles":5},"Saminaka":{"countryName":"Nigeria","stateName":"Kaduna","name":"Saminaka","lat":10.41227,"lon":8.68748,"geocoding":{},"distantMaxMiles":5},"Soba":{"countryName":"Nigeria","stateName":"Kaduna","name":"Soba","lat":10.98133,"lon":8.05749,"geocoding":{},"distantMaxMiles":5},"Sofo-Birnin-Gwari":{"countryName":"Nigeria","stateName":"Kaduna","name":"Sofo-Birnin-Gwari","lat":11.01537,"lon":6.78036,"geocoding":{},"distantMaxMiles":5},"Zaria":{"countryName":"Nigeria","stateName":"Kaduna","name":"Zaria","lat":11.11128,"lon":7.7227,"geocoding":{},"distantMaxMiles":5}}},"Kano":{"countryName":"Nigeria","name":"Kano","isoCode":"KN","lat":11.7470698,"lon":8.5247107,"geocoding":{},"distantMaxMiles":5,"cities":{"Dan Gora":{"countryName":"Nigeria","stateName":"Kano","name":"Dan Gora","lat":11.53485,"lon":8.15224,"geocoding":{},"distantMaxMiles":5},"Gaya":{"countryName":"Nigeria","stateName":"Kano","name":"Gaya","lat":11.86064,"lon":9.0027,"geocoding":{},"distantMaxMiles":5},"Kano":{"countryName":"Nigeria","stateName":"Kano","name":"Kano","lat":12.00012,"lon":8.51672,"geocoding":{},"distantMaxMiles":5}}},"Katsina":{"countryName":"Nigeria","name":"Katsina","isoCode":"KT","lat":12.3796707,"lon":7.6305748,"geocoding":{},"distantMaxMiles":5,"cities":{"Danja":{"countryName":"Nigeria","stateName":"Katsina","name":"Danja","lat":11.3771,"lon":7.56097,"geocoding":{},"distantMaxMiles":5},"Dankama":{"countryName":"Nigeria","stateName":"Katsina","name":"Dankama","lat":13.29782,"lon":7.79492,"geocoding":{},"distantMaxMiles":5},"Daura":{"countryName":"Nigeria","stateName":"Katsina","name":"Daura","lat":13.03299,"lon":8.32351,"geocoding":{},"distantMaxMiles":5},"Dutsin-Ma":{"countryName":"Nigeria","stateName":"Katsina","name":"Dutsin-Ma","lat":12.45392,"lon":7.49723,"geocoding":{},"distantMaxMiles":5},"Funtua":{"countryName":"Nigeria","stateName":"Katsina","name":"Funtua","lat":11.47196,"lon":7.30699,"geocoding":{},"distantMaxMiles":5},"Gora":{"countryName":"Nigeria","stateName":"Katsina","name":"Gora","lat":11.91294,"lon":7.66531,"geocoding":{},"distantMaxMiles":5},"Jibia":{"countryName":"Nigeria","stateName":"Katsina","name":"Jibia","lat":13.09378,"lon":7.22624,"geocoding":{},"distantMaxMiles":5},"Jikamshi":{"countryName":"Nigeria","stateName":"Katsina","name":"Jikamshi","lat":12.17328,"lon":7.77424,"geocoding":{},"distantMaxMiles":5},"Kankara":{"countryName":"Nigeria","stateName":"Katsina","name":"Kankara","lat":11.93114,"lon":7.41115,"geocoding":{},"distantMaxMiles":5},"Katsina":{"countryName":"Nigeria","stateName":"Katsina","name":"Katsina","lat":12.99082,"lon":7.60177,"geocoding":{},"distantMaxMiles":5},"Mashi":{"countryName":"Nigeria","stateName":"Katsina","name":"Mashi","lat":12.98044,"lon":7.94703,"geocoding":{},"distantMaxMiles":5},"Ruma":{"countryName":"Nigeria","stateName":"Katsina","name":"Ruma","lat":12.8626,"lon":7.23469,"geocoding":{},"distantMaxMiles":5},"Runka":{"countryName":"Nigeria","stateName":"Katsina","name":"Runka","lat":12.44788,"lon":7.30918,"geocoding":{},"distantMaxMiles":5},"Wagini":{"countryName":"Nigeria","stateName":"Katsina","name":"Wagini","lat":12.68781,"lon":7.19579,"geocoding":{},"distantMaxMiles":5}}},"Kebbi":{"countryName":"Nigeria","name":"Kebbi","isoCode":"KE","lat":11.4942003,"lon":4.2333355,"geocoding":{},"distantMaxMiles":5,"cities":{"Argungu":{"countryName":"Nigeria","stateName":"Kebbi","name":"Argungu","lat":12.74482,"lon":4.52514,"geocoding":{},"distantMaxMiles":5},"Bagudo":{"countryName":"Nigeria","stateName":"Kebbi","name":"Bagudo","lat":11.40351,"lon":4.22571,"geocoding":{},"distantMaxMiles":5},"Bena":{"countryName":"Nigeria","stateName":"Kebbi","name":"Bena","lat":11.28444,"lon":5.93472,"geocoding":{},"distantMaxMiles":5},"Bin Yauri":{"countryName":"Nigeria","stateName":"Kebbi","name":"Bin Yauri","lat":10.7823,"lon":4.81135,"geocoding":{},"distantMaxMiles":5},"Birnin Kebbi":{"countryName":"Nigeria","stateName":"Kebbi","name":"Birnin Kebbi","lat":12.45389,"lon":4.1975,"geocoding":{},"distantMaxMiles":5},"Dabai":{"countryName":"Nigeria","stateName":"Kebbi","name":"Dabai","lat":11.47651,"lon":5.20625,"geocoding":{},"distantMaxMiles":5},"Dakingari":{"countryName":"Nigeria","stateName":"Kebbi","name":"Dakingari","lat":11.64809,"lon":4.06177,"geocoding":{},"distantMaxMiles":5},"Gulma":{"countryName":"Nigeria","stateName":"Kebbi","name":"Gulma","lat":12.64231,"lon":4.35545,"geocoding":{},"distantMaxMiles":5},"Gwandu":{"countryName":"Nigeria","stateName":"Kebbi","name":"Gwandu","lat":12.50204,"lon":4.64295,"geocoding":{},"distantMaxMiles":5},"Jega":{"countryName":"Nigeria","stateName":"Kebbi","name":"Jega","lat":12.22336,"lon":4.37971,"geocoding":{},"distantMaxMiles":5},"Kamba":{"countryName":"Nigeria","stateName":"Kebbi","name":"Kamba","lat":11.85172,"lon":3.65478,"geocoding":{},"distantMaxMiles":5},"Kangiwa":{"countryName":"Nigeria","stateName":"Kebbi","name":"Kangiwa","lat":12.55339,"lon":3.81814,"geocoding":{},"distantMaxMiles":5},"Kende":{"countryName":"Nigeria","stateName":"Kebbi","name":"Kende","lat":11.51966,"lon":4.2603,"geocoding":{},"distantMaxMiles":5},"Mahuta":{"countryName":"Nigeria","stateName":"Kebbi","name":"Mahuta","lat":11.55338,"lon":4.98138,"geocoding":{},"distantMaxMiles":5},"Maiyama":{"countryName":"Nigeria","stateName":"Kebbi","name":"Maiyama","lat":12.08225,"lon":4.36907,"geocoding":{},"distantMaxMiles":5},"Shanga":{"countryName":"Nigeria","stateName":"Kebbi","name":"Shanga","lat":11.21374,"lon":4.57941,"geocoding":{},"distantMaxMiles":5},"Wasagu":{"countryName":"Nigeria","stateName":"Kebbi","name":"Wasagu","lat":11.3764,"lon":5.79536,"geocoding":{},"distantMaxMiles":5},"Zuru":{"countryName":"Nigeria","stateName":"Kebbi","name":"Zuru","lat":11.43522,"lon":5.23494,"geocoding":{},"distantMaxMiles":5}}},"Kogi":{"countryName":"Nigeria","name":"Kogi","isoCode":"KO","lat":7.7337325,"lon":6.6905836,"geocoding":{},"distantMaxMiles":5,"cities":{"Abocho":{"countryName":"Nigeria","stateName":"Kogi","name":"Abocho","lat":7.5677,"lon":6.9863,"geocoding":{},"distantMaxMiles":5},"Adoru":{"countryName":"Nigeria","stateName":"Kogi","name":"Adoru","lat":6.97694,"lon":7.16262,"geocoding":{},"distantMaxMiles":5},"Ankpa":{"countryName":"Nigeria","stateName":"Kogi","name":"Ankpa","lat":7.40249,"lon":7.63196,"geocoding":{},"distantMaxMiles":5},"Bugana":{"countryName":"Nigeria","stateName":"Kogi","name":"Bugana","lat":7.99917,"lon":7.58361,"geocoding":{},"distantMaxMiles":5},"Dekina":{"countryName":"Nigeria","stateName":"Kogi","name":"Dekina","lat":7.68967,"lon":7.0438,"geocoding":{},"distantMaxMiles":5},"Egbe":{"countryName":"Nigeria","stateName":"Kogi","name":"Egbe","lat":8.21667,"lon":5.51667,"geocoding":{},"distantMaxMiles":5},"Icheu":{"countryName":"Nigeria","stateName":"Kogi","name":"Icheu","lat":7.7067,"lon":6.7718,"geocoding":{},"distantMaxMiles":5},"Idah":{"countryName":"Nigeria","stateName":"Kogi","name":"Idah","lat":7.11345,"lon":6.73866,"geocoding":{},"distantMaxMiles":5},"Isanlu-Itedoijowa":{"countryName":"Nigeria","stateName":"Kogi","name":"Isanlu-Itedoijowa","lat":8.27445,"lon":5.83528,"geocoding":{},"distantMaxMiles":5},"Kabba":{"countryName":"Nigeria","stateName":"Kogi","name":"Kabba","lat":7.82719,"lon":6.07502,"geocoding":{},"distantMaxMiles":5},"Koton-Karfe":{"countryName":"Nigeria","stateName":"Kogi","name":"Koton-Karfe","lat":8.0912,"lon":6.79782,"geocoding":{},"distantMaxMiles":5},"Lokoja":{"countryName":"Nigeria","stateName":"Kogi","name":"Lokoja","lat":7.79688,"lon":6.74048,"geocoding":{},"distantMaxMiles":5},"Ogaminana":{"countryName":"Nigeria","stateName":"Kogi","name":"Ogaminana","lat":7.59383,"lon":6.21798,"geocoding":{},"distantMaxMiles":5},"Ogurugu":{"countryName":"Nigeria","stateName":"Kogi","name":"Ogurugu","lat":6.78636,"lon":6.95017,"geocoding":{},"distantMaxMiles":5},"Okene":{"countryName":"Nigeria","stateName":"Kogi","name":"Okene","lat":7.55122,"lon":6.23589,"geocoding":{},"distantMaxMiles":5}}},"Kwara":{"countryName":"Nigeria","name":"Kwara","isoCode":"KW","lat":8.9668961,"lon":4.3874051,"geocoding":{},"distantMaxMiles":5,"cities":{"Ajasse Ipo":{"countryName":"Nigeria","stateName":"Kwara","name":"Ajasse Ipo","lat":8.23333,"lon":4.81667,"geocoding":{},"distantMaxMiles":5},"Bode Saadu":{"countryName":"Nigeria","stateName":"Kwara","name":"Bode Saadu","lat":8.939,"lon":4.78227,"geocoding":{},"distantMaxMiles":5},"Gwasero":{"countryName":"Nigeria","stateName":"Kwara","name":"Gwasero","lat":9.48333,"lon":3.5,"geocoding":{},"distantMaxMiles":5},"Ilorin":{"countryName":"Nigeria","stateName":"Kwara","name":"Ilorin","lat":8.49664,"lon":4.54214,"geocoding":{},"distantMaxMiles":5},"Jebba":{"countryName":"Nigeria","stateName":"Kwara","name":"Jebba","lat":9.11972,"lon":4.8236,"geocoding":{},"distantMaxMiles":5},"Kaiama":{"countryName":"Nigeria","stateName":"Kwara","name":"Kaiama","lat":9.6053,"lon":3.94101,"geocoding":{},"distantMaxMiles":5},"Lafiagi":{"countryName":"Nigeria","stateName":"Kwara","name":"Lafiagi","lat":8.85299,"lon":5.41641,"geocoding":{},"distantMaxMiles":5},"Offa":{"countryName":"Nigeria","stateName":"Kwara","name":"Offa","lat":8.14911,"lon":4.72074,"geocoding":{},"distantMaxMiles":5},"Okuta":{"countryName":"Nigeria","stateName":"Kwara","name":"Okuta","lat":9.21667,"lon":3.18333,"geocoding":{},"distantMaxMiles":5},"Omu-Aran":{"countryName":"Nigeria","stateName":"Kwara","name":"Omu-Aran","lat":8.13857,"lon":5.1026,"geocoding":{},"distantMaxMiles":5},"Patigi":{"countryName":"Nigeria","stateName":"Kwara","name":"Patigi","lat":8.72851,"lon":5.75561,"geocoding":{},"distantMaxMiles":5},"Suya":{"countryName":"Nigeria","stateName":"Kwara","name":"Suya","lat":9.46667,"lon":3.18333,"geocoding":{},"distantMaxMiles":5},"Yashikera":{"countryName":"Nigeria","stateName":"Kwara","name":"Yashikera","lat":9.76667,"lon":3.4,"geocoding":{},"distantMaxMiles":5}}},"Lagos":{"countryName":"Nigeria","name":"Lagos","isoCode":"LA","lat":6.5243793,"lon":3.3792057,"geocoding":{},"distantMaxMiles":5,"cities":{"Apapa":{"countryName":"Nigeria","stateName":"Lagos","name":"Apapa","lat":6.4488,"lon":3.35901,"geocoding":{},"distantMaxMiles":5},"Badagry":{"countryName":"Nigeria","stateName":"Lagos","name":"Badagry","lat":6.41502,"lon":2.88132,"geocoding":{},"distantMaxMiles":5},"Ebute Ikorodu":{"countryName":"Nigeria","stateName":"Lagos","name":"Ebute Ikorodu","lat":6.60086,"lon":3.48818,"geocoding":{},"distantMaxMiles":5},"Ejirin":{"countryName":"Nigeria","stateName":"Lagos","name":"Ejirin","lat":6.61423,"lon":3.90019,"geocoding":{},"distantMaxMiles":5},"Epe":{"countryName":"Nigeria","stateName":"Lagos","name":"Epe","lat":6.58412,"lon":3.98336,"geocoding":{},"distantMaxMiles":5},"Ikeja":{"countryName":"Nigeria","stateName":"Lagos","name":"Ikeja","lat":6.59651,"lon":3.34205,"geocoding":{},"distantMaxMiles":5},"Lagos":{"countryName":"Nigeria","stateName":"Lagos","name":"Lagos","lat":6.45407,"lon":3.39467,"geocoding":{},"distantMaxMiles":5},"Makoko":{"countryName":"Nigeria","stateName":"Lagos","name":"Makoko","lat":6.49611,"lon":3.38778,"geocoding":{},"distantMaxMiles":5}}},"Nasarawa":{"countryName":"Nigeria","name":"Nasarawa","isoCode":"NA","lat":8.4997908,"lon":8.1996937,"geocoding":{},"distantMaxMiles":5,"cities":{"Buga":{"countryName":"Nigeria","stateName":"Nasarawa","name":"Buga","lat":8.49056,"lon":7.34139,"geocoding":{},"distantMaxMiles":5},"Doma":{"countryName":"Nigeria","stateName":"Nasarawa","name":"Doma","lat":8.39307,"lon":8.35544,"geocoding":{},"distantMaxMiles":5},"Keffi":{"countryName":"Nigeria","stateName":"Nasarawa","name":"Keffi","lat":8.84651,"lon":7.87354,"geocoding":{},"distantMaxMiles":5},"Lafia":{"countryName":"Nigeria","stateName":"Nasarawa","name":"Lafia","lat":8.4939,"lon":8.51532,"geocoding":{},"distantMaxMiles":5},"Nasarawa":{"countryName":"Nigeria","stateName":"Nasarawa","name":"Nasarawa","lat":8.53895,"lon":7.70821,"geocoding":{},"distantMaxMiles":5},"Wamba":{"countryName":"Nigeria","stateName":"Nasarawa","name":"Wamba","lat":8.94153,"lon":8.60315,"geocoding":{},"distantMaxMiles":5}}},"Niger":{"countryName":"Nigeria","name":"Niger","isoCode":"NI","lat":9.9309224,"lon":5.598321,"geocoding":{},"distantMaxMiles":5,"cities":{"Auna":{"countryName":"Nigeria","stateName":"Niger","name":"Auna","lat":10.18805,"lon":4.72318,"geocoding":{},"distantMaxMiles":5},"Babana":{"countryName":"Nigeria","stateName":"Niger","name":"Babana","lat":10.42949,"lon":3.81495,"geocoding":{},"distantMaxMiles":5},"Badeggi":{"countryName":"Nigeria","stateName":"Niger","name":"Badeggi","lat":9.0563,"lon":6.143,"geocoding":{},"distantMaxMiles":5},"Baro":{"countryName":"Nigeria","stateName":"Niger","name":"Baro","lat":8.61565,"lon":6.4185,"geocoding":{},"distantMaxMiles":5},"Bokani":{"countryName":"Nigeria","stateName":"Niger","name":"Bokani","lat":9.43333,"lon":5.2,"geocoding":{},"distantMaxMiles":5},"Duku":{"countryName":"Nigeria","stateName":"Niger","name":"Duku","lat":11.2361,"lon":4.90727,"geocoding":{},"distantMaxMiles":5},"Ibeto":{"countryName":"Nigeria","stateName":"Niger","name":"Ibeto","lat":10.48536,"lon":5.14501,"geocoding":{},"distantMaxMiles":5},"Konkwesso":{"countryName":"Nigeria","stateName":"Niger","name":"Konkwesso","lat":10.84686,"lon":4.09835,"geocoding":{},"distantMaxMiles":5},"Kontagora":{"countryName":"Nigeria","stateName":"Niger","name":"Kontagora","lat":10.40319,"lon":5.4708,"geocoding":{},"distantMaxMiles":5},"Kusheriki":{"countryName":"Nigeria","stateName":"Niger","name":"Kusheriki","lat":10.53283,"lon":6.44222,"geocoding":{},"distantMaxMiles":5},"Kuta":{"countryName":"Nigeria","stateName":"Niger","name":"Kuta","lat":9.86864,"lon":6.71042,"geocoding":{},"distantMaxMiles":5},"Lapai":{"countryName":"Nigeria","stateName":"Niger","name":"Lapai","lat":9.04439,"lon":6.57089,"geocoding":{},"distantMaxMiles":5},"Minna":{"countryName":"Nigeria","stateName":"Niger","name":"Minna","lat":9.61524,"lon":6.54776,"geocoding":{},"distantMaxMiles":5},"New Shagunnu":{"countryName":"Nigeria","stateName":"Niger","name":"New Shagunnu","lat":10.33957,"lon":4.4688,"geocoding":{},"distantMaxMiles":5},"Suleja":{"countryName":"Nigeria","stateName":"Niger","name":"Suleja","lat":9.18059,"lon":7.17939,"geocoding":{},"distantMaxMiles":5},"Tegina":{"countryName":"Nigeria","stateName":"Niger","name":"Tegina","lat":10.0706,"lon":6.1906,"geocoding":{},"distantMaxMiles":5},"Ukata":{"countryName":"Nigeria","stateName":"Niger","name":"Ukata","lat":10.83122,"lon":5.82494,"geocoding":{},"distantMaxMiles":5},"Wawa":{"countryName":"Nigeria","stateName":"Niger","name":"Wawa","lat":9.90222,"lon":4.41917,"geocoding":{},"distantMaxMiles":5},"Zungeru":{"countryName":"Nigeria","stateName":"Niger","name":"Zungeru","lat":9.80726,"lon":6.15238,"geocoding":{},"distantMaxMiles":5}}},"Ogun":{"countryName":"Nigeria","name":"Ogun","isoCode":"OG","lat":6.9979747,"lon":3.4737378,"geocoding":{},"distantMaxMiles":5,"cities":{"Abeokuta":{"countryName":"Nigeria","stateName":"Ogun","name":"Abeokuta","lat":7.15571,"lon":3.34509,"geocoding":{},"distantMaxMiles":5},"Ado Odo":{"countryName":"Nigeria","stateName":"Ogun","name":"Ado Odo","lat":6.6,"lon":2.93333,"geocoding":{},"distantMaxMiles":5},"Idi Iroko":{"countryName":"Nigeria","stateName":"Ogun","name":"Idi Iroko","lat":6.63333,"lon":2.73333,"geocoding":{},"distantMaxMiles":5},"Ifo":{"countryName":"Nigeria","stateName":"Ogun","name":"Ifo","lat":6.81491,"lon":3.19518,"geocoding":{},"distantMaxMiles":5},"Ijebu-Ife":{"countryName":"Nigeria","stateName":"Ogun","name":"Ijebu-Ife","lat":6.77837,"lon":4.03386,"geocoding":{},"distantMaxMiles":5},"Ijebu-Igbo":{"countryName":"Nigeria","stateName":"Ogun","name":"Ijebu-Igbo","lat":6.97198,"lon":3.99938,"geocoding":{},"distantMaxMiles":5},"Ijebu-Ode":{"countryName":"Nigeria","stateName":"Ogun","name":"Ijebu-Ode","lat":6.81944,"lon":3.91731,"geocoding":{},"distantMaxMiles":5},"Ilaro":{"countryName":"Nigeria","stateName":"Ogun","name":"Ilaro","lat":6.88901,"lon":3.01416,"geocoding":{},"distantMaxMiles":5},"Imeko":{"countryName":"Nigeria","stateName":"Ogun","name":"Imeko","lat":7.44888,"lon":2.84289,"geocoding":{},"distantMaxMiles":5},"Iperu":{"countryName":"Nigeria","stateName":"Ogun","name":"Iperu","lat":6.91002,"lon":3.66557,"geocoding":{},"distantMaxMiles":5},"Isara":{"countryName":"Nigeria","stateName":"Ogun","name":"Isara","lat":6.99345,"lon":3.68148,"geocoding":{},"distantMaxMiles":5},"Owode":{"countryName":"Nigeria","stateName":"Ogun","name":"Owode","lat":6.94851,"lon":3.50561,"geocoding":{},"distantMaxMiles":5}}},"Ondo":{"countryName":"Nigeria","name":"Ondo","isoCode":"ON","lat":6.9148682,"lon":5.1478144,"geocoding":{},"distantMaxMiles":5,"cities":{"Agbabu":{"countryName":"Nigeria","stateName":"Ondo","name":"Agbabu","lat":6.58862,"lon":4.8343,"geocoding":{},"distantMaxMiles":5},"Akure":{"countryName":"Nigeria","stateName":"Ondo","name":"Akure","lat":7.25256,"lon":5.19312,"geocoding":{},"distantMaxMiles":5},"Idanre":{"countryName":"Nigeria","stateName":"Ondo","name":"Idanre","lat":7.1127,"lon":5.1159,"geocoding":{},"distantMaxMiles":5},"Ifon":{"countryName":"Nigeria","stateName":"Ondo","name":"Ifon","lat":6.92973,"lon":5.77368,"geocoding":{},"distantMaxMiles":5},"Ilare":{"countryName":"Nigeria","stateName":"Ondo","name":"Ilare","lat":7.35067,"lon":5.11333,"geocoding":{},"distantMaxMiles":5},"Ode":{"countryName":"Nigeria","stateName":"Ondo","name":"Ode","lat":7.7899,"lon":5.7117,"geocoding":{},"distantMaxMiles":5},"Ondo":{"countryName":"Nigeria","stateName":"Ondo","name":"Ondo","lat":7.09316,"lon":4.83528,"geocoding":{},"distantMaxMiles":5},"Ore":{"countryName":"Nigeria","stateName":"Ondo","name":"Ore","lat":6.74716,"lon":4.8761,"geocoding":{},"distantMaxMiles":5},"Owo":{"countryName":"Nigeria","stateName":"Ondo","name":"Owo","lat":7.1962,"lon":5.58681,"geocoding":{},"distantMaxMiles":5}}},"Osun":{"countryName":"Nigeria","name":"Osun","isoCode":"OS","lat":7.5628964,"lon":4.5199593,"geocoding":{},"distantMaxMiles":5,"cities":{"Apomu":{"countryName":"Nigeria","stateName":"Osun","name":"Apomu","lat":7.35156,"lon":4.18335,"geocoding":{},"distantMaxMiles":5},"Ejigbo":{"countryName":"Nigeria","stateName":"Osun","name":"Ejigbo","lat":7.90292,"lon":4.31419,"geocoding":{},"distantMaxMiles":5},"Gbongan":{"countryName":"Nigeria","stateName":"Osun","name":"Gbongan","lat":7.47734,"lon":4.35351,"geocoding":{},"distantMaxMiles":5},"Ijebu-Jesa":{"countryName":"Nigeria","stateName":"Osun","name":"Ijebu-Jesa","lat":7.68287,"lon":4.81769,"geocoding":{},"distantMaxMiles":5},"Ikire":{"countryName":"Nigeria","stateName":"Osun","name":"Ikire","lat":7.36983,"lon":4.1863,"geocoding":{},"distantMaxMiles":5},"Ikirun":{"countryName":"Nigeria","stateName":"Osun","name":"Ikirun","lat":7.91283,"lon":4.66741,"geocoding":{},"distantMaxMiles":5},"Ila Orangun":{"countryName":"Nigeria","stateName":"Osun","name":"Ila Orangun","lat":8.01714,"lon":4.90421,"geocoding":{},"distantMaxMiles":5},"Ile-Ife":{"countryName":"Nigeria","stateName":"Osun","name":"Ile-Ife","lat":7.4824,"lon":4.56032,"geocoding":{},"distantMaxMiles":5},"Ilesa":{"countryName":"Nigeria","stateName":"Osun","name":"Ilesa","lat":7.62789,"lon":4.74161,"geocoding":{},"distantMaxMiles":5},"Ilobu":{"countryName":"Nigeria","stateName":"Osun","name":"Ilobu","lat":7.84036,"lon":4.48557,"geocoding":{},"distantMaxMiles":5},"Inisa":{"countryName":"Nigeria","stateName":"Osun","name":"Inisa","lat":7.85,"lon":4.33333,"geocoding":{},"distantMaxMiles":5},"Iwo":{"countryName":"Nigeria","stateName":"Osun","name":"Iwo","lat":7.63527,"lon":4.18156,"geocoding":{},"distantMaxMiles":5},"Modakeke":{"countryName":"Nigeria","stateName":"Osun","name":"Modakeke","lat":7.38299,"lon":4.26031,"geocoding":{},"distantMaxMiles":5},"Oke Mesi":{"countryName":"Nigeria","stateName":"Osun","name":"Oke Mesi","lat":7.81667,"lon":4.91667,"geocoding":{},"distantMaxMiles":5},"Olupona":{"countryName":"Nigeria","stateName":"Osun","name":"Olupona","lat":7.6,"lon":4.18333,"geocoding":{},"distantMaxMiles":5},"Osogbo":{"countryName":"Nigeria","stateName":"Osun","name":"Osogbo","lat":7.77104,"lon":4.55698,"geocoding":{},"distantMaxMiles":5},"Otan Ayegbaju":{"countryName":"Nigeria","stateName":"Osun","name":"Otan Ayegbaju","lat":7.94783,"lon":4.78836,"geocoding":{},"distantMaxMiles":5},"Oyan":{"countryName":"Nigeria","stateName":"Osun","name":"Oyan","lat":8.05,"lon":4.76667,"geocoding":{},"distantMaxMiles":5}}},"Oyo":{"countryName":"Nigeria","name":"Oyo","isoCode":"OY","lat":8.1573809,"lon":3.6146534,"geocoding":{},"distantMaxMiles":5,"cities":{"Ago Are":{"countryName":"Nigeria","stateName":"Oyo","name":"Ago Are","lat":8.5,"lon":3.41667,"geocoding":{},"distantMaxMiles":5},"Alapa":{"countryName":"Nigeria","stateName":"Oyo","name":"Alapa","lat":8.61667,"lon":4.38333,"geocoding":{},"distantMaxMiles":5},"Fiditi":{"countryName":"Nigeria","stateName":"Oyo","name":"Fiditi","lat":7.71361,"lon":3.91722,"geocoding":{},"distantMaxMiles":5},"Ibadan":{"countryName":"Nigeria","stateName":"Oyo","name":"Ibadan","lat":7.37756,"lon":3.90591,"geocoding":{},"distantMaxMiles":5},"Igbeti":{"countryName":"Nigeria","stateName":"Oyo","name":"Igbeti","lat":8.74921,"lon":4.13113,"geocoding":{},"distantMaxMiles":5},"Igbo-Ora":{"countryName":"Nigeria","stateName":"Oyo","name":"Igbo-Ora","lat":7.43383,"lon":3.28788,"geocoding":{},"distantMaxMiles":5},"Igboho":{"countryName":"Nigeria","stateName":"Oyo","name":"Igboho","lat":8.83784,"lon":3.75628,"geocoding":{},"distantMaxMiles":5},"Kisi":{"countryName":"Nigeria","stateName":"Oyo","name":"Kisi","lat":9.08297,"lon":3.85196,"geocoding":{},"distantMaxMiles":5},"Lalupon":{"countryName":"Nigeria","stateName":"Oyo","name":"Lalupon","lat":7.46791,"lon":4.06594,"geocoding":{},"distantMaxMiles":5},"Ogbomoso":{"countryName":"Nigeria","stateName":"Oyo","name":"Ogbomoso","lat":8.13373,"lon":4.24014,"geocoding":{},"distantMaxMiles":5},"Okeho":{"countryName":"Nigeria","stateName":"Oyo","name":"Okeho","lat":8.03386,"lon":3.34759,"geocoding":{},"distantMaxMiles":5},"Orita Eruwa":{"countryName":"Nigeria","stateName":"Oyo","name":"Orita Eruwa","lat":7.55,"lon":3.43333,"geocoding":{},"distantMaxMiles":5},"Oyo":{"countryName":"Nigeria","stateName":"Oyo","name":"Oyo","lat":7.85257,"lon":3.93125,"geocoding":{},"distantMaxMiles":5},"Saki":{"countryName":"Nigeria","stateName":"Oyo","name":"Saki","lat":8.66762,"lon":3.39393,"geocoding":{},"distantMaxMiles":5}}},"Plateau":{"countryName":"Nigeria","name":"Plateau","isoCode":"PL","lat":9.2182093,"lon":9.5179488,"geocoding":{},"distantMaxMiles":5,"cities":{"Amper":{"countryName":"Nigeria","stateName":"Plateau","name":"Amper","lat":9.35509,"lon":9.70121,"geocoding":{},"distantMaxMiles":5},"Bukuru":{"countryName":"Nigeria","stateName":"Plateau","name":"Bukuru","lat":9.79399,"lon":8.86397,"geocoding":{},"distantMaxMiles":5},"Dengi":{"countryName":"Nigeria","stateName":"Plateau","name":"Dengi","lat":9.36872,"lon":9.96223,"geocoding":{},"distantMaxMiles":5},"Jos":{"countryName":"Nigeria","stateName":"Plateau","name":"Jos","lat":9.92849,"lon":8.89212,"geocoding":{},"distantMaxMiles":5},"Kwolla":{"countryName":"Nigeria","stateName":"Plateau","name":"Kwolla","lat":8.90361,"lon":9.29086,"geocoding":{},"distantMaxMiles":5},"Langtang":{"countryName":"Nigeria","stateName":"Plateau","name":"Langtang","lat":9.14164,"lon":9.79101,"geocoding":{},"distantMaxMiles":5},"Pankshin":{"countryName":"Nigeria","stateName":"Plateau","name":"Pankshin","lat":9.32541,"lon":9.4352,"geocoding":{},"distantMaxMiles":5},"Panyam":{"countryName":"Nigeria","stateName":"Plateau","name":"Panyam","lat":9.40756,"lon":9.21481,"geocoding":{},"distantMaxMiles":5},"Vom":{"countryName":"Nigeria","stateName":"Plateau","name":"Vom","lat":9.7291,"lon":8.79138,"geocoding":{},"distantMaxMiles":5},"Yelwa":{"countryName":"Nigeria","stateName":"Plateau","name":"Yelwa","lat":8.83333,"lon":9.63333,"geocoding":{},"distantMaxMiles":5}}},"Rivers":{"countryName":"Nigeria","name":"Rivers","isoCode":"RI","lat":5.021342,"lon":6.4376022,"geocoding":{},"distantMaxMiles":5,"cities":{"Abalama":{"countryName":"Nigeria","stateName":"Rivers","name":"Abalama","lat":4.76305556,"lon":6.84027778,"geocoding":{},"distantMaxMiles":5},"Abonnema":{"countryName":"Nigeria","stateName":"Rivers","name":"Abonnema","lat":4.7231169,"lon":6.7788461,"geocoding":{},"distantMaxMiles":5},"Ahoada":{"countryName":"Nigeria","stateName":"Rivers","name":"Ahoada","lat":5.08333333,"lon":6.65,"geocoding":{},"distantMaxMiles":5},"Bori":{"countryName":"Nigeria","stateName":"Rivers","name":"Bori","lat":4.67277778,"lon":7.37027778,"geocoding":{},"distantMaxMiles":5},"Buguma":{"countryName":"Nigeria","stateName":"Rivers","name":"Buguma","lat":4.73333333,"lon":6.86666667,"geocoding":{},"distantMaxMiles":5},"Chokocho":{"countryName":"Nigeria","stateName":"Rivers","name":"Chokocho","lat":4.990833,"lon":7.054444,"geocoding":{},"distantMaxMiles":5},"Elele":{"countryName":"Nigeria","stateName":"Rivers","name":"Elele","lat":5.10184167,"lon":6.81902222,"geocoding":{},"distantMaxMiles":5},"Obonoma":{"countryName":"Nigeria","stateName":"Rivers","name":"Obonoma","lat":4.71138889,"lon":6.79083333,"geocoding":{},"distantMaxMiles":5},"Omoku":{"countryName":"Nigeria","stateName":"Rivers","name":"Omoku","lat":5.342,"lon":6.656,"geocoding":{},"distantMaxMiles":5},"Onne":{"countryName":"Nigeria","stateName":"Rivers","name":"Onne","lat":4.74444444,"lon":7.03611111,"geocoding":{},"distantMaxMiles":5},"Opobo":{"countryName":"Nigeria","stateName":"Rivers","name":"Opobo","lat":4.51138889,"lon":7.54,"geocoding":{},"distantMaxMiles":5},"Port Harcourt":{"countryName":"Nigeria","stateName":"Rivers","name":"Port Harcourt","lat":4.75,"lon":7,"geocoding":{},"distantMaxMiles":5},"Rumuokoro":{"countryName":"Nigeria","stateName":"Rivers","name":"Rumuokoro","lat":4.86666667,"lon":6.98333333,"geocoding":{},"distantMaxMiles":5}}},"Sokoto":{"countryName":"Nigeria","name":"Sokoto","isoCode":"SO","lat":13.0533143,"lon":5.3222722,"geocoding":{},"distantMaxMiles":5,"cities":{"Binji":{"countryName":"Nigeria","stateName":"Sokoto","name":"Binji","lat":13.22294,"lon":4.90888,"geocoding":{},"distantMaxMiles":5},"Dange":{"countryName":"Nigeria","stateName":"Sokoto","name":"Dange","lat":12.85313,"lon":5.34572,"geocoding":{},"distantMaxMiles":5},"Gandi":{"countryName":"Nigeria","stateName":"Sokoto","name":"Gandi","lat":12.96358,"lon":5.74337,"geocoding":{},"distantMaxMiles":5},"Goronyo":{"countryName":"Nigeria","stateName":"Sokoto","name":"Goronyo","lat":13.44226,"lon":5.67234,"geocoding":{},"distantMaxMiles":5},"Gwadabawa":{"countryName":"Nigeria","stateName":"Sokoto","name":"Gwadabawa","lat":13.35819,"lon":5.23812,"geocoding":{},"distantMaxMiles":5},"Illela":{"countryName":"Nigeria","stateName":"Sokoto","name":"Illela","lat":13.73064,"lon":5.29777,"geocoding":{},"distantMaxMiles":5},"Rabah":{"countryName":"Nigeria","stateName":"Sokoto","name":"Rabah","lat":13.12257,"lon":5.50762,"geocoding":{},"distantMaxMiles":5},"Sokoto":{"countryName":"Nigeria","stateName":"Sokoto","name":"Sokoto","lat":13.06269,"lon":5.24322,"geocoding":{},"distantMaxMiles":5},"Tambuwal":{"countryName":"Nigeria","stateName":"Sokoto","name":"Tambuwal","lat":12.40592,"lon":4.64605,"geocoding":{},"distantMaxMiles":5},"Wurno":{"countryName":"Nigeria","stateName":"Sokoto","name":"Wurno","lat":13.29048,"lon":5.42373,"geocoding":{},"distantMaxMiles":5}}},"Taraba":{"countryName":"Nigeria","name":"Taraba","isoCode":"TA","lat":7.9993616,"lon":10.7739863,"geocoding":{},"distantMaxMiles":5,"cities":{"Baissa":{"countryName":"Nigeria","stateName":"Taraba","name":"Baissa","lat":7.23087,"lon":10.62444,"geocoding":{},"distantMaxMiles":5},"Beli":{"countryName":"Nigeria","stateName":"Taraba","name":"Beli","lat":7.85868,"lon":10.97187,"geocoding":{},"distantMaxMiles":5},"Gassol":{"countryName":"Nigeria","stateName":"Taraba","name":"Gassol","lat":8.53535,"lon":10.44615,"geocoding":{},"distantMaxMiles":5},"Gembu":{"countryName":"Nigeria","stateName":"Taraba","name":"Gembu","lat":6.72556,"lon":11.25652,"geocoding":{},"distantMaxMiles":5},"Ibi":{"countryName":"Nigeria","stateName":"Taraba","name":"Ibi","lat":8.18122,"lon":9.74431,"geocoding":{},"distantMaxMiles":5},"Jalingo":{"countryName":"Nigeria","stateName":"Taraba","name":"Jalingo","lat":8.89367,"lon":11.3596,"geocoding":{},"distantMaxMiles":5},"Lau":{"countryName":"Nigeria","stateName":"Taraba","name":"Lau","lat":9.20827,"lon":11.27541,"geocoding":{},"distantMaxMiles":5},"Mutum Biyu":{"countryName":"Nigeria","stateName":"Taraba","name":"Mutum Biyu","lat":8.64138,"lon":10.77355,"geocoding":{},"distantMaxMiles":5},"Riti":{"countryName":"Nigeria","stateName":"Taraba","name":"Riti","lat":7.90844,"lon":9.61688,"geocoding":{},"distantMaxMiles":5},"Wukari":{"countryName":"Nigeria","stateName":"Taraba","name":"Wukari","lat":7.87139,"lon":9.77786,"geocoding":{},"distantMaxMiles":5}}},"Yobe":{"countryName":"Nigeria","name":"Yobe","isoCode":"YO","lat":12.293876,"lon":11.4390411,"geocoding":{},"distantMaxMiles":5,"cities":{"Damaturu":{"countryName":"Nigeria","stateName":"Yobe","name":"Damaturu","lat":11.74697,"lon":11.96083,"geocoding":{},"distantMaxMiles":5},"Dankalwa":{"countryName":"Nigeria","stateName":"Yobe","name":"Dankalwa","lat":11.74449,"lon":12.18545,"geocoding":{},"distantMaxMiles":5},"Dapchi":{"countryName":"Nigeria","stateName":"Yobe","name":"Dapchi","lat":12.49536,"lon":11.49977,"geocoding":{},"distantMaxMiles":5},"Daura":{"countryName":"Nigeria","stateName":"Yobe","name":"Daura","lat":11.5541,"lon":11.406,"geocoding":{},"distantMaxMiles":5},"Fika":{"countryName":"Nigeria","stateName":"Yobe","name":"Fika","lat":11.377,"lon":11.23746,"geocoding":{},"distantMaxMiles":5},"Gashua":{"countryName":"Nigeria","stateName":"Yobe","name":"Gashua","lat":12.87398,"lon":11.04057,"geocoding":{},"distantMaxMiles":5},"Geidam":{"countryName":"Nigeria","stateName":"Yobe","name":"Geidam","lat":12.89439,"lon":11.92649,"geocoding":{},"distantMaxMiles":5},"Goniri":{"countryName":"Nigeria","stateName":"Yobe","name":"Goniri","lat":11.48451,"lon":12.31264,"geocoding":{},"distantMaxMiles":5},"Gorgoram":{"countryName":"Nigeria","stateName":"Yobe","name":"Gorgoram","lat":12.63958,"lon":10.70422,"geocoding":{},"distantMaxMiles":5},"Gujba":{"countryName":"Nigeria","stateName":"Yobe","name":"Gujba","lat":11.49959,"lon":11.93396,"geocoding":{},"distantMaxMiles":5},"Gwio Kura":{"countryName":"Nigeria","stateName":"Yobe","name":"Gwio Kura","lat":12.67479,"lon":11.0669,"geocoding":{},"distantMaxMiles":5},"Kumagunnam":{"countryName":"Nigeria","stateName":"Yobe","name":"Kumagunnam","lat":13.15498,"lon":10.63468,"geocoding":{},"distantMaxMiles":5},"Lajere":{"countryName":"Nigeria","stateName":"Yobe","name":"Lajere","lat":11.98022,"lon":11.44002,"geocoding":{},"distantMaxMiles":5},"Machina":{"countryName":"Nigeria","stateName":"Yobe","name":"Machina","lat":13.13639,"lon":10.04924,"geocoding":{},"distantMaxMiles":5},"Nguru":{"countryName":"Nigeria","stateName":"Yobe","name":"Nguru","lat":12.87695,"lon":10.45536,"geocoding":{},"distantMaxMiles":5},"Potiskum":{"countryName":"Nigeria","stateName":"Yobe","name":"Potiskum","lat":11.71391,"lon":11.08108,"geocoding":{},"distantMaxMiles":5}}},"Zamfara":{"countryName":"Nigeria","name":"Zamfara","isoCode":"ZA","lat":12.1221805,"lon":6.2235819,"geocoding":{},"distantMaxMiles":5,"cities":{"Anka":{"countryName":"Nigeria","stateName":"Zamfara","name":"Anka","lat":12.11347,"lon":5.92681,"geocoding":{},"distantMaxMiles":5},"Dan Sadau":{"countryName":"Nigeria","stateName":"Zamfara","name":"Dan Sadau","lat":11.29621,"lon":6.4952,"geocoding":{},"distantMaxMiles":5},"Gummi":{"countryName":"Nigeria","stateName":"Zamfara","name":"Gummi","lat":12.14484,"lon":5.11776,"geocoding":{},"distantMaxMiles":5},"Gusau":{"countryName":"Nigeria","stateName":"Zamfara","name":"Gusau","lat":12.17024,"lon":6.66412,"geocoding":{},"distantMaxMiles":5},"Kaura Namoda":{"countryName":"Nigeria","stateName":"Zamfara","name":"Kaura Namoda","lat":12.59371,"lon":6.58648,"geocoding":{},"distantMaxMiles":5},"Kwatarkwashi":{"countryName":"Nigeria","stateName":"Zamfara","name":"Kwatarkwashi","lat":12.14082,"lon":6.82196,"geocoding":{},"distantMaxMiles":5},"Maru":{"countryName":"Nigeria","stateName":"Zamfara","name":"Maru","lat":12.3336,"lon":6.40372,"geocoding":{},"distantMaxMiles":5},"Moriki":{"countryName":"Nigeria","stateName":"Zamfara","name":"Moriki","lat":12.87405,"lon":6.48754,"geocoding":{},"distantMaxMiles":5},"Sauri":{"countryName":"Nigeria","stateName":"Zamfara","name":"Sauri","lat":11.72655,"lon":6.78374,"geocoding":{},"distantMaxMiles":5},"Tsafe":{"countryName":"Nigeria","stateName":"Zamfara","name":"Tsafe","lat":11.95775,"lon":6.92083,"geocoding":{},"distantMaxMiles":5}}}}}