{"name":"Nepal","isoCode":"NP","lat":28,"lon":84,"geocoding":{},"distantMaxMiles":5,"states":{"Bagmati Zone":{"countryName":"Nepal","name":"Bagmati Zone","isoCode":"BA","lat":28.0367577,"lon":85.4375574,"geocoding":{},"distantMaxMiles":5,"cities":{}},"Bheri Zone":{"countryName":"Nepal","name":"Bheri Zone","isoCode":"BH","lat":28.517456,"lon":81.7787021,"geocoding":{},"distantMaxMiles":5,"cities":{}},"Central Region":{"countryName":"Nepal","name":"Central Region","isoCode":"1","geocoding":{},"distantMaxMiles":5,"cities":{"Banepā":{"countryName":"Nepal","stateName":"Central Region","name":"Banepā","lat":27.63245,"lon":85.52192,"geocoding":{},"distantMaxMiles":5},"Bharatpur":{"countryName":"Nepal","stateName":"Central Region","name":"Bharatpur","lat":27.6768,"lon":84.43589,"geocoding":{},"distantMaxMiles":5},"Birgañj":{"countryName":"Nepal","stateName":"Central Region","name":"Birgañj","lat":27.01709,"lon":84.8808,"geocoding":{},"distantMaxMiles":5},"Dhulikhel":{"countryName":"Nepal","stateName":"Central Region","name":"Dhulikhel","lat":27.6221,"lon":85.54281,"geocoding":{},"distantMaxMiles":5},"Gaur":{"countryName":"Nepal","stateName":"Central Region","name":"Gaur","lat":26.76448,"lon":85.27841,"geocoding":{},"distantMaxMiles":5},"Hari Bdr Tamang House":{"countryName":"Nepal","stateName":"Central Region","name":"Hari Bdr Tamang House","lat":27.6289,"lon":85.45893,"geocoding":{},"distantMaxMiles":5},"Hetauda":{"countryName":"Nepal","stateName":"Central Region","name":"Hetauda","lat":27.42839,"lon":85.03219,"geocoding":{},"distantMaxMiles":5},"Jaleshwar":{"countryName":"Nepal","stateName":"Central Region","name":"Jaleshwar","lat":26.64921,"lon":85.80017,"geocoding":{},"distantMaxMiles":5},"Janakpur":{"countryName":"Nepal","stateName":"Central Region","name":"Janakpur","lat":26.72882,"lon":85.92628,"geocoding":{},"distantMaxMiles":5},"Kathmandu":{"countryName":"Nepal","stateName":"Central Region","name":"Kathmandu","lat":27.70169,"lon":85.3206,"geocoding":{},"distantMaxMiles":5},"Kirtipur":{"countryName":"Nepal","stateName":"Central Region","name":"Kirtipur","lat":27.67872,"lon":85.2775,"geocoding":{},"distantMaxMiles":5},"Madhyapur Thimi":{"countryName":"Nepal","stateName":"Central Region","name":"Madhyapur Thimi","lat":27.68056,"lon":85.3875,"geocoding":{},"distantMaxMiles":5},"Malaṅgawā":{"countryName":"Nepal","stateName":"Central Region","name":"Malaṅgawā","lat":26.85658,"lon":85.5594,"geocoding":{},"distantMaxMiles":5},"Nagarkot":{"countryName":"Nepal","stateName":"Central Region","name":"Nagarkot","lat":27.71522,"lon":85.52075,"geocoding":{},"distantMaxMiles":5},"Panauti":{"countryName":"Nepal","stateName":"Central Region","name":"Panauti","lat":27.58466,"lon":85.52122,"geocoding":{},"distantMaxMiles":5},"Pātan":{"countryName":"Nepal","stateName":"Central Region","name":"Pātan","lat":27.67658,"lon":85.31417,"geocoding":{},"distantMaxMiles":5},"Rāmechhāp":{"countryName":"Nepal","stateName":"Central Region","name":"Rāmechhāp","lat":27.3256,"lon":86.08768,"geocoding":{},"distantMaxMiles":5},"kankrabari Dovan":{"countryName":"Nepal","stateName":"Central Region","name":"kankrabari Dovan","lat":27.62881,"lon":85.45934,"geocoding":{},"distantMaxMiles":5}}},"Dhaulagiri Zone":{"countryName":"Nepal","name":"Dhaulagiri Zone","isoCode":"DH","lat":28.611176,"lon":83.5070203,"geocoding":{},"distantMaxMiles":5,"cities":{}},"Eastern Development Region":{"countryName":"Nepal","name":"Eastern Development Region","isoCode":"4","lat":27.3309072,"lon":87.0624261,"geocoding":{},"distantMaxMiles":5,"cities":{"Bhadrapur":{"countryName":"Nepal","stateName":"Eastern Development Region","name":"Bhadrapur","lat":26.54404,"lon":88.09436,"geocoding":{},"distantMaxMiles":5},"Bhojpur":{"countryName":"Nepal","stateName":"Eastern Development Region","name":"Bhojpur","lat":27.1715,"lon":87.04607,"geocoding":{},"distantMaxMiles":5},"Biratnagar":{"countryName":"Nepal","stateName":"Eastern Development Region","name":"Biratnagar","lat":26.45505,"lon":87.27007,"geocoding":{},"distantMaxMiles":5},"Dhankutā":{"countryName":"Nepal","stateName":"Eastern Development Region","name":"Dhankutā","lat":26.98333,"lon":87.33333,"geocoding":{},"distantMaxMiles":5},"Dharān":{"countryName":"Nepal","stateName":"Eastern Development Region","name":"Dharān","lat":26.81436,"lon":87.27972,"geocoding":{},"distantMaxMiles":5},"Ilām":{"countryName":"Nepal","stateName":"Eastern Development Region","name":"Ilām","lat":26.90943,"lon":87.92824,"geocoding":{},"distantMaxMiles":5},"Inaruwa":{"countryName":"Nepal","stateName":"Eastern Development Region","name":"Inaruwa","lat":26.60675,"lon":87.1478,"geocoding":{},"distantMaxMiles":5},"Khanbari":{"countryName":"Nepal","stateName":"Eastern Development Region","name":"Khanbari","lat":27.37604,"lon":87.20767,"geocoding":{},"distantMaxMiles":5},"Lahān":{"countryName":"Nepal","stateName":"Eastern Development Region","name":"Lahān","lat":26.72022,"lon":86.48258,"geocoding":{},"distantMaxMiles":5},"Lobujya":{"countryName":"Nepal","stateName":"Eastern Development Region","name":"Lobujya","lat":27.95,"lon":86.81667,"geocoding":{},"distantMaxMiles":5},"Namche Bazar":{"countryName":"Nepal","stateName":"Eastern Development Region","name":"Namche Bazar","lat":27.80528,"lon":86.71058,"geocoding":{},"distantMaxMiles":5},"Rājbirāj":{"countryName":"Nepal","stateName":"Eastern Development Region","name":"Rājbirāj","lat":26.53968,"lon":86.74796,"geocoding":{},"distantMaxMiles":5},"Siraha":{"countryName":"Nepal","stateName":"Eastern Development Region","name":"Siraha","lat":26.65422,"lon":86.20795,"geocoding":{},"distantMaxMiles":5},"Titahari":{"countryName":"Nepal","stateName":"Eastern Development Region","name":"Titahari","lat":26.66371,"lon":87.27403,"geocoding":{},"distantMaxMiles":5},"Triyuga":{"countryName":"Nepal","stateName":"Eastern Development Region","name":"Triyuga","lat":26.7919,"lon":86.699,"geocoding":{},"distantMaxMiles":5}}},"Far-Western Development Region":{"countryName":"Nepal","name":"Far-Western Development Region","isoCode":"5","lat":29.2987871,"lon":80.9871074,"geocoding":{},"distantMaxMiles":5,"cities":{"Dadeldhurā":{"countryName":"Nepal","stateName":"Far-Western Development Region","name":"Dadeldhurā","lat":29.29842,"lon":80.58059,"geocoding":{},"distantMaxMiles":5},"Dhangaḍhi̇̄":{"countryName":"Nepal","stateName":"Far-Western Development Region","name":"Dhangaḍhi̇̄","lat":28.70137,"lon":80.58975,"geocoding":{},"distantMaxMiles":5},"Dipayal":{"countryName":"Nepal","stateName":"Far-Western Development Region","name":"Dipayal","lat":29.26083,"lon":80.94,"geocoding":{},"distantMaxMiles":5},"Mahendranagar":{"countryName":"Nepal","stateName":"Far-Western Development Region","name":"Mahendranagar","lat":28.96399,"lon":80.17715,"geocoding":{},"distantMaxMiles":5},"Ṭikāpur":{"countryName":"Nepal","stateName":"Far-Western Development Region","name":"Ṭikāpur","lat":28.52823,"lon":81.11798,"geocoding":{},"distantMaxMiles":5}}},"Gandaki Zone":{"countryName":"Nepal","name":"Gandaki Zone","isoCode":"GA","lat":28.3732037,"lon":84.4382721,"geocoding":{},"distantMaxMiles":5,"cities":{}},"Janakpur Zone":{"countryName":"Nepal","name":"Janakpur Zone","isoCode":"JA","lat":27.2110899,"lon":86.0121573,"geocoding":{},"distantMaxMiles":5,"cities":{}},"Karnali Zone":{"countryName":"Nepal","name":"Karnali Zone","isoCode":"KA","lat":29.3862555,"lon":82.3885783,"geocoding":{},"distantMaxMiles":5,"cities":{}},"Kosi Zone":{"countryName":"Nepal","name":"Kosi Zone","isoCode":"KO","lat":27.0536524,"lon":87.3016132,"geocoding":{},"distantMaxMiles":5,"cities":{}},"Lumbini Zone":{"countryName":"Nepal","name":"Lumbini Zone","isoCode":"LU","lat":27.45,"lon":83.25,"geocoding":{},"distantMaxMiles":5,"cities":{}},"Mahakali Zone":{"countryName":"Nepal","name":"Mahakali Zone","isoCode":"MA","lat":29.3601079,"lon":80.543845,"geocoding":{},"distantMaxMiles":5,"cities":{}},"Mechi Zone":{"countryName":"Nepal","name":"Mechi Zone","isoCode":"ME","lat":26.8760007,"lon":87.9334803,"geocoding":{},"distantMaxMiles":5,"cities":{}},"Mid-Western Region":{"countryName":"Nepal","name":"Mid-Western Region","isoCode":"2","lat":38.4111841,"lon":-90.3832098,"geocoding":{},"distantMaxMiles":5,"cities":{"Bhojpur":{"countryName":"Nepal","stateName":"Mid-Western Region","name":"Bhojpur","lat":27.93565,"lon":81.77555,"geocoding":{},"distantMaxMiles":5},"Birendranagar":{"countryName":"Nepal","stateName":"Mid-Western Region","name":"Birendranagar","lat":28.60194,"lon":81.63389,"geocoding":{},"distantMaxMiles":5},"Dailekh":{"countryName":"Nepal","stateName":"Mid-Western Region","name":"Dailekh","lat":28.84434,"lon":81.71011,"geocoding":{},"distantMaxMiles":5},"Gulariyā":{"countryName":"Nepal","stateName":"Mid-Western Region","name":"Gulariyā","lat":28.2058,"lon":81.34532,"geocoding":{},"distantMaxMiles":5},"Jumla":{"countryName":"Nepal","stateName":"Mid-Western Region","name":"Jumla","lat":29.27472,"lon":82.18383,"geocoding":{},"distantMaxMiles":5},"Nepalgunj":{"countryName":"Nepal","stateName":"Mid-Western Region","name":"Nepalgunj","lat":28.05,"lon":81.61667,"geocoding":{},"distantMaxMiles":5},"Tulsīpur":{"countryName":"Nepal","stateName":"Mid-Western Region","name":"Tulsīpur","lat":28.13099,"lon":82.29726,"geocoding":{},"distantMaxMiles":5}}},"Narayani Zone":{"countryName":"Nepal","name":"Narayani Zone","isoCode":"NA","lat":27.3611766,"lon":84.8567932,"geocoding":{},"distantMaxMiles":5,"cities":{}},"Rapti Zone":{"countryName":"Nepal","name":"Rapti Zone","isoCode":"RA","lat":28.274347,"lon":82.3885783,"geocoding":{},"distantMaxMiles":5,"cities":{}},"Sagarmatha Zone":{"countryName":"Nepal","name":"Sagarmatha Zone","isoCode":"SA","lat":27.3238263,"lon":86.7416374,"geocoding":{},"distantMaxMiles":5,"cities":{}},"Seti Zone":{"countryName":"Nepal","name":"Seti Zone","isoCode":"SE","lat":29.6905427,"lon":81.3399414,"geocoding":{},"distantMaxMiles":5,"cities":{}},"Western Region":{"countryName":"Nepal","name":"Western Region","isoCode":"3","geocoding":{},"distantMaxMiles":5,"cities":{"Bhattarai Danda":{"countryName":"Nepal","stateName":"Western Region","name":"Bhattarai Danda","lat":27.88333,"lon":83.93333,"geocoding":{},"distantMaxMiles":5},"Butwāl":{"countryName":"Nepal","stateName":"Western Region","name":"Butwāl","lat":27.70055,"lon":83.44836,"geocoding":{},"distantMaxMiles":5},"Bāglung":{"countryName":"Nepal","stateName":"Western Region","name":"Bāglung","lat":28.27189,"lon":83.58975,"geocoding":{},"distantMaxMiles":5},"Chitre":{"countryName":"Nepal","stateName":"Western Region","name":"Chitre","lat":28.42673,"lon":83.69076,"geocoding":{},"distantMaxMiles":5},"Dihi":{"countryName":"Nepal","stateName":"Western Region","name":"Dihi","lat":27.87552,"lon":83.92759,"geocoding":{},"distantMaxMiles":5},"Dārchulā":{"countryName":"Nepal","stateName":"Western Region","name":"Dārchulā","lat":29.83,"lon":80.55,"geocoding":{},"distantMaxMiles":5},"Pokhara":{"countryName":"Nepal","stateName":"Western Region","name":"Pokhara","lat":28.26689,"lon":83.96851,"geocoding":{},"distantMaxMiles":5},"Siddharthanagar":{"countryName":"Nepal","stateName":"Western Region","name":"Siddharthanagar","lat":27.5,"lon":83.45,"geocoding":{},"distantMaxMiles":5},"Tānsen":{"countryName":"Nepal","stateName":"Western Region","name":"Tānsen","lat":27.86731,"lon":83.5467,"geocoding":{},"distantMaxMiles":5},"Wāliṅ":{"countryName":"Nepal","stateName":"Western Region","name":"Wāliṅ","lat":27.9837,"lon":83.75925,"geocoding":{},"distantMaxMiles":5}}}}}