{"name":"Guinea-Bissau","isoCode":"GW","lat":12,"lon":-15,"geocoding":{},"distantMaxMiles":5,"states":{"Bafatá":{"countryName":"Guinea-Bissau","name":"Bafatá","isoCode":"BA","lat":12.1735243,"lon":-14.652952,"geocoding":{},"distantMaxMiles":5,"cities":{"Bafatá":{"countryName":"Guinea-Bissau","stateName":"Bafatá","name":"Bafatá","lat":12.16583,"lon":-14.66167,"geocoding":{},"distantMaxMiles":5},"Contuboel Sector":{"countryName":"Guinea-Bissau","stateName":"Bafatá","name":"Contuboel Sector","lat":12.555,"lon":-14.641,"geocoding":{},"distantMaxMiles":5}}},"Biombo Region":{"countryName":"Guinea-Bissau","name":"Biombo Region","isoCode":"BM","lat":11.8529061,"lon":-15.7351171,"geocoding":{},"distantMaxMiles":5,"cities":{"Quinhámel":{"countryName":"Guinea-Bissau","stateName":"Biombo Region","name":"Quinhámel","lat":11.88694,"lon":-15.85556,"geocoding":{},"distantMaxMiles":5}}},"Bolama Region":{"countryName":"Guinea-Bissau","name":"Bolama Region","isoCode":"BL","lat":11.1480591,"lon":-16.1345705,"geocoding":{},"distantMaxMiles":5,"cities":{"Bolama":{"countryName":"Guinea-Bissau","stateName":"Bolama Region","name":"Bolama","lat":11.57694,"lon":-15.47611,"geocoding":{},"distantMaxMiles":5},"Bubaque":{"countryName":"Guinea-Bissau","stateName":"Bolama Region","name":"Bubaque","lat":11.28333,"lon":-15.83333,"geocoding":{},"distantMaxMiles":5}}},"Cacheu Region":{"countryName":"Guinea-Bissau","name":"Cacheu Region","isoCode":"CA","lat":12.0551416,"lon":-16.0640179,"geocoding":{},"distantMaxMiles":5,"cities":{"Cacheu":{"countryName":"Guinea-Bissau","stateName":"Cacheu Region","name":"Cacheu","lat":12.27444,"lon":-16.16528,"geocoding":{},"distantMaxMiles":5},"Canchungo":{"countryName":"Guinea-Bissau","stateName":"Cacheu Region","name":"Canchungo","lat":12.06722,"lon":-16.03333,"geocoding":{},"distantMaxMiles":5}}},"Gabú Region":{"countryName":"Guinea-Bissau","name":"Gabú Region","isoCode":"GA","lat":11.8962488,"lon":-14.1001326,"geocoding":{},"distantMaxMiles":5,"cities":{"Gabú":{"countryName":"Guinea-Bissau","stateName":"Gabú Region","name":"Gabú","lat":12.28,"lon":-14.22222,"geocoding":{},"distantMaxMiles":5}}},"Leste Province":{"countryName":"Guinea-Bissau","name":"Leste Province","isoCode":"L","geocoding":{},"distantMaxMiles":5,"cities":{}},"Norte Province":{"countryName":"Guinea-Bissau","name":"Norte Province","isoCode":"N","lat":7.8721811,"lon":123.8857747,"geocoding":{},"distantMaxMiles":5,"cities":{}},"Oio Region":{"countryName":"Guinea-Bissau","name":"Oio Region","isoCode":"OI","lat":12.2760709,"lon":-15.3131185,"geocoding":{},"distantMaxMiles":5,"cities":{"Bissorã":{"countryName":"Guinea-Bissau","stateName":"Oio Region","name":"Bissorã","lat":12.22306,"lon":-15.4475,"geocoding":{},"distantMaxMiles":5},"Farim":{"countryName":"Guinea-Bissau","stateName":"Oio Region","name":"Farim","lat":12.48389,"lon":-15.22167,"geocoding":{},"distantMaxMiles":5},"Mansôa":{"countryName":"Guinea-Bissau","stateName":"Oio Region","name":"Mansôa","lat":12.07333,"lon":-15.31889,"geocoding":{},"distantMaxMiles":5}}},"Quinara Region":{"countryName":"Guinea-Bissau","name":"Quinara Region","isoCode":"QU","lat":11.795562,"lon":-15.1726816,"geocoding":{},"distantMaxMiles":5,"cities":{"Buba":{"countryName":"Guinea-Bissau","stateName":"Quinara Region","name":"Buba","lat":11.58889,"lon":-14.99583,"geocoding":{},"distantMaxMiles":5}}},"Sul Province":{"countryName":"Guinea-Bissau","name":"Sul Province","isoCode":"S","lat":-10.2866578,"lon":20.7122465,"geocoding":{},"distantMaxMiles":5,"cities":{}},"Tombali Region":{"countryName":"Guinea-Bissau","name":"Tombali Region","isoCode":"TO","lat":11.3632696,"lon":-14.9856176,"geocoding":{},"distantMaxMiles":5,"cities":{"Catió":{"countryName":"Guinea-Bissau","stateName":"Tombali Region","name":"Catió","lat":11.2825,"lon":-15.25472,"geocoding":{},"distantMaxMiles":5},"Quebo":{"countryName":"Guinea-Bissau","stateName":"Tombali Region","name":"Quebo","lat":11.33333,"lon":-14.93333,"geocoding":{},"distantMaxMiles":5}}}}}