{"name":"Samoa","isoCode":"WS","lat":-13.58333333,"lon":-172.33333333,"geocoding":{},"distantMaxMiles":5,"states":{"A'ana":{"countryName":"Samoa","name":"A'ana","isoCode":"AA","lat":-13.898418,"lon":-171.9752995,"geocoding":{},"distantMaxMiles":5,"cities":{"Fasito‘outa":{"countryName":"Samoa","stateName":"A'ana","name":"Fasito‘outa","lat":-13.81163,"lon":-171.94063,"geocoding":{},"distantMaxMiles":5},"Leulumoega":{"countryName":"Samoa","stateName":"A'ana","name":"Leulumoega","lat":-13.82297,"lon":-171.96127,"geocoding":{},"distantMaxMiles":5},"Nofoali‘i":{"countryName":"Samoa","stateName":"A'ana","name":"Nofoali‘i","lat":-13.8217,"lon":-171.95873,"geocoding":{},"distantMaxMiles":5},"Satapuala":{"countryName":"Samoa","stateName":"A'ana","name":"Satapuala","lat":-13.83535,"lon":-171.97963,"geocoding":{},"distantMaxMiles":5}}},"Aiga-i-le-Tai":{"countryName":"Samoa","name":"Aiga-i-le-Tai","isoCode":"AL","lat":-13.8513791,"lon":-172.0325401,"geocoding":{},"distantMaxMiles":5,"cities":{"Mulifanua":{"countryName":"Samoa","stateName":"Aiga-i-le-Tai","name":"Mulifanua","lat":-13.83183,"lon":-172.03602,"geocoding":{},"distantMaxMiles":5}}},"Atua":{"countryName":"Samoa","name":"Atua","isoCode":"AT","lat":-13.9787053,"lon":-171.6254283,"geocoding":{},"distantMaxMiles":5,"cities":{"Falefa":{"countryName":"Samoa","stateName":"Atua","name":"Falefa","lat":-13.88695,"lon":-171.58805,"geocoding":{},"distantMaxMiles":5},"Lotofagā":{"countryName":"Samoa","stateName":"Atua","name":"Lotofagā","lat":-13.97643,"lon":-171.85781,"geocoding":{},"distantMaxMiles":5},"Lufilufi":{"countryName":"Samoa","stateName":"Atua","name":"Lufilufi","lat":-13.87449,"lon":-171.59857,"geocoding":{},"distantMaxMiles":5},"Solosolo":{"countryName":"Samoa","stateName":"Atua","name":"Solosolo","lat":-13.87504,"lon":-171.64181,"geocoding":{},"distantMaxMiles":5}}},"Fa'asaleleaga":{"countryName":"Samoa","name":"Fa'asaleleaga","isoCode":"FA","lat":-13.6307638,"lon":-172.2365981,"geocoding":{},"distantMaxMiles":5,"cities":{}},"Gaga'emauga":{"countryName":"Samoa","name":"Gaga'emauga","isoCode":"GE","lat":-13.5428666,"lon":-172.366887,"geocoding":{},"distantMaxMiles":5,"cities":{}},"Gaga'ifomauga":{"countryName":"Samoa","name":"Gaga'ifomauga","isoCode":"GI","lat":-13.5468007,"lon":-172.4969331,"geocoding":{},"distantMaxMiles":5,"cities":{"Matavai":{"countryName":"Samoa","stateName":"Gaga'ifomauga","name":"Matavai","lat":-14.03208,"lon":-171.64768,"geocoding":{},"distantMaxMiles":5},"Safotu":{"countryName":"Samoa","stateName":"Gaga'ifomauga","name":"Safotu","lat":-13.45132,"lon":-172.40177,"geocoding":{},"distantMaxMiles":5}}},"Palauli":{"countryName":"Samoa","name":"Palauli","isoCode":"PA","lat":-13.7294579,"lon":-172.4536115,"geocoding":{},"distantMaxMiles":5,"cities":{"Gataivai":{"countryName":"Samoa","stateName":"Palauli","name":"Gataivai","lat":-13.7736,"lon":-172.38802,"geocoding":{},"distantMaxMiles":5},"Vailoa":{"countryName":"Samoa","stateName":"Palauli","name":"Vailoa","lat":-13.75551,"lon":-172.30698,"geocoding":{},"distantMaxMiles":5}}},"Satupa'itea":{"countryName":"Samoa","name":"Satupa'itea","isoCode":"SA","lat":-13.6538214,"lon":-172.6159271,"geocoding":{},"distantMaxMiles":5,"cities":{}},"Tuamasaga":{"countryName":"Samoa","name":"Tuamasaga","isoCode":"TU","lat":-13.9163592,"lon":-171.8224362,"geocoding":{},"distantMaxMiles":5,"cities":{"Afega":{"countryName":"Samoa","stateName":"Tuamasaga","name":"Afega","lat":-13.79726,"lon":-171.85308,"geocoding":{},"distantMaxMiles":5},"Apia":{"countryName":"Samoa","stateName":"Tuamasaga","name":"Apia","lat":-13.83333,"lon":-171.76666,"geocoding":{},"distantMaxMiles":5},"Malie":{"countryName":"Samoa","stateName":"Tuamasaga","name":"Malie","lat":-13.80044,"lon":-171.8469,"geocoding":{},"distantMaxMiles":5},"Vailima":{"countryName":"Samoa","stateName":"Tuamasaga","name":"Vailima","lat":-13.86417,"lon":-171.76126,"geocoding":{},"distantMaxMiles":5},"Vaiusu":{"countryName":"Samoa","stateName":"Tuamasaga","name":"Vaiusu","lat":-13.82678,"lon":-171.79333,"geocoding":{},"distantMaxMiles":5}}},"Va'a-o-Fonoti":{"countryName":"Samoa","name":"Va'a-o-Fonoti","isoCode":"VF","lat":-13.9470903,"lon":-171.5431872,"geocoding":{},"distantMaxMiles":5,"cities":{"Samamea":{"countryName":"Samoa","stateName":"Va'a-o-Fonoti","name":"Samamea","lat":-13.93375,"lon":-171.53122,"geocoding":{},"distantMaxMiles":5}}},"Vaisigano":{"countryName":"Samoa","name":"Vaisigano","isoCode":"VS","lat":-13.5413827,"lon":-172.7023383,"geocoding":{},"distantMaxMiles":5,"cities":{"Asau":{"countryName":"Samoa","stateName":"Vaisigano","name":"Asau","lat":-13.51963,"lon":-172.63784,"geocoding":{},"distantMaxMiles":5}}}}}