{"name":"Cape Verde","isoCode":"CV","lat":16,"lon":-24,"geocoding":{},"distantMaxMiles":5,"states":{"Barlavento Islands":{"countryName":"Cape Verde","name":"Barlavento Islands","isoCode":"B","lat":16.8236845,"lon":-23.9934881,"geocoding":{},"distantMaxMiles":5,"cities":{}},"Boa Vista":{"countryName":"Cape Verde","name":"Boa Vista","isoCode":"BV","lat":38.743466,"lon":-120.7304297,"geocoding":{},"distantMaxMiles":5,"cities":{"Sal Rei":{"countryName":"Cape Verde","stateName":"Boa Vista","name":"Sal Rei","lat":16.17611,"lon":-22.91722,"geocoding":{},"distantMaxMiles":5}}},"Brava":{"countryName":"Cape Verde","name":"Brava","isoCode":"BR","lat":40.9897778,"lon":-73.6835715,"geocoding":{},"distantMaxMiles":5,"cities":{"Nova Sintra":{"countryName":"Cape Verde","stateName":"Brava","name":"Nova Sintra","lat":14.87139,"lon":-24.69556,"geocoding":{},"distantMaxMiles":5}}},"Maio Municipality":{"countryName":"Cape Verde","name":"Maio Municipality","isoCode":"MA","lat":15.2003098,"lon":-23.1679793,"geocoding":{},"distantMaxMiles":5,"cities":{"Vila do Maio":{"countryName":"Cape Verde","stateName":"Maio Municipality","name":"Vila do Maio","lat":15.13823,"lon":-23.21158,"geocoding":{},"distantMaxMiles":5}}},"Mosteiros":{"countryName":"Cape Verde","name":"Mosteiros","isoCode":"MO","lat":37.8904348,"lon":-25.8207556,"geocoding":{},"distantMaxMiles":5,"cities":{"Igreja":{"countryName":"Cape Verde","stateName":"Mosteiros","name":"Igreja","lat":15.03389,"lon":-24.325,"geocoding":{},"distantMaxMiles":5}}},"Paul":{"countryName":"Cape Verde","name":"Paul","isoCode":"PA","lat":37.0625,"lon":-95.677068,"geocoding":{},"distantMaxMiles":5,"cities":{"Pombas":{"countryName":"Cape Verde","stateName":"Paul","name":"Pombas","lat":17.15026,"lon":-25.02007,"geocoding":{},"distantMaxMiles":5}}},"Porto Novo":{"countryName":"Cape Verde","name":"Porto Novo","isoCode":"PN","lat":6.4968574,"lon":2.6288523,"geocoding":{},"distantMaxMiles":5,"cities":{"Porto Novo":{"countryName":"Cape Verde","stateName":"Porto Novo","name":"Porto Novo","lat":17.01969,"lon":-25.06471,"geocoding":{},"distantMaxMiles":5}}},"Praia":{"countryName":"Cape Verde","name":"Praia","isoCode":"PR","lat":14.93305,"lon":-23.5133267,"geocoding":{},"distantMaxMiles":5,"cities":{"Praia":{"countryName":"Cape Verde","stateName":"Praia","name":"Praia","lat":14.93152,"lon":-23.51254,"geocoding":{},"distantMaxMiles":5}}},"Ribeira Brava Municipality":{"countryName":"Cape Verde","name":"Ribeira Brava Municipality","isoCode":"RB","lat":16.6070739,"lon":-24.2033843,"geocoding":{},"distantMaxMiles":5,"cities":{"Ribeira Brava":{"countryName":"Cape Verde","stateName":"Ribeira Brava Municipality","name":"Ribeira Brava","lat":16.61583,"lon":-24.29833,"geocoding":{},"distantMaxMiles":5}}},"Ribeira Grande":{"countryName":"Cape Verde","name":"Ribeira Grande","isoCode":"RG","lat":37.8210369,"lon":-25.5148137,"geocoding":{},"distantMaxMiles":5,"cities":{"Ponta do Sol":{"countryName":"Cape Verde","stateName":"Ribeira Grande","name":"Ponta do Sol","lat":17.20171,"lon":-25.09217,"geocoding":{},"distantMaxMiles":5},"Ribeira Grande":{"countryName":"Cape Verde","stateName":"Ribeira Grande","name":"Ribeira Grande","lat":17.1825,"lon":-25.065,"geocoding":{},"distantMaxMiles":5}}},"Ribeira Grande de Santiago":{"countryName":"Cape Verde","name":"Ribeira Grande de Santiago","isoCode":"RS","lat":14.9830298,"lon":-23.6561725,"geocoding":{},"distantMaxMiles":5,"cities":{"Cidade Velha":{"countryName":"Cape Verde","stateName":"Ribeira Grande de Santiago","name":"Cidade Velha","lat":14.91531,"lon":-23.60527,"geocoding":{},"distantMaxMiles":5}}},"Sal":{"countryName":"Cape Verde","name":"Sal","isoCode":"SL","lat":26.5958122,"lon":-80.2045083,"geocoding":{},"distantMaxMiles":5,"cities":{"Espargos":{"countryName":"Cape Verde","stateName":"Sal","name":"Espargos","lat":16.75524,"lon":-22.9446,"geocoding":{},"distantMaxMiles":5},"Santa Maria":{"countryName":"Cape Verde","stateName":"Sal","name":"Santa Maria","lat":16.59796,"lon":-22.90509,"geocoding":{},"distantMaxMiles":5}}},"Santa Catarina":{"countryName":"Cape Verde","name":"Santa Catarina","isoCode":"CA","lat":-27.2423392,"lon":-50.2188556,"geocoding":{},"distantMaxMiles":5,"cities":{"Assomada":{"countryName":"Cape Verde","stateName":"Santa Catarina","name":"Assomada","lat":15.1,"lon":-23.68333,"geocoding":{},"distantMaxMiles":5}}},"Santa Catarina do Fogo":{"countryName":"Cape Verde","name":"Santa Catarina do Fogo","isoCode":"CF","lat":14.9309104,"lon":-24.3222577,"geocoding":{},"distantMaxMiles":5,"cities":{"Cova Figueira":{"countryName":"Cape Verde","stateName":"Santa Catarina do Fogo","name":"Cova Figueira","lat":14.89054,"lon":-24.29343,"geocoding":{},"distantMaxMiles":5}}},"Santa Cruz":{"countryName":"Cape Verde","name":"Santa Cruz","isoCode":"CR","lat":36.9741171,"lon":-122.0307963,"geocoding":{},"distantMaxMiles":5,"cities":{"Pedra Badejo":{"countryName":"Cape Verde","stateName":"Santa Cruz","name":"Pedra Badejo","lat":15.1375,"lon":-23.53083,"geocoding":{},"distantMaxMiles":5},"Santa Cruz":{"countryName":"Cape Verde","stateName":"Santa Cruz","name":"Santa Cruz","lat":15.13333,"lon":-23.56667,"geocoding":{},"distantMaxMiles":5}}},"Sotavento Islands":{"countryName":"Cape Verde","name":"Sotavento Islands","isoCode":"S","lat":15,"lon":-24,"geocoding":{},"distantMaxMiles":5,"cities":{}},"São Domingos":{"countryName":"Cape Verde","name":"São Domingos","isoCode":"SD","lat":15.0286165,"lon":-23.563922,"geocoding":{},"distantMaxMiles":5,"cities":{"São Domingos":{"countryName":"Cape Verde","stateName":"São Domingos","name":"São Domingos","lat":15.02438,"lon":-23.5625,"geocoding":{},"distantMaxMiles":5}}},"São Filipe":{"countryName":"Cape Verde","name":"São Filipe","isoCode":"SF","lat":14.8951679,"lon":-24.4945636,"geocoding":{},"distantMaxMiles":5,"cities":{"São Filipe":{"countryName":"Cape Verde","stateName":"São Filipe","name":"São Filipe","lat":14.8961,"lon":-24.49556,"geocoding":{},"distantMaxMiles":5}}},"São Lourenço dos Órgãos":{"countryName":"Cape Verde","name":"São Lourenço dos Órgãos","isoCode":"SO","lat":15.0537841,"lon":-23.6085612,"geocoding":{},"distantMaxMiles":5,"cities":{"João Teves":{"countryName":"Cape Verde","stateName":"São Lourenço dos Órgãos","name":"João Teves","lat":15.06694,"lon":-23.58917,"geocoding":{},"distantMaxMiles":5}}},"São Miguel":{"countryName":"Cape Verde","name":"São Miguel","isoCode":"SM","lat":37.780411,"lon":-25.4970466,"geocoding":{},"distantMaxMiles":5,"cities":{"Calheta":{"countryName":"Cape Verde","stateName":"São Miguel","name":"Calheta","lat":15.18613,"lon":-23.59228,"geocoding":{},"distantMaxMiles":5}}},"São Vicente":{"countryName":"Cape Verde","name":"São Vicente","isoCode":"SV","lat":-23.9607157,"lon":-46.3962022,"geocoding":{},"distantMaxMiles":5,"cities":{"Mindelo":{"countryName":"Cape Verde","stateName":"São Vicente","name":"Mindelo","lat":16.89014,"lon":-24.98042,"geocoding":{},"distantMaxMiles":5}}},"Tarrafal":{"countryName":"Cape Verde","name":"Tarrafal","isoCode":"TA","lat":15.2760578,"lon":-23.7484077,"geocoding":{},"distantMaxMiles":5,"cities":{"Tarrafal":{"countryName":"Cape Verde","stateName":"Tarrafal","name":"Tarrafal","lat":15.27881,"lon":-23.75192,"geocoding":{},"distantMaxMiles":5}}},"Tarrafal de São Nicolau":{"countryName":"Cape Verde","name":"Tarrafal de São Nicolau","isoCode":"TS","lat":16.5636498,"lon":-24.354942,"geocoding":{},"distantMaxMiles":5,"cities":{"Tarrafal de São Nicolau":{"countryName":"Cape Verde","stateName":"Tarrafal de São Nicolau","name":"Tarrafal de São Nicolau","lat":16.56622,"lon":-24.35793,"geocoding":{},"distantMaxMiles":5}}}}}