{"name":"South Africa","isoCode":"ZA","lat":-29,"lon":24,"geocoding":{},"distantMaxMiles":5,"states":{"Eastern Cape":{"countryName":"South Africa","name":"Eastern Cape","isoCode":"EC","lat":-32.2968402,"lon":26.419389,"geocoding":{},"distantMaxMiles":5,"cities":{"Adelaide":{"countryName":"South Africa","stateName":"Eastern Cape","name":"Adelaide","lat":-32.70747,"lon":26.29564,"geocoding":{},"distantMaxMiles":5},"Alfred Nzo District Municipality":{"countryName":"South Africa","stateName":"Eastern Cape","name":"Alfred Nzo District Municipality","lat":-30.66803,"lon":29.1549,"geocoding":{},"distantMaxMiles":5},"Alice":{"countryName":"South Africa","stateName":"Eastern Cape","name":"Alice","lat":-32.78749,"lon":26.8344,"geocoding":{},"distantMaxMiles":5},"Aliwal North":{"countryName":"South Africa","stateName":"Eastern Cape","name":"Aliwal North","lat":-30.69366,"lon":26.71141,"geocoding":{},"distantMaxMiles":5},"Amathole District Municipality":{"countryName":"South Africa","stateName":"Eastern Cape","name":"Amathole District Municipality","lat":-32.55895,"lon":27.45919,"geocoding":{},"distantMaxMiles":5},"Bhisho":{"countryName":"South Africa","stateName":"Eastern Cape","name":"Bhisho","lat":-32.84721,"lon":27.44218,"geocoding":{},"distantMaxMiles":5},"Buffalo City Metropolitan Municipality":{"countryName":"South Africa","stateName":"Eastern Cape","name":"Buffalo City Metropolitan Municipality","lat":-32.95141,"lon":27.61164,"geocoding":{},"distantMaxMiles":5},"Burgersdorp":{"countryName":"South Africa","stateName":"Eastern Cape","name":"Burgersdorp","lat":-30.99766,"lon":26.32862,"geocoding":{},"distantMaxMiles":5},"Butterworth":{"countryName":"South Africa","stateName":"Eastern Cape","name":"Butterworth","lat":-32.33083,"lon":28.14981,"geocoding":{},"distantMaxMiles":5},"Cacadu District Municipality":{"countryName":"South Africa","stateName":"Eastern Cape","name":"Cacadu District Municipality","lat":-33.06583,"lon":24.77583,"geocoding":{},"distantMaxMiles":5},"Chris Hani District Municipality":{"countryName":"South Africa","stateName":"Eastern Cape","name":"Chris Hani District Municipality","lat":-31.79033,"lon":26.43965,"geocoding":{},"distantMaxMiles":5},"Cradock":{"countryName":"South Africa","stateName":"Eastern Cape","name":"Cradock","lat":-32.16422,"lon":25.61918,"geocoding":{},"distantMaxMiles":5},"Dordrecht":{"countryName":"South Africa","stateName":"Eastern Cape","name":"Dordrecht","lat":-31.372,"lon":27.04878,"geocoding":{},"distantMaxMiles":5},"East London":{"countryName":"South Africa","stateName":"Eastern Cape","name":"East London","lat":-33.01529,"lon":27.91162,"geocoding":{},"distantMaxMiles":5},"Elliot":{"countryName":"South Africa","stateName":"Eastern Cape","name":"Elliot","lat":-31.33333,"lon":27.85,"geocoding":{},"distantMaxMiles":5},"Fort Beaufort":{"countryName":"South Africa","stateName":"Eastern Cape","name":"Fort Beaufort","lat":-32.77477,"lon":26.63376,"geocoding":{},"distantMaxMiles":5},"Graaff-Reinet":{"countryName":"South Africa","stateName":"Eastern Cape","name":"Graaff-Reinet","lat":-32.25215,"lon":24.53075,"geocoding":{},"distantMaxMiles":5},"Grahamstown":{"countryName":"South Africa","stateName":"Eastern Cape","name":"Grahamstown","lat":-33.30422,"lon":26.53276,"geocoding":{},"distantMaxMiles":5},"Ilinge":{"countryName":"South Africa","stateName":"Eastern Cape","name":"Ilinge","lat":-31.97676,"lon":27.04267,"geocoding":{},"distantMaxMiles":5},"Joe Gqabi District Municipality":{"countryName":"South Africa","stateName":"Eastern Cape","name":"Joe Gqabi District Municipality","lat":-30.94178,"lon":27.06053,"geocoding":{},"distantMaxMiles":5},"Kirkwood":{"countryName":"South Africa","stateName":"Eastern Cape","name":"Kirkwood","lat":-33.39829,"lon":25.44279,"geocoding":{},"distantMaxMiles":5},"Kruisfontein":{"countryName":"South Africa","stateName":"Eastern Cape","name":"Kruisfontein","lat":-34.00333,"lon":24.73142,"geocoding":{},"distantMaxMiles":5},"Lady Frere":{"countryName":"South Africa","stateName":"Eastern Cape","name":"Lady Frere","lat":-31.70312,"lon":27.2329,"geocoding":{},"distantMaxMiles":5},"Middelburg":{"countryName":"South Africa","stateName":"Eastern Cape","name":"Middelburg","lat":-31.49285,"lon":25.00633,"geocoding":{},"distantMaxMiles":5},"Molteno":{"countryName":"South Africa","stateName":"Eastern Cape","name":"Molteno","lat":-31.39675,"lon":26.36246,"geocoding":{},"distantMaxMiles":5},"Mthatha":{"countryName":"South Africa","stateName":"Eastern Cape","name":"Mthatha","lat":-31.58893,"lon":28.78443,"geocoding":{},"distantMaxMiles":5},"Nelson Mandela Bay Metropolitan Municipality":{"countryName":"South Africa","stateName":"Eastern Cape","name":"Nelson Mandela Bay Metropolitan Municipality","lat":-33.80399,"lon":25.49213,"geocoding":{},"distantMaxMiles":5},"OR Tambo District Municipality":{"countryName":"South Africa","stateName":"Eastern Cape","name":"OR Tambo District Municipality","lat":-31.4674,"lon":29.05247,"geocoding":{},"distantMaxMiles":5},"Port Alfred":{"countryName":"South Africa","stateName":"Eastern Cape","name":"Port Alfred","lat":-33.58601,"lon":26.88329,"geocoding":{},"distantMaxMiles":5},"Port Elizabeth":{"countryName":"South Africa","stateName":"Eastern Cape","name":"Port Elizabeth","lat":-33.96109,"lon":25.61494,"geocoding":{},"distantMaxMiles":5},"Port Saint John’s":{"countryName":"South Africa","stateName":"Eastern Cape","name":"Port Saint John’s","lat":-31.62291,"lon":29.54477,"geocoding":{},"distantMaxMiles":5},"Queensdale":{"countryName":"South Africa","stateName":"Eastern Cape","name":"Queensdale","lat":-31.87101,"lon":26.97862,"geocoding":{},"distantMaxMiles":5},"Queenstown":{"countryName":"South Africa","stateName":"Eastern Cape","name":"Queenstown","lat":-31.89756,"lon":26.87533,"geocoding":{},"distantMaxMiles":5},"Somerset East":{"countryName":"South Africa","stateName":"Eastern Cape","name":"Somerset East","lat":-32.72173,"lon":25.58804,"geocoding":{},"distantMaxMiles":5},"Stutterheim":{"countryName":"South Africa","stateName":"Eastern Cape","name":"Stutterheim","lat":-32.57076,"lon":27.42396,"geocoding":{},"distantMaxMiles":5},"Uitenhage":{"countryName":"South Africa","stateName":"Eastern Cape","name":"Uitenhage","lat":-33.75757,"lon":25.3971,"geocoding":{},"distantMaxMiles":5},"Whittlesea":{"countryName":"South Africa","stateName":"Eastern Cape","name":"Whittlesea","lat":-32.17588,"lon":26.82437,"geocoding":{},"distantMaxMiles":5},"Willowmore":{"countryName":"South Africa","stateName":"Eastern Cape","name":"Willowmore","lat":-33.29265,"lon":23.48954,"geocoding":{},"distantMaxMiles":5}}},"Free State":{"countryName":"South Africa","name":"Free State","isoCode":"FS","lat":37.6858525,"lon":-97.2811256,"geocoding":{},"distantMaxMiles":5,"cities":{"Allanridge":{"countryName":"South Africa","stateName":"Free State","name":"Allanridge","lat":-27.75431,"lon":26.64382,"geocoding":{},"distantMaxMiles":5},"Bethlehem":{"countryName":"South Africa","stateName":"Free State","name":"Bethlehem","lat":-28.23078,"lon":28.30707,"geocoding":{},"distantMaxMiles":5},"Bloemfontein":{"countryName":"South Africa","stateName":"Free State","name":"Bloemfontein","lat":-29.12107,"lon":26.214,"geocoding":{},"distantMaxMiles":5},"Bothaville":{"countryName":"South Africa","stateName":"Free State","name":"Bothaville","lat":-27.3887,"lon":26.61701,"geocoding":{},"distantMaxMiles":5},"Botshabelo":{"countryName":"South Africa","stateName":"Free State","name":"Botshabelo","lat":-29.26737,"lon":26.72595,"geocoding":{},"distantMaxMiles":5},"Brandfort":{"countryName":"South Africa","stateName":"Free State","name":"Brandfort","lat":-28.70008,"lon":26.45968,"geocoding":{},"distantMaxMiles":5},"Clocolan":{"countryName":"South Africa","stateName":"Free State","name":"Clocolan","lat":-28.91367,"lon":27.56555,"geocoding":{},"distantMaxMiles":5},"Deneysville":{"countryName":"South Africa","stateName":"Free State","name":"Deneysville","lat":-26.8908,"lon":28.09707,"geocoding":{},"distantMaxMiles":5},"Fezile Dabi District Municipality":{"countryName":"South Africa","stateName":"Free State","name":"Fezile Dabi District Municipality","lat":-27.33918,"lon":27.71927,"geocoding":{},"distantMaxMiles":5},"Frankfort":{"countryName":"South Africa","stateName":"Free State","name":"Frankfort","lat":-27.27888,"lon":28.49696,"geocoding":{},"distantMaxMiles":5},"Harrismith":{"countryName":"South Africa","stateName":"Free State","name":"Harrismith","lat":-28.27276,"lon":29.12946,"geocoding":{},"distantMaxMiles":5},"Heilbron":{"countryName":"South Africa","stateName":"Free State","name":"Heilbron","lat":-27.28115,"lon":27.9709,"geocoding":{},"distantMaxMiles":5},"Hennenman":{"countryName":"South Africa","stateName":"Free State","name":"Hennenman","lat":-27.97654,"lon":27.02423,"geocoding":{},"distantMaxMiles":5},"Hoopstad":{"countryName":"South Africa","stateName":"Free State","name":"Hoopstad","lat":-27.83273,"lon":25.90833,"geocoding":{},"distantMaxMiles":5},"Koppies":{"countryName":"South Africa","stateName":"Free State","name":"Koppies","lat":-27.24179,"lon":27.57422,"geocoding":{},"distantMaxMiles":5},"Kroonstad":{"countryName":"South Africa","stateName":"Free State","name":"Kroonstad","lat":-27.65036,"lon":27.23488,"geocoding":{},"distantMaxMiles":5},"Kutloanong":{"countryName":"South Africa","stateName":"Free State","name":"Kutloanong","lat":-27.83333,"lon":26.75,"geocoding":{},"distantMaxMiles":5},"Ladybrand":{"countryName":"South Africa","stateName":"Free State","name":"Ladybrand","lat":-29.19448,"lon":27.45739,"geocoding":{},"distantMaxMiles":5},"Lejweleputswa District Municipality":{"countryName":"South Africa","stateName":"Free State","name":"Lejweleputswa District Municipality","lat":-28.23982,"lon":26.12649,"geocoding":{},"distantMaxMiles":5},"Lindley":{"countryName":"South Africa","stateName":"Free State","name":"Lindley","lat":-27.8791,"lon":27.91348,"geocoding":{},"distantMaxMiles":5},"Mangaung Metropolitan Municipality":{"countryName":"South Africa","stateName":"Free State","name":"Mangaung Metropolitan Municipality","lat":-29.15627,"lon":26.35116,"geocoding":{},"distantMaxMiles":5},"Marquard":{"countryName":"South Africa","stateName":"Free State","name":"Marquard","lat":-28.66449,"lon":27.43048,"geocoding":{},"distantMaxMiles":5},"Parys":{"countryName":"South Africa","stateName":"Free State","name":"Parys","lat":-26.9033,"lon":27.45727,"geocoding":{},"distantMaxMiles":5},"Phuthaditjhaba":{"countryName":"South Africa","stateName":"Free State","name":"Phuthaditjhaba","lat":-28.52423,"lon":28.81582,"geocoding":{},"distantMaxMiles":5},"Reitz":{"countryName":"South Africa","stateName":"Free State","name":"Reitz","lat":-27.80138,"lon":28.42726,"geocoding":{},"distantMaxMiles":5},"Sasolburg":{"countryName":"South Africa","stateName":"Free State","name":"Sasolburg","lat":-26.81358,"lon":27.81695,"geocoding":{},"distantMaxMiles":5},"Senekal":{"countryName":"South Africa","stateName":"Free State","name":"Senekal","lat":-28.31971,"lon":27.62082,"geocoding":{},"distantMaxMiles":5},"Thaba Nchu":{"countryName":"South Africa","stateName":"Free State","name":"Thaba Nchu","lat":-29.20932,"lon":26.83898,"geocoding":{},"distantMaxMiles":5},"Thabo Mofutsanyana District Municipality":{"countryName":"South Africa","stateName":"Free State","name":"Thabo Mofutsanyana District Municipality","lat":-28.24378,"lon":28.34077,"geocoding":{},"distantMaxMiles":5},"Theunissen":{"countryName":"South Africa","stateName":"Free State","name":"Theunissen","lat":-28.41098,"lon":26.70107,"geocoding":{},"distantMaxMiles":5},"Ventersburg":{"countryName":"South Africa","stateName":"Free State","name":"Ventersburg","lat":-28.08561,"lon":27.13814,"geocoding":{},"distantMaxMiles":5},"Viljoenskroon":{"countryName":"South Africa","stateName":"Free State","name":"Viljoenskroon","lat":-27.20841,"lon":26.94855,"geocoding":{},"distantMaxMiles":5},"Villiers":{"countryName":"South Africa","stateName":"Free State","name":"Villiers","lat":-27.03026,"lon":28.60061,"geocoding":{},"distantMaxMiles":5},"Virginia":{"countryName":"South Africa","stateName":"Free State","name":"Virginia","lat":-28.10391,"lon":26.86593,"geocoding":{},"distantMaxMiles":5},"Vrede":{"countryName":"South Africa","stateName":"Free State","name":"Vrede","lat":-27.42573,"lon":29.16585,"geocoding":{},"distantMaxMiles":5},"Vredefort":{"countryName":"South Africa","stateName":"Free State","name":"Vredefort","lat":-27.00805,"lon":27.3646,"geocoding":{},"distantMaxMiles":5},"Welkom":{"countryName":"South Africa","stateName":"Free State","name":"Welkom","lat":-27.97742,"lon":26.73506,"geocoding":{},"distantMaxMiles":5},"Wesselsbron":{"countryName":"South Africa","stateName":"Free State","name":"Wesselsbron","lat":-27.8549,"lon":26.36583,"geocoding":{},"distantMaxMiles":5},"Winburg":{"countryName":"South Africa","stateName":"Free State","name":"Winburg","lat":-28.51805,"lon":27.00933,"geocoding":{},"distantMaxMiles":5},"Xhariep District Municipality":{"countryName":"South Africa","stateName":"Free State","name":"Xhariep District Municipality","lat":-29.84311,"lon":25.83286,"geocoding":{},"distantMaxMiles":5},"Zastron":{"countryName":"South Africa","stateName":"Free State","name":"Zastron","lat":-30.30225,"lon":27.08395,"geocoding":{},"distantMaxMiles":5}}},"Gauteng":{"countryName":"South Africa","name":"Gauteng","isoCode":"GP","lat":-26.2707593,"lon":28.1122679,"geocoding":{},"distantMaxMiles":5,"cities":{"Alberton":{"countryName":"South Africa","stateName":"Gauteng","name":"Alberton","lat":-26.26786,"lon":28.12225,"geocoding":{},"distantMaxMiles":5},"Benoni":{"countryName":"South Africa","stateName":"Gauteng","name":"Benoni","lat":-26.18848,"lon":28.32078,"geocoding":{},"distantMaxMiles":5},"Boksburg":{"countryName":"South Africa","stateName":"Gauteng","name":"Boksburg","lat":-26.21197,"lon":28.25958,"geocoding":{},"distantMaxMiles":5},"Brakpan":{"countryName":"South Africa","stateName":"Gauteng","name":"Brakpan","lat":-26.23656,"lon":28.36938,"geocoding":{},"distantMaxMiles":5},"Bronkhorstspruit":{"countryName":"South Africa","stateName":"Gauteng","name":"Bronkhorstspruit","lat":-25.81015,"lon":28.74248,"geocoding":{},"distantMaxMiles":5},"Carletonville":{"countryName":"South Africa","stateName":"Gauteng","name":"Carletonville","lat":-26.36094,"lon":27.39767,"geocoding":{},"distantMaxMiles":5},"Centurion":{"countryName":"South Africa","stateName":"Gauteng","name":"Centurion","lat":-25.85891,"lon":28.18577,"geocoding":{},"distantMaxMiles":5},"City of Johannesburg Metropolitan Municipality":{"countryName":"South Africa","stateName":"Gauteng","name":"City of Johannesburg Metropolitan Municipality","lat":-26.17673,"lon":27.96353,"geocoding":{},"distantMaxMiles":5},"City of Tshwane Metropolitan Municipality":{"countryName":"South Africa","stateName":"Gauteng","name":"City of Tshwane Metropolitan Municipality","lat":-25.65985,"lon":28.44343,"geocoding":{},"distantMaxMiles":5},"Cullinan":{"countryName":"South Africa","stateName":"Gauteng","name":"Cullinan","lat":-25.67088,"lon":28.52364,"geocoding":{},"distantMaxMiles":5},"Diepsloot":{"countryName":"South Africa","stateName":"Gauteng","name":"Diepsloot","lat":-25.93312,"lon":28.01213,"geocoding":{},"distantMaxMiles":5},"Eastleigh":{"countryName":"South Africa","stateName":"Gauteng","name":"Eastleigh","lat":-26.12965,"lon":28.15541,"geocoding":{},"distantMaxMiles":5},"Eden Glen":{"countryName":"South Africa","stateName":"Gauteng","name":"Eden Glen","lat":-26.1323,"lon":28.16859,"geocoding":{},"distantMaxMiles":5},"Eden Glen Ext 60":{"countryName":"South Africa","stateName":"Gauteng","name":"Eden Glen Ext 60","lat":-26.12593,"lon":28.165,"geocoding":{},"distantMaxMiles":5},"Edenvale":{"countryName":"South Africa","stateName":"Gauteng","name":"Edenvale","lat":-26.14095,"lon":28.15247,"geocoding":{},"distantMaxMiles":5},"Ekangala":{"countryName":"South Africa","stateName":"Gauteng","name":"Ekangala","lat":-25.69619,"lon":28.74918,"geocoding":{},"distantMaxMiles":5},"Ekurhuleni Metropolitan Municipality":{"countryName":"South Africa","stateName":"Gauteng","name":"Ekurhuleni Metropolitan Municipality","lat":-26.1989,"lon":28.31262,"geocoding":{},"distantMaxMiles":5},"Heidelberg":{"countryName":"South Africa","stateName":"Gauteng","name":"Heidelberg","lat":-26.50476,"lon":28.35921,"geocoding":{},"distantMaxMiles":5},"Johannesburg":{"countryName":"South Africa","stateName":"Gauteng","name":"Johannesburg","lat":-26.20227,"lon":28.04363,"geocoding":{},"distantMaxMiles":5},"Krugersdorp":{"countryName":"South Africa","stateName":"Gauteng","name":"Krugersdorp","lat":-26.08577,"lon":27.77515,"geocoding":{},"distantMaxMiles":5},"Mabopane":{"countryName":"South Africa","stateName":"Gauteng","name":"Mabopane","lat":-25.49768,"lon":28.10065,"geocoding":{},"distantMaxMiles":5},"Midrand":{"countryName":"South Africa","stateName":"Gauteng","name":"Midrand","lat":-25.98953,"lon":28.12843,"geocoding":{},"distantMaxMiles":5},"Midstream":{"countryName":"South Africa","stateName":"Gauteng","name":"Midstream","lat":-25.91849,"lon":28.19881,"geocoding":{},"distantMaxMiles":5},"Modderfontein":{"countryName":"South Africa","stateName":"Gauteng","name":"Modderfontein","lat":-26.08909,"lon":28.16534,"geocoding":{},"distantMaxMiles":5},"Muldersdriseloop":{"countryName":"South Africa","stateName":"Gauteng","name":"Muldersdriseloop","lat":-26.03673,"lon":27.83798,"geocoding":{},"distantMaxMiles":5},"Nigel":{"countryName":"South Africa","stateName":"Gauteng","name":"Nigel","lat":-26.43138,"lon":28.47713,"geocoding":{},"distantMaxMiles":5},"Orange Farm":{"countryName":"South Africa","stateName":"Gauteng","name":"Orange Farm","lat":-26.48333,"lon":27.86667,"geocoding":{},"distantMaxMiles":5},"Pretoria":{"countryName":"South Africa","stateName":"Gauteng","name":"Pretoria","lat":-25.74486,"lon":28.18783,"geocoding":{},"distantMaxMiles":5},"Randburg":{"countryName":"South Africa","stateName":"Gauteng","name":"Randburg","lat":-26.0941,"lon":28.00123,"geocoding":{},"distantMaxMiles":5},"Randfontein":{"countryName":"South Africa","stateName":"Gauteng","name":"Randfontein","lat":-26.1844,"lon":27.70203,"geocoding":{},"distantMaxMiles":5},"Roodepoort":{"countryName":"South Africa","stateName":"Gauteng","name":"Roodepoort","lat":-26.1625,"lon":27.8725,"geocoding":{},"distantMaxMiles":5},"Sedibeng District Municipality":{"countryName":"South Africa","stateName":"Gauteng","name":"Sedibeng District Municipality","lat":-26.56686,"lon":28.18277,"geocoding":{},"distantMaxMiles":5},"Soweto":{"countryName":"South Africa","stateName":"Gauteng","name":"Soweto","lat":-26.26781,"lon":27.85849,"geocoding":{},"distantMaxMiles":5},"Springs":{"countryName":"South Africa","stateName":"Gauteng","name":"Springs","lat":-26.25,"lon":28.4,"geocoding":{},"distantMaxMiles":5},"Tembisa":{"countryName":"South Africa","stateName":"Gauteng","name":"Tembisa","lat":-25.99636,"lon":28.2268,"geocoding":{},"distantMaxMiles":5},"Vanderbijlpark":{"countryName":"South Africa","stateName":"Gauteng","name":"Vanderbijlpark","lat":-26.71171,"lon":27.83795,"geocoding":{},"distantMaxMiles":5},"Vereeniging":{"countryName":"South Africa","stateName":"Gauteng","name":"Vereeniging","lat":-26.67313,"lon":27.92615,"geocoding":{},"distantMaxMiles":5},"West Rand District Municipality":{"countryName":"South Africa","stateName":"Gauteng","name":"West Rand District Municipality","lat":-26.24565,"lon":27.55538,"geocoding":{},"distantMaxMiles":5},"Westonaria":{"countryName":"South Africa","stateName":"Gauteng","name":"Westonaria","lat":-26.31905,"lon":27.6486,"geocoding":{},"distantMaxMiles":5}}},"KwaZulu-Natal":{"countryName":"South Africa","name":"KwaZulu-Natal","isoCode":"KZN","lat":-28.5305539,"lon":30.8958242,"geocoding":{},"distantMaxMiles":5,"cities":{"Amajuba District Municipality":{"countryName":"South Africa","stateName":"KwaZulu-Natal","name":"Amajuba District Municipality","lat":-27.73558,"lon":30.13537,"geocoding":{},"distantMaxMiles":5},"Ballito":{"countryName":"South Africa","stateName":"KwaZulu-Natal","name":"Ballito","lat":-29.53897,"lon":31.21439,"geocoding":{},"distantMaxMiles":5},"Berea":{"countryName":"South Africa","stateName":"KwaZulu-Natal","name":"Berea","lat":-29.85185,"lon":30.99337,"geocoding":{},"distantMaxMiles":5},"Dundee":{"countryName":"South Africa","stateName":"KwaZulu-Natal","name":"Dundee","lat":-28.16678,"lon":30.23371,"geocoding":{},"distantMaxMiles":5},"Durban":{"countryName":"South Africa","stateName":"KwaZulu-Natal","name":"Durban","lat":-29.8579,"lon":31.0292,"geocoding":{},"distantMaxMiles":5},"Ekuvukeni":{"countryName":"South Africa","stateName":"KwaZulu-Natal","name":"Ekuvukeni","lat":-28.46752,"lon":30.15513,"geocoding":{},"distantMaxMiles":5},"Empangeni":{"countryName":"South Africa","stateName":"KwaZulu-Natal","name":"Empangeni","lat":-28.76197,"lon":31.89329,"geocoding":{},"distantMaxMiles":5},"Eshowe":{"countryName":"South Africa","stateName":"KwaZulu-Natal","name":"Eshowe","lat":-28.88649,"lon":31.4699,"geocoding":{},"distantMaxMiles":5},"Glencoe":{"countryName":"South Africa","stateName":"KwaZulu-Natal","name":"Glencoe","lat":-28.17827,"lon":30.14702,"geocoding":{},"distantMaxMiles":5},"Greytown":{"countryName":"South Africa","stateName":"KwaZulu-Natal","name":"Greytown","lat":-29.06415,"lon":30.59279,"geocoding":{},"distantMaxMiles":5},"Hluhluwe":{"countryName":"South Africa","stateName":"KwaZulu-Natal","name":"Hluhluwe","lat":-28.01895,"lon":32.26762,"geocoding":{},"distantMaxMiles":5},"Howick":{"countryName":"South Africa","stateName":"KwaZulu-Natal","name":"Howick","lat":-29.47795,"lon":30.23057,"geocoding":{},"distantMaxMiles":5},"Kokstad":{"countryName":"South Africa","stateName":"KwaZulu-Natal","name":"Kokstad","lat":-30.54723,"lon":29.42412,"geocoding":{},"distantMaxMiles":5},"KwaDukuza":{"countryName":"South Africa","stateName":"KwaZulu-Natal","name":"KwaDukuza","lat":-29.32816,"lon":31.28954,"geocoding":{},"distantMaxMiles":5},"Margate":{"countryName":"South Africa","stateName":"KwaZulu-Natal","name":"Margate","lat":-30.8636,"lon":30.37052,"geocoding":{},"distantMaxMiles":5},"Mondlo":{"countryName":"South Africa","stateName":"KwaZulu-Natal","name":"Mondlo","lat":-27.98299,"lon":30.71769,"geocoding":{},"distantMaxMiles":5},"Mooirivier":{"countryName":"South Africa","stateName":"KwaZulu-Natal","name":"Mooirivier","lat":-29.20824,"lon":29.9946,"geocoding":{},"distantMaxMiles":5},"Mpophomeni":{"countryName":"South Africa","stateName":"KwaZulu-Natal","name":"Mpophomeni","lat":-29.56822,"lon":30.18618,"geocoding":{},"distantMaxMiles":5},"Mpumalanga":{"countryName":"South Africa","stateName":"KwaZulu-Natal","name":"Mpumalanga","lat":-29.81292,"lon":30.63646,"geocoding":{},"distantMaxMiles":5},"Mtubatuba":{"countryName":"South Africa","stateName":"KwaZulu-Natal","name":"Mtubatuba","lat":-28.41789,"lon":32.18483,"geocoding":{},"distantMaxMiles":5},"Ndwedwe":{"countryName":"South Africa","stateName":"KwaZulu-Natal","name":"Ndwedwe","lat":-29.51686,"lon":30.92687,"geocoding":{},"distantMaxMiles":5},"Newcastle":{"countryName":"South Africa","stateName":"KwaZulu-Natal","name":"Newcastle","lat":-27.75796,"lon":29.9318,"geocoding":{},"distantMaxMiles":5},"Pietermaritzburg":{"countryName":"South Africa","stateName":"KwaZulu-Natal","name":"Pietermaritzburg","lat":-29.61679,"lon":30.39278,"geocoding":{},"distantMaxMiles":5},"Port Shepstone":{"countryName":"South Africa","stateName":"KwaZulu-Natal","name":"Port Shepstone","lat":-30.74137,"lon":30.45499,"geocoding":{},"distantMaxMiles":5},"Richards Bay":{"countryName":"South Africa","stateName":"KwaZulu-Natal","name":"Richards Bay","lat":-28.78301,"lon":32.03768,"geocoding":{},"distantMaxMiles":5},"Richmond":{"countryName":"South Africa","stateName":"KwaZulu-Natal","name":"Richmond","lat":-29.87196,"lon":30.27235,"geocoding":{},"distantMaxMiles":5},"Scottburgh":{"countryName":"South Africa","stateName":"KwaZulu-Natal","name":"Scottburgh","lat":-30.28666,"lon":30.75316,"geocoding":{},"distantMaxMiles":5},"Sisonke District Municipality":{"countryName":"South Africa","stateName":"KwaZulu-Natal","name":"Sisonke District Municipality","lat":-30.11082,"lon":29.66009,"geocoding":{},"distantMaxMiles":5},"Sundumbili":{"countryName":"South Africa","stateName":"KwaZulu-Natal","name":"Sundumbili","lat":-29.13371,"lon":31.39752,"geocoding":{},"distantMaxMiles":5},"Ugu District Municipality":{"countryName":"South Africa","stateName":"KwaZulu-Natal","name":"Ugu District Municipality","lat":-30.54365,"lon":30.2748,"geocoding":{},"distantMaxMiles":5},"Ulundi":{"countryName":"South Africa","stateName":"KwaZulu-Natal","name":"Ulundi","lat":-28.33523,"lon":31.41617,"geocoding":{},"distantMaxMiles":5},"Utrecht":{"countryName":"South Africa","stateName":"KwaZulu-Natal","name":"Utrecht","lat":-27.65862,"lon":30.32166,"geocoding":{},"distantMaxMiles":5},"Vryheid":{"countryName":"South Africa","stateName":"KwaZulu-Natal","name":"Vryheid","lat":-27.76952,"lon":30.79165,"geocoding":{},"distantMaxMiles":5},"Zululand District Municipality":{"countryName":"South Africa","stateName":"KwaZulu-Natal","name":"Zululand District Municipality","lat":-27.81139,"lon":31.29426,"geocoding":{},"distantMaxMiles":5},"eMkhomazi":{"countryName":"South Africa","stateName":"KwaZulu-Natal","name":"eMkhomazi","lat":-30.20674,"lon":30.79776,"geocoding":{},"distantMaxMiles":5},"eSikhaleni":{"countryName":"South Africa","stateName":"KwaZulu-Natal","name":"eSikhaleni","lat":-28.87097,"lon":31.89961,"geocoding":{},"distantMaxMiles":5},"eThekwini Metropolitan Municipality":{"countryName":"South Africa","stateName":"KwaZulu-Natal","name":"eThekwini Metropolitan Municipality","lat":-29.8667,"lon":31.0167,"geocoding":{},"distantMaxMiles":5},"iLembe District Municipality":{"countryName":"South Africa","stateName":"KwaZulu-Natal","name":"iLembe District Municipality","lat":-29.27326,"lon":31.14253,"geocoding":{},"distantMaxMiles":5},"uMgungundlovu District Municipality":{"countryName":"South Africa","stateName":"KwaZulu-Natal","name":"uMgungundlovu District Municipality","lat":-29.50927,"lon":30.19838,"geocoding":{},"distantMaxMiles":5},"uMkhanyakude District Municipality":{"countryName":"South Africa","stateName":"KwaZulu-Natal","name":"uMkhanyakude District Municipality","lat":-27.62236,"lon":32.32945,"geocoding":{},"distantMaxMiles":5},"uMzinyathi District Municipality":{"countryName":"South Africa","stateName":"KwaZulu-Natal","name":"uMzinyathi District Municipality","lat":-28.5857,"lon":30.55883,"geocoding":{},"distantMaxMiles":5},"uThukela District Municipality":{"countryName":"South Africa","stateName":"KwaZulu-Natal","name":"uThukela District Municipality","lat":-28.7192,"lon":29.65799,"geocoding":{},"distantMaxMiles":5},"uThungulu District Municipality":{"countryName":"South Africa","stateName":"KwaZulu-Natal","name":"uThungulu District Municipality","lat":-28.70046,"lon":31.51527,"geocoding":{},"distantMaxMiles":5}}},"Limpopo":{"countryName":"South Africa","name":"Limpopo","isoCode":"LP","lat":-23.4012946,"lon":29.4179324,"geocoding":{},"distantMaxMiles":5,"cities":{"Bochum":{"countryName":"South Africa","stateName":"Limpopo","name":"Bochum","lat":-23.28609,"lon":29.13964,"geocoding":{},"distantMaxMiles":5},"Capricorn District Municipality":{"countryName":"South Africa","stateName":"Limpopo","name":"Capricorn District Municipality","lat":-23.48163,"lon":29.1835,"geocoding":{},"distantMaxMiles":5},"Duiwelskloof":{"countryName":"South Africa","stateName":"Limpopo","name":"Duiwelskloof","lat":-23.69339,"lon":30.14002,"geocoding":{},"distantMaxMiles":5},"Ga-Kgapane":{"countryName":"South Africa","stateName":"Limpopo","name":"Ga-Kgapane","lat":-23.64378,"lon":30.22324,"geocoding":{},"distantMaxMiles":5},"Giyani":{"countryName":"South Africa","stateName":"Limpopo","name":"Giyani","lat":-23.30246,"lon":30.71868,"geocoding":{},"distantMaxMiles":5},"Lebowakgomo":{"countryName":"South Africa","stateName":"Limpopo","name":"Lebowakgomo","lat":-24.2,"lon":29.5,"geocoding":{},"distantMaxMiles":5},"Louis Trichardt":{"countryName":"South Africa","stateName":"Limpopo","name":"Louis Trichardt","lat":-23.04385,"lon":29.90319,"geocoding":{},"distantMaxMiles":5},"Mankoeng":{"countryName":"South Africa","stateName":"Limpopo","name":"Mankoeng","lat":-23.9,"lon":29.81667,"geocoding":{},"distantMaxMiles":5},"Modimolle":{"countryName":"South Africa","stateName":"Limpopo","name":"Modimolle","lat":-24.7,"lon":28.4,"geocoding":{},"distantMaxMiles":5},"Mokopane":{"countryName":"South Africa","stateName":"Limpopo","name":"Mokopane","lat":-24.19436,"lon":29.00974,"geocoding":{},"distantMaxMiles":5},"Mopani District Municipality":{"countryName":"South Africa","stateName":"Limpopo","name":"Mopani District Municipality","lat":-23.76661,"lon":30.836,"geocoding":{},"distantMaxMiles":5},"Musina":{"countryName":"South Africa","stateName":"Limpopo","name":"Musina","lat":-22.34881,"lon":30.04074,"geocoding":{},"distantMaxMiles":5},"Nkowakowa":{"countryName":"South Africa","stateName":"Limpopo","name":"Nkowakowa","lat":-23.88782,"lon":30.28708,"geocoding":{},"distantMaxMiles":5},"Phalaborwa":{"countryName":"South Africa","stateName":"Limpopo","name":"Phalaborwa","lat":-23.94299,"lon":31.14107,"geocoding":{},"distantMaxMiles":5},"Polokwane":{"countryName":"South Africa","stateName":"Limpopo","name":"Polokwane","lat":-23.90449,"lon":29.46885,"geocoding":{},"distantMaxMiles":5},"Sekhukhune District Municipality":{"countryName":"South Africa","stateName":"Limpopo","name":"Sekhukhune District Municipality","lat":-24.82806,"lon":29.83803,"geocoding":{},"distantMaxMiles":5},"Thabazimbi":{"countryName":"South Africa","stateName":"Limpopo","name":"Thabazimbi","lat":-24.59165,"lon":27.41155,"geocoding":{},"distantMaxMiles":5},"Thohoyandou":{"countryName":"South Africa","stateName":"Limpopo","name":"Thohoyandou","lat":-22.94564,"lon":30.48497,"geocoding":{},"distantMaxMiles":5},"Thulamahashi":{"countryName":"South Africa","stateName":"Limpopo","name":"Thulamahashi","lat":-24.72459,"lon":31.19939,"geocoding":{},"distantMaxMiles":5},"Tzaneen":{"countryName":"South Africa","stateName":"Limpopo","name":"Tzaneen","lat":-23.83322,"lon":30.16351,"geocoding":{},"distantMaxMiles":5},"Vhembe District Municipality":{"countryName":"South Africa","stateName":"Limpopo","name":"Vhembe District Municipality","lat":-22.75467,"lon":30.1936,"geocoding":{},"distantMaxMiles":5},"Warmbaths":{"countryName":"South Africa","stateName":"Limpopo","name":"Warmbaths","lat":-24.88333,"lon":28.28333,"geocoding":{},"distantMaxMiles":5},"Waterberg District Municipality":{"countryName":"South Africa","stateName":"Limpopo","name":"Waterberg District Municipality","lat":-24.20514,"lon":27.9787,"geocoding":{},"distantMaxMiles":5}}},"Mpumalanga":{"countryName":"South Africa","name":"Mpumalanga","isoCode":"MP","lat":-25.565336,"lon":30.5279096,"geocoding":{},"distantMaxMiles":5,"cities":{"Balfour":{"countryName":"South Africa","stateName":"Mpumalanga","name":"Balfour","lat":-26.66331,"lon":28.59016,"geocoding":{},"distantMaxMiles":5},"Barberton":{"countryName":"South Africa","stateName":"Mpumalanga","name":"Barberton","lat":-25.78842,"lon":31.05319,"geocoding":{},"distantMaxMiles":5},"Belfast":{"countryName":"South Africa","stateName":"Mpumalanga","name":"Belfast","lat":-25.68991,"lon":30.03504,"geocoding":{},"distantMaxMiles":5},"Bethal":{"countryName":"South Africa","stateName":"Mpumalanga","name":"Bethal","lat":-26.45794,"lon":29.46553,"geocoding":{},"distantMaxMiles":5},"Breyten":{"countryName":"South Africa","stateName":"Mpumalanga","name":"Breyten","lat":-26.30176,"lon":29.98696,"geocoding":{},"distantMaxMiles":5},"Carolina":{"countryName":"South Africa","stateName":"Mpumalanga","name":"Carolina","lat":-26.06927,"lon":30.11489,"geocoding":{},"distantMaxMiles":5},"Delmas":{"countryName":"South Africa","stateName":"Mpumalanga","name":"Delmas","lat":-26.1466,"lon":28.68322,"geocoding":{},"distantMaxMiles":5},"Driefontein":{"countryName":"South Africa","stateName":"Mpumalanga","name":"Driefontein","lat":-27.0177,"lon":30.44979,"geocoding":{},"distantMaxMiles":5},"Ehlanzeni District":{"countryName":"South Africa","stateName":"Mpumalanga","name":"Ehlanzeni District","lat":-25.351,"lon":31.361,"geocoding":{},"distantMaxMiles":5},"Ermelo":{"countryName":"South Africa","stateName":"Mpumalanga","name":"Ermelo","lat":-26.53333,"lon":29.98333,"geocoding":{},"distantMaxMiles":5},"Gert Sibande District Municipality":{"countryName":"South Africa","stateName":"Mpumalanga","name":"Gert Sibande District Municipality","lat":-26.671,"lon":29.92953,"geocoding":{},"distantMaxMiles":5},"Hendrina":{"countryName":"South Africa","stateName":"Mpumalanga","name":"Hendrina","lat":-26.15881,"lon":29.71528,"geocoding":{},"distantMaxMiles":5},"Komatipoort":{"countryName":"South Africa","stateName":"Mpumalanga","name":"Komatipoort","lat":-25.43321,"lon":31.95478,"geocoding":{},"distantMaxMiles":5},"Kriel":{"countryName":"South Africa","stateName":"Mpumalanga","name":"Kriel","lat":-26.27391,"lon":29.2253,"geocoding":{},"distantMaxMiles":5},"Lydenburg":{"countryName":"South Africa","stateName":"Mpumalanga","name":"Lydenburg","lat":-25.09598,"lon":30.44393,"geocoding":{},"distantMaxMiles":5},"Middelburg":{"countryName":"South Africa","stateName":"Mpumalanga","name":"Middelburg","lat":-25.77507,"lon":29.46482,"geocoding":{},"distantMaxMiles":5},"Nelspruit":{"countryName":"South Africa","stateName":"Mpumalanga","name":"Nelspruit","lat":-25.47448,"lon":30.97033,"geocoding":{},"distantMaxMiles":5},"Nkangala District Municipality":{"countryName":"South Africa","stateName":"Mpumalanga","name":"Nkangala District Municipality","lat":-25.71222,"lon":29.42431,"geocoding":{},"distantMaxMiles":5},"Piet Retief":{"countryName":"South Africa","stateName":"Mpumalanga","name":"Piet Retief","lat":-27.00706,"lon":30.81323,"geocoding":{},"distantMaxMiles":5},"Secunda":{"countryName":"South Africa","stateName":"Mpumalanga","name":"Secunda","lat":-26.55,"lon":29.16667,"geocoding":{},"distantMaxMiles":5},"Siyabuswa":{"countryName":"South Africa","stateName":"Mpumalanga","name":"Siyabuswa","lat":-25.11319,"lon":29.04454,"geocoding":{},"distantMaxMiles":5},"Standerton":{"countryName":"South Africa","stateName":"Mpumalanga","name":"Standerton","lat":-26.93366,"lon":29.24152,"geocoding":{},"distantMaxMiles":5},"Volksrust":{"countryName":"South Africa","stateName":"Mpumalanga","name":"Volksrust","lat":-27.36541,"lon":29.88175,"geocoding":{},"distantMaxMiles":5},"White River":{"countryName":"South Africa","stateName":"Mpumalanga","name":"White River","lat":-25.33177,"lon":31.01166,"geocoding":{},"distantMaxMiles":5},"Witbank":{"countryName":"South Africa","stateName":"Mpumalanga","name":"Witbank","lat":-25.87133,"lon":29.23323,"geocoding":{},"distantMaxMiles":5},"eMbalenhle":{"countryName":"South Africa","stateName":"Mpumalanga","name":"eMbalenhle","lat":-26.53333,"lon":29.06667,"geocoding":{},"distantMaxMiles":5}}},"North West":{"countryName":"South Africa","name":"North West","isoCode":"NW","lat":32.758852,"lon":-97.328806,"geocoding":{},"distantMaxMiles":5,"cities":{"Bloemhof":{"countryName":"South Africa","stateName":"North West","name":"Bloemhof","lat":-27.64685,"lon":25.60697,"geocoding":{},"distantMaxMiles":5},"Bojanala Platinum District Municipality":{"countryName":"South Africa","stateName":"North West","name":"Bojanala Platinum District Municipality","lat":-25.42612,"lon":27.2243,"geocoding":{},"distantMaxMiles":5},"Brits":{"countryName":"South Africa","stateName":"North West","name":"Brits","lat":-25.63473,"lon":27.78022,"geocoding":{},"distantMaxMiles":5},"Christiana":{"countryName":"South Africa","stateName":"North West","name":"Christiana","lat":-27.91402,"lon":25.16111,"geocoding":{},"distantMaxMiles":5},"Dr Kenneth Kaunda District Municipality":{"countryName":"South Africa","stateName":"North West","name":"Dr Kenneth Kaunda District Municipality","lat":-26.80678,"lon":26.56926,"geocoding":{},"distantMaxMiles":5},"Dr Ruth Segomotsi Mompati District Municipality":{"countryName":"South Africa","stateName":"North West","name":"Dr Ruth Segomotsi Mompati District Municipality","lat":-26.63765,"lon":24.27462,"geocoding":{},"distantMaxMiles":5},"Fochville":{"countryName":"South Africa","stateName":"North West","name":"Fochville","lat":-26.48862,"lon":27.49387,"geocoding":{},"distantMaxMiles":5},"Ga-Rankuwa":{"countryName":"South Africa","stateName":"North West","name":"Ga-Rankuwa","lat":-25.61692,"lon":27.99471,"geocoding":{},"distantMaxMiles":5},"Jan Kempdorp":{"countryName":"South Africa","stateName":"North West","name":"Jan Kempdorp","lat":-27.92246,"lon":24.83051,"geocoding":{},"distantMaxMiles":5},"Klerksdorp":{"countryName":"South Africa","stateName":"North West","name":"Klerksdorp","lat":-26.85213,"lon":26.66672,"geocoding":{},"distantMaxMiles":5},"Koster":{"countryName":"South Africa","stateName":"North West","name":"Koster","lat":-25.86301,"lon":26.89756,"geocoding":{},"distantMaxMiles":5},"Lichtenburg":{"countryName":"South Africa","stateName":"North West","name":"Lichtenburg","lat":-26.152,"lon":26.15968,"geocoding":{},"distantMaxMiles":5},"Mahikeng":{"countryName":"South Africa","stateName":"North West","name":"Mahikeng","lat":-25.86522,"lon":25.64421,"geocoding":{},"distantMaxMiles":5},"Maile":{"countryName":"South Africa","stateName":"North West","name":"Maile","lat":-25.44152,"lon":27.28165,"geocoding":{},"distantMaxMiles":5},"Mmabatho":{"countryName":"South Africa","stateName":"North West","name":"Mmabatho","lat":-25.85,"lon":25.63333,"geocoding":{},"distantMaxMiles":5},"Ngaka Modiri Molema District Municipality":{"countryName":"South Africa","stateName":"North West","name":"Ngaka Modiri Molema District Municipality","lat":-25.95559,"lon":25.80782,"geocoding":{},"distantMaxMiles":5},"Orkney":{"countryName":"South Africa","stateName":"North West","name":"Orkney","lat":-26.98023,"lon":26.67272,"geocoding":{},"distantMaxMiles":5},"Potchefstroom":{"countryName":"South Africa","stateName":"North West","name":"Potchefstroom","lat":-26.71667,"lon":27.1,"geocoding":{},"distantMaxMiles":5},"Rustenburg":{"countryName":"South Africa","stateName":"North West","name":"Rustenburg","lat":-25.66756,"lon":27.24208,"geocoding":{},"distantMaxMiles":5},"Schweizer-Reneke":{"countryName":"South Africa","stateName":"North West","name":"Schweizer-Reneke","lat":-27.18871,"lon":25.32931,"geocoding":{},"distantMaxMiles":5},"Stilfontein":{"countryName":"South Africa","stateName":"North West","name":"Stilfontein","lat":-26.84493,"lon":26.76829,"geocoding":{},"distantMaxMiles":5},"Vryburg":{"countryName":"South Africa","stateName":"North West","name":"Vryburg","lat":-26.95659,"lon":24.7284,"geocoding":{},"distantMaxMiles":5},"Wolmaransstad":{"countryName":"South Africa","stateName":"North West","name":"Wolmaransstad","lat":-27.1974,"lon":25.98311,"geocoding":{},"distantMaxMiles":5},"Zeerust":{"countryName":"South Africa","stateName":"North West","name":"Zeerust","lat":-25.53695,"lon":26.07512,"geocoding":{},"distantMaxMiles":5}}},"Northern Cape":{"countryName":"South Africa","name":"Northern Cape","isoCode":"NC","lat":-29.0466808,"lon":21.8568586,"geocoding":{},"distantMaxMiles":5,"cities":{"Barkly West":{"countryName":"South Africa","stateName":"Northern Cape","name":"Barkly West","lat":-28.53537,"lon":24.52151,"geocoding":{},"distantMaxMiles":5},"Brandvlei":{"countryName":"South Africa","stateName":"Northern Cape","name":"Brandvlei","lat":-30.46532,"lon":20.48659,"geocoding":{},"distantMaxMiles":5},"Calvinia":{"countryName":"South Africa","stateName":"Northern Cape","name":"Calvinia","lat":-31.47069,"lon":19.77601,"geocoding":{},"distantMaxMiles":5},"Carnarvon":{"countryName":"South Africa","stateName":"Northern Cape","name":"Carnarvon","lat":-30.96827,"lon":22.13303,"geocoding":{},"distantMaxMiles":5},"Colesberg":{"countryName":"South Africa","stateName":"Northern Cape","name":"Colesberg","lat":-30.71999,"lon":25.09718,"geocoding":{},"distantMaxMiles":5},"Daniëlskuil":{"countryName":"South Africa","stateName":"Northern Cape","name":"Daniëlskuil","lat":-28.18873,"lon":23.53951,"geocoding":{},"distantMaxMiles":5},"De Aar":{"countryName":"South Africa","stateName":"Northern Cape","name":"De Aar","lat":-30.64966,"lon":24.0123,"geocoding":{},"distantMaxMiles":5},"Frances Baard District Municipality":{"countryName":"South Africa","stateName":"Northern Cape","name":"Frances Baard District Municipality","lat":-28.30003,"lon":24.38188,"geocoding":{},"distantMaxMiles":5},"Fraserburg":{"countryName":"South Africa","stateName":"Northern Cape","name":"Fraserburg","lat":-31.91566,"lon":21.51335,"geocoding":{},"distantMaxMiles":5},"John Taolo Gaetsewe District Municipality":{"countryName":"South Africa","stateName":"Northern Cape","name":"John Taolo Gaetsewe District Municipality","lat":-27.04549,"lon":23.04706,"geocoding":{},"distantMaxMiles":5},"Kathu":{"countryName":"South Africa","stateName":"Northern Cape","name":"Kathu","lat":-27.69569,"lon":23.04929,"geocoding":{},"distantMaxMiles":5},"Kenhardt":{"countryName":"South Africa","stateName":"Northern Cape","name":"Kenhardt","lat":-29.34574,"lon":21.15786,"geocoding":{},"distantMaxMiles":5},"Kimberley":{"countryName":"South Africa","stateName":"Northern Cape","name":"Kimberley","lat":-28.73226,"lon":24.76232,"geocoding":{},"distantMaxMiles":5},"Kuruman":{"countryName":"South Africa","stateName":"Northern Cape","name":"Kuruman","lat":-27.4524,"lon":23.43246,"geocoding":{},"distantMaxMiles":5},"Namakwa District Municipality":{"countryName":"South Africa","stateName":"Northern Cape","name":"Namakwa District Municipality","lat":-30.53561,"lon":19.42892,"geocoding":{},"distantMaxMiles":5},"Noupoort":{"countryName":"South Africa","stateName":"Northern Cape","name":"Noupoort","lat":-31.18736,"lon":24.94991,"geocoding":{},"distantMaxMiles":5},"Orania":{"countryName":"South Africa","stateName":"Northern Cape","name":"Orania","lat":-29.81381,"lon":24.41205,"geocoding":{},"distantMaxMiles":5},"Pampierstad":{"countryName":"South Africa","stateName":"Northern Cape","name":"Pampierstad","lat":-27.78324,"lon":24.68768,"geocoding":{},"distantMaxMiles":5},"Pixley ka Seme District Municipality":{"countryName":"South Africa","stateName":"Northern Cape","name":"Pixley ka Seme District Municipality","lat":-30.2892,"lon":23.25818,"geocoding":{},"distantMaxMiles":5},"Pofadder":{"countryName":"South Africa","stateName":"Northern Cape","name":"Pofadder","lat":-29.1283,"lon":19.39492,"geocoding":{},"distantMaxMiles":5},"Postmasburg":{"countryName":"South Africa","stateName":"Northern Cape","name":"Postmasburg","lat":-28.33392,"lon":23.06541,"geocoding":{},"distantMaxMiles":5},"Prieska":{"countryName":"South Africa","stateName":"Northern Cape","name":"Prieska","lat":-29.66803,"lon":22.74251,"geocoding":{},"distantMaxMiles":5},"Ritchie":{"countryName":"South Africa","stateName":"Northern Cape","name":"Ritchie","lat":-29.03801,"lon":24.60278,"geocoding":{},"distantMaxMiles":5},"Siyanda District Municipality":{"countryName":"South Africa","stateName":"Northern Cape","name":"Siyanda District Municipality","lat":-28.00013,"lon":21.18459,"geocoding":{},"distantMaxMiles":5},"Springbok":{"countryName":"South Africa","stateName":"Northern Cape","name":"Springbok","lat":-29.66434,"lon":17.8865,"geocoding":{},"distantMaxMiles":5},"Upington":{"countryName":"South Africa","stateName":"Northern Cape","name":"Upington","lat":-28.44776,"lon":21.25612,"geocoding":{},"distantMaxMiles":5},"Van Wyksvlei":{"countryName":"South Africa","stateName":"Northern Cape","name":"Van Wyksvlei","lat":-30.35101,"lon":21.82498,"geocoding":{},"distantMaxMiles":5},"Warrenton":{"countryName":"South Africa","stateName":"Northern Cape","name":"Warrenton","lat":-28.11396,"lon":24.84753,"geocoding":{},"distantMaxMiles":5}}},"Western Cape":{"countryName":"South Africa","name":"Western Cape","isoCode":"WC","lat":-33.2277918,"lon":21.8568586,"geocoding":{},"distantMaxMiles":5,"cities":{"Albertina":{"countryName":"South Africa","stateName":"Western Cape","name":"Albertina","lat":-34.20544,"lon":21.58001,"geocoding":{},"distantMaxMiles":5},"Arniston":{"countryName":"South Africa","stateName":"Western Cape","name":"Arniston","lat":-34.66739,"lon":20.23086,"geocoding":{},"distantMaxMiles":5},"Atlantis":{"countryName":"South Africa","stateName":"Western Cape","name":"Atlantis","lat":-33.56668,"lon":18.48335,"geocoding":{},"distantMaxMiles":5},"Beaufort West":{"countryName":"South Africa","stateName":"Western Cape","name":"Beaufort West","lat":-32.35671,"lon":22.58295,"geocoding":{},"distantMaxMiles":5},"Bergvliet":{"countryName":"South Africa","stateName":"Western Cape","name":"Bergvliet","lat":-34.04746,"lon":18.4525,"geocoding":{},"distantMaxMiles":5},"Bredasdorp":{"countryName":"South Africa","stateName":"Western Cape","name":"Bredasdorp","lat":-34.53215,"lon":20.04031,"geocoding":{},"distantMaxMiles":5},"Caledon":{"countryName":"South Africa","stateName":"Western Cape","name":"Caledon","lat":-34.22997,"lon":19.4265,"geocoding":{},"distantMaxMiles":5},"Calitzdorp":{"countryName":"South Africa","stateName":"Western Cape","name":"Calitzdorp","lat":-33.52755,"lon":21.6762,"geocoding":{},"distantMaxMiles":5},"Cape Town":{"countryName":"South Africa","stateName":"Western Cape","name":"Cape Town","lat":-33.92584,"lon":18.42322,"geocoding":{},"distantMaxMiles":5},"Cape Winelands District Municipality":{"countryName":"South Africa","stateName":"Western Cape","name":"Cape Winelands District Municipality","lat":-33.32249,"lon":19.68998,"geocoding":{},"distantMaxMiles":5},"Central Karoo District Municipality":{"countryName":"South Africa","stateName":"Western Cape","name":"Central Karoo District Municipality","lat":-32.62812,"lon":22.21192,"geocoding":{},"distantMaxMiles":5},"Ceres":{"countryName":"South Africa","stateName":"Western Cape","name":"Ceres","lat":-33.36889,"lon":19.31095,"geocoding":{},"distantMaxMiles":5},"City of Cape Town":{"countryName":"South Africa","stateName":"Western Cape","name":"City of Cape Town","lat":-33.91667,"lon":18.41667,"geocoding":{},"distantMaxMiles":5},"Clanwilliam":{"countryName":"South Africa","stateName":"Western Cape","name":"Clanwilliam","lat":-32.18173,"lon":18.89217,"geocoding":{},"distantMaxMiles":5},"Claremont":{"countryName":"South Africa","stateName":"Western Cape","name":"Claremont","lat":-33.98056,"lon":18.46528,"geocoding":{},"distantMaxMiles":5},"Constantia":{"countryName":"South Africa","stateName":"Western Cape","name":"Constantia","lat":-34.03139,"lon":18.41833,"geocoding":{},"distantMaxMiles":5},"De Rust":{"countryName":"South Africa","stateName":"Western Cape","name":"De Rust","lat":-33.49035,"lon":22.53523,"geocoding":{},"distantMaxMiles":5},"Eden District Municipality":{"countryName":"South Africa","stateName":"Western Cape","name":"Eden District Municipality","lat":-33.82139,"lon":22.01263,"geocoding":{},"distantMaxMiles":5},"George":{"countryName":"South Africa","stateName":"Western Cape","name":"George","lat":-33.963,"lon":22.46173,"geocoding":{},"distantMaxMiles":5},"Grabouw":{"countryName":"South Africa","stateName":"Western Cape","name":"Grabouw","lat":-34.15152,"lon":19.01509,"geocoding":{},"distantMaxMiles":5},"Hardys Memories of Africa":{"countryName":"South Africa","stateName":"Western Cape","name":"Hardys Memories of Africa","lat":-33.90539,"lon":20.7169,"geocoding":{},"distantMaxMiles":5},"Hermanus":{"countryName":"South Africa","stateName":"Western Cape","name":"Hermanus","lat":-34.4187,"lon":19.23446,"geocoding":{},"distantMaxMiles":5},"Knysna":{"countryName":"South Africa","stateName":"Western Cape","name":"Knysna","lat":-34.03627,"lon":23.04713,"geocoding":{},"distantMaxMiles":5},"Kraaifontein":{"countryName":"South Africa","stateName":"Western Cape","name":"Kraaifontein","lat":-33.84808,"lon":18.71723,"geocoding":{},"distantMaxMiles":5},"Ladismith":{"countryName":"South Africa","stateName":"Western Cape","name":"Ladismith","lat":-33.49331,"lon":21.26755,"geocoding":{},"distantMaxMiles":5},"Lansdowne":{"countryName":"South Africa","stateName":"Western Cape","name":"Lansdowne","lat":-33.98735,"lon":18.49746,"geocoding":{},"distantMaxMiles":5},"Malmesbury":{"countryName":"South Africa","stateName":"Western Cape","name":"Malmesbury","lat":-33.4608,"lon":18.72714,"geocoding":{},"distantMaxMiles":5},"Montagu":{"countryName":"South Africa","stateName":"Western Cape","name":"Montagu","lat":-33.78664,"lon":20.12106,"geocoding":{},"distantMaxMiles":5},"Moorreesburg":{"countryName":"South Africa","stateName":"Western Cape","name":"Moorreesburg","lat":-33.15388,"lon":18.66031,"geocoding":{},"distantMaxMiles":5},"Mossel Bay":{"countryName":"South Africa","stateName":"Western Cape","name":"Mossel Bay","lat":-34.18307,"lon":22.14605,"geocoding":{},"distantMaxMiles":5},"Newlands":{"countryName":"South Africa","stateName":"Western Cape","name":"Newlands","lat":-33.97846,"lon":18.4481,"geocoding":{},"distantMaxMiles":5},"Oudtshoorn":{"countryName":"South Africa","stateName":"Western Cape","name":"Oudtshoorn","lat":-33.60047,"lon":22.19955,"geocoding":{},"distantMaxMiles":5},"Overberg District Municipality":{"countryName":"South Africa","stateName":"Western Cape","name":"Overberg District Municipality","lat":-34.26131,"lon":19.93985,"geocoding":{},"distantMaxMiles":5},"Paarl":{"countryName":"South Africa","stateName":"Western Cape","name":"Paarl","lat":-33.73378,"lon":18.97523,"geocoding":{},"distantMaxMiles":5},"Piketberg":{"countryName":"South Africa","stateName":"Western Cape","name":"Piketberg","lat":-32.90323,"lon":18.75704,"geocoding":{},"distantMaxMiles":5},"Plettenberg Bay":{"countryName":"South Africa","stateName":"Western Cape","name":"Plettenberg Bay","lat":-34.05274,"lon":23.3716,"geocoding":{},"distantMaxMiles":5},"Prince Albert":{"countryName":"South Africa","stateName":"Western Cape","name":"Prince Albert","lat":-33.22476,"lon":22.02673,"geocoding":{},"distantMaxMiles":5},"Retreat":{"countryName":"South Africa","stateName":"Western Cape","name":"Retreat","lat":-34.05515,"lon":18.47617,"geocoding":{},"distantMaxMiles":5},"Riversdale":{"countryName":"South Africa","stateName":"Western Cape","name":"Riversdale","lat":-34.09345,"lon":21.25725,"geocoding":{},"distantMaxMiles":5},"Robertson":{"countryName":"South Africa","stateName":"Western Cape","name":"Robertson","lat":-33.80342,"lon":19.88537,"geocoding":{},"distantMaxMiles":5},"Rondebosch":{"countryName":"South Africa","stateName":"Western Cape","name":"Rondebosch","lat":-33.96333,"lon":18.47639,"geocoding":{},"distantMaxMiles":5},"Rosebank":{"countryName":"South Africa","stateName":"Western Cape","name":"Rosebank","lat":-33.95556,"lon":18.47417,"geocoding":{},"distantMaxMiles":5},"Saldanha":{"countryName":"South Africa","stateName":"Western Cape","name":"Saldanha","lat":-33.01167,"lon":17.9442,"geocoding":{},"distantMaxMiles":5},"Stellenbosch":{"countryName":"South Africa","stateName":"Western Cape","name":"Stellenbosch","lat":-33.93462,"lon":18.86676,"geocoding":{},"distantMaxMiles":5},"Sunset Beach":{"countryName":"South Africa","stateName":"Western Cape","name":"Sunset Beach","lat":-33.85395,"lon":18.49231,"geocoding":{},"distantMaxMiles":5},"Swellendam":{"countryName":"South Africa","stateName":"Western Cape","name":"Swellendam","lat":-34.02262,"lon":20.44171,"geocoding":{},"distantMaxMiles":5},"Vredenburg":{"countryName":"South Africa","stateName":"Western Cape","name":"Vredenburg","lat":-32.90719,"lon":17.98997,"geocoding":{},"distantMaxMiles":5},"Vredendal":{"countryName":"South Africa","stateName":"Western Cape","name":"Vredendal","lat":-31.66833,"lon":18.50119,"geocoding":{},"distantMaxMiles":5},"Wellington":{"countryName":"South Africa","stateName":"Western Cape","name":"Wellington","lat":-33.63981,"lon":19.0112,"geocoding":{},"distantMaxMiles":5},"West Coast District Municipality":{"countryName":"South Africa","stateName":"Western Cape","name":"West Coast District Municipality","lat":-32.09506,"lon":18.62695,"geocoding":{},"distantMaxMiles":5},"Worcester":{"countryName":"South Africa","stateName":"Western Cape","name":"Worcester","lat":-33.64651,"lon":19.44852,"geocoding":{},"distantMaxMiles":5},"Zoar":{"countryName":"South Africa","stateName":"Western Cape","name":"Zoar","lat":-33.4956,"lon":21.44373,"geocoding":{},"distantMaxMiles":5}}}}}